# SCOWL rarity tier for scowl-60: smallest SCOWL size each word appears at (lower = more common; generated by scripts/build_wordlist.py)
a	35
aah	60
aardvark	35
aardvarks	50
aback	35
abacus	35
abacuses	35
abaft	50
abalone	50
abalones	50
abandon	35
abandoned	35
abandoning	35
abandonment	35
abandons	35
abase	50
abased	50
abasement	50
abases	50
abash	50
abashed	40
abashedly	60
abashes	50
abashing	50
abashment	60
abasing	50
abate	35
abated	35
abatement	50
abates	35
abating	35
abattoir	50
abattoirs	50
abbe	50
abbes	50
abbess	50
abbesses	50
abbey	35
abbeys	35
abbot	35
abbots	35
abbreviate	35
abbreviated	35
abbreviates	35
abbreviating	35
abbreviation	35
abbreviations	35
abdicate	35
abdicated	35
abdicates	35
abdicating	35
abdication	35
abdications	35
abdomen	35
abdomens	35
abdominal	35
abduct	35
abducted	35
abductee	50
abductees	50
abducting	35
abduction	40
abductions	40
abductor	50
abductors	50
abducts	35
abeam	50
abed	50
aberrant	50
aberration	35
aberrational	60
aberrations	35
abet	35
abets	35
abetted	35
abetting	35
abettor	50
abettors	50
abeyance	50
abhor	35
abhorred	35
abhorrence	35
abhorrent	35
abhorrently	60
abhorring	35
abhors	35
abidance	60
abide	35
abides	35
abiding	35
abidingly	60
abilities	35
ability	35
abject	35
abjection	60
abjectly	50
abjectness	60
abjuration	50
abjurations	50
abjuratory	60
abjure	50
abjured	50
abjurer	60
abjurers	60
abjures	50
abjuring	50
ablate	60
ablated	60
ablates	60
ablating	60
ablation	60
ablations	60
ablative	50
ablatives	50
ablaze	35
able	35
abler	35
ablest	35
abloom	50
ablution	50
ablutions	50
ably	35
abnegate	50
abnegated	50
abnegates	50
abnegating	50
abnegation	50
abnormal	35
abnormalities	35
abnormality	35
abnormally	35
aboard	35
abode	35
abodes	35
abolish	35
abolished	35
abolishes	35
abolishing	35
abolition	35
abolitionism	60
abolitionist	40
abolitionists	40
abominable	35
abominably	50
abominate	50
abominated	50
abominates	50
abominating	50
abomination	35
abominations	50
aboriginal	35
aboriginals	40
aborigine	35
aborigines	35
aborning	60
abort	35
aborted	35
aborting	35
abortion	35
abortionist	50
abortionists	50
abortions	35
abortive	35
abortively	60
aborts	35
abound	35
abounded	35
abounding	35
abounds	35
about	35
above	35
aboveboard	35
aboveground	60
abracadabra	50
abrade	50
abraded	50
abrades	50
abrading	50
abrasion	50
abrasions	50
abrasive	35
abrasively	40
abrasiveness	50
abrasives	35
abreast	35
abridge	35
abridged	35
abridges	35
abridging	35
abridgment	40
abridgments	40
abroad	35
abrogate	50
abrogated	50
abrogates	50
abrogating	50
abrogation	50
abrogations	50
abrogator	60
abrogators	60
abrupt	35
abrupter	35
abruptest	35
abruptly	35
abruptness	40
abs	60
abscess	35
abscessed	35
abscesses	35
abscessing	35
abscissa	50
abscissas	50
abscission	60
abscond	35
absconded	35
absconder	60
absconders	60
absconding	35
absconds	35
abseil	60
abseiled	60
abseiling	60
abseils	60
absence	35
absences	35
absent	35
absented	35
absentee	35
absenteeism	40
absentees	35
absenting	35
absently	40
absentminded	40
absentmindedly	40
absentmindedness	40
absents	35
absinthe	50
absolute	35
absolutely	35
absoluteness	60
absolutes	35
absolutest	35
absolution	50
absolutism	50
absolutist	60
absolutists	60
absolve	35
absolved	35
absolves	35
absolving	35
absorb	35
absorbance	60
absorbed	35
absorbency	50
absorbent	35
absorbents	35
absorber	60
absorbers	60
absorbing	35
absorbingly	60
absorbs	35
absorption	35
absorptive	60
abstain	35
abstained	35
abstainer	50
abstainers	50
abstaining	35
abstains	35
abstemious	50
abstemiously	60
abstemiousness	60
abstention	35
abstentions	35
abstinence	35
abstinent	40
abstract	35
abstracted	35
abstractedly	50
abstractedness	60
abstracting	35
abstraction	35
abstractions	35
abstractly	50
abstractness	50
abstractnesses	50
abstracts	35
abstruse	35
abstrusely	50
abstruseness	50
absurd	35
absurder	35
absurdest	35
absurdist	60
absurdists	60
absurdities	35
absurdity	35
absurdly	35
absurdness	60
abundance	35
abundances	35
abundant	35
abundantly	35
abuse	35
abused	35
abuser	50
abusers	35
abuses	35
abusing	35
abusive	35
abusively	50
abusiveness	50
abut	50
abutment	50
abutments	50
abuts	50
abutted	50
abutting	50
abuzz	50
abysmal	35
abysmally	40
abyss	35
abyssal	60
abysses	35
acacia	50
acacias	50
academe	60
academia	60
academic	35
academical	50
academically	35
academician	50
academicians	50
academics	35
academies	35
academy	35
acanthus	50
acanthuses	50
accede	35
acceded	35
accedes	35
acceding	35
accelerate	35
accelerated	35
accelerates	35
accelerating	35
acceleration	35
accelerations	35
accelerator	35
accelerators	35
accelerometer	60
accelerometers	60
accent	35
accented	35
accenting	35
accents	35
accentual	60
accentuate	35
accentuated	35
accentuates	35
accentuating	35
accentuation	50
accept	35
acceptability	35
acceptable	35
acceptableness	60
acceptably	35
acceptance	35
acceptances	35
acceptation	60
acceptations	60
accepted	35
accepting	35
accepts	35
access	35
accessed	35
accesses	35
accessibility	35
accessible	35
accessibly	50
accessing	35
accession	50
accessions	50
accessories	35
accessorize	60
accessorized	60
accessorizes	60
accessorizing	60
accessory	35
accident	35
accidental	35
accidentally	35
accidentals	35
accidents	35
acclaim	35
acclaimed	35
acclaiming	35
acclaims	35
acclamation	50
acclamations	50
acclimate	35
acclimated	35
acclimates	35
acclimating	35
acclimation	40
acclimatization	50
acclimatize	35
acclimatized	35
acclimatizes	35
acclimatizing	35
acclivities	60
acclivity	60
accolade	35
accolades	35
accommodate	35
accommodated	35
accommodates	35
accommodating	35
accommodatingly	60
accommodation	35
accommodations	35
accompanied	35
accompanies	35
accompaniment	35
accompaniments	35
accompanist	35
accompanists	35
accompany	35
accompanying	35
accomplice	35
accomplices	35
accomplish	35
accomplished	35
accomplishes	35
accomplishing	35
accomplishment	35
accomplishments	35
accord	35
accordance	35
accordant	60
accorded	35
according	35
accordingly	35
accordion	35
accordionist	60
accordionists	60
accordions	35
accords	35
accost	35
accosted	35
accosting	35
accosts	35
account	35
accountability	35
accountable	35
accountancy	35
accountant	35
accountants	35
accounted	35
accounting	35
accounts	35
accouter	60
accoutered	60
accoutering	60
accouterments	50
accouters	60
accredit	50
accreditation	40
accredited	40
accrediting	50
accredits	50
accretion	50
accretions	50
accrual	50
accruals	50
accrue	35
accrued	35
accrues	35
accruing	35
acculturate	60
acculturated	60
acculturates	60
acculturating	60
acculturation	50
accumulate	35
accumulated	35
accumulates	35
accumulating	35
accumulation	35
accumulations	35
accumulative	50
accumulator	50
accumulators	60
accuracies	35
accuracy	35
accurate	35
accurately	35
accurateness	50
accursed	50
accursedness	60
accusation	35
accusations	35
accusative	50
accusatives	50
accusatory	50
accuse	35
accused	35
accuser	35
accusers	35
accuses	35
accusing	35
accusingly	40
accustom	35
accustomed	35
accustoming	35
accustoms	35
ace	35
aced	35
acerbate	60
acerbated	60
acerbates	60
acerbating	60
acerbic	40
acerbically	60
acerbity	50
aces	35
acetaminophen	50
acetate	50
acetates	50
acetic	50
acetone	50
acetonic	60
acetyl	60
acetylene	50
ache	35
ached	35
achene	60
achenes	60
aches	35
achier	40
achiest	40
achievable	35
achieve	35
achieved	35
achievement	35
achievements	35
achiever	40
achievers	40
achieves	35
achieving	35
aching	35
achingly	60
achoo	50
achromatic	50
achy	40
acid	35
acidic	40
acidification	60
acidified	50
acidifies	50
acidify	50
acidifying	50
acidity	35
acidly	50
acidosis	60
acids	35
acidulous	50
acing	35
acknowledge	35
acknowledged	35
acknowledges	35
acknowledging	35
acknowledgment	35
acknowledgments	35
acme	50
acmes	50
acne	35
acolyte	50
acolytes	50
aconite	50
aconites	50
acorn	35
acorns	35
acoustic	35
acoustical	50
acoustically	50
acoustics	35
acquaint	35
acquaintance	35
acquaintances	35
acquaintanceship	60
acquainted	35
acquainting	35
acquaints	35
acquiesce	35
acquiesced	35
acquiescence	35
acquiescent	50
acquiescently	60
acquiesces	35
acquiescing	35
acquirable	50
acquire	35
acquired	35
acquirement	50
acquirer	60
acquirers	60
acquires	35
acquiring	35
acquisition	35
acquisitions	35
acquisitive	50
acquisitively	60
acquisitiveness	50
acquit	35
acquits	35
acquittal	35
acquittals	35
acquitted	35
acquitting	35
acre	35
acreage	35
acreages	35
acres	35
acrid	35
acrider	35
acridest	35
acridity	60
acridly	60
acridness	60
acrimonious	35
acrimoniously	60
acrimoniousness	60
acrimony	35
acrobat	35
acrobatic	35
acrobatically	60
acrobatics	35
acrobats	35
acronym	35
acronyms	35
acrophobia	60
acropolis	60
acropolises	60
across	35
acrostic	50
acrostics	50
acrylamide	60
acrylic	35
acrylics	35
act	35
acted	35
acting	35
actinium	50
action	35
actionable	50
actions	35
activate	35
activated	35
activates	35
activating	35
activation	40
activator	60
activators	60
active	35
actively	35
activeness	60
actives	35
activism	40
activist	35
activists	35
activities	35
activity	35
actor	35
actors	35
actress	35
actresses	35
acts	35
actual	35
actualities	35
actuality	35
actualization	40
actualize	50
actualized	50
actualizes	50
actualizing	50
actually	35
actuarial	50
actuaries	50
actuary	35
actuate	50
actuated	50
actuates	50
actuating	50
actuation	60
actuator	50
actuators	50
acuity	50
acumen	35
acupressure	60
acupuncture	35
acupuncturist	50
acupuncturists	50
acute	35
acutely	35
acuteness	50
acuter	35
acutes	35
acutest	35
acyclovir	60
acyl	60
ad	35
adage	35
adages	35
adagio	50
adagios	50
adamant	35
adamantly	40
adapt	35
adaptability	50
adaptable	35
adaptation	35
adaptations	35
adapted	35
adapter	35
adapters	40
adapting	35
adaption	60
adaptions	60
adaptive	35
adapts	35
add	35
addable	60
added	35
addend	50
addenda	50
addends	50
addendum	35
adder	50
adders	50
addict	35
addicted	35
addicting	35
addiction	35
addictions	35
addictive	35
addicts	35
adding	35
addition	35
additional	35
additionally	35
additions	35
additive	35
additives	35
addle	50
addled	50
addles	50
addling	50
address	35
addressable	50
addressed	35
addressee	35
addressees	35
addresses	35
addressing	35
adds	35
adduce	50
adduced	50
adduces	50
adducing	50
adenine	60
adenocarcinoma	60
adenocarcinomas	60
adenoid	60
adenoidal	50
adenoids	50
adept	35
adeptly	40
adeptness	50
adepts	35
adequacy	40
adequate	35
adequately	35
adequateness	60
adhere	35
adhered	35
adherence	35
adherent	35
adherents	35
adheres	35
adhering	35
adhesion	35
adhesive	35
adhesiveness	60
adhesives	35
adiabatic	50
adieu	50
adieus	50
adios	50
adipose	50
adjacency	60
adjacent	35
adjacently	50
adjectival	40
adjectivally	50
adjective	35
adjectives	35
adjoin	35
adjoined	35
adjoining	35
adjoins	35
adjourn	35
adjourned	35
adjourning	35
adjournment	35
adjournments	35
adjourns	35
adjudge	50
adjudged	50
adjudges	50
adjudging	50
adjudicate	40
adjudicated	40
adjudicates	40
adjudicating	40
adjudication	50
adjudications	50
adjudicative	60
adjudicator	40
adjudicators	40
adjudicatory	60
adjunct	35
adjuncts	35
adjuration	50
adjurations	50
adjure	50
adjured	50
adjures	50
adjuring	50
adjust	35
adjustability	60
adjustable	35
adjusted	35
adjuster	50
adjusters	50
adjusting	35
adjustment	35
adjustments	35
adjusts	35
adjutant	50
adjutants	50
adman	50
admen	50
admin	60
administer	35
administered	35
administering	35
administers	35
administrate	50
administrated	50
administrates	50
administrating	50
administration	35
administrations	35
administrative	35
administratively	50
administrator	35
administrators	35
admirable	35
admirably	35
admiral	35
admirals	35
admiralty	50
admiration	35
admire	35
admired	35
admirer	35
admirers	35
admires	35
admiring	35
admiringly	40
admissibility	50
admissible	35
admissibly	60
admission	35
admissions	35
admit	35
admits	35
admittance	35
admitted	35
admittedly	35
admitting	35
admix	60
admixed	60
admixes	60
admixing	60
admixture	50
admixtures	50
admonish	35
admonished	35
admonishes	35
admonishing	35
admonishment	50
admonishments	50
admonition	35
admonitions	35
admonitory	50
ado	35
adobe	35
adobes	35
adobo	60
adolescence	35
adolescences	35
adolescent	35
adolescents	35
adopt	35
adoptable	60
adopted	35
adoptee	60
adoptees	60
adopter	60
adopters	60
adopting	35
adoption	35
adoptions	35
adoptive	40
adopts	35
adorable	35
adorableness	60
adorably	50
adoration	35
adore	35
adored	35
adorer	60
adorers	60
adores	35
adoring	35
adoringly	50
adorn	35
adorned	35
adorning	35
adornment	35
adornments	35
adorns	35
adrenal	50
adrenaline	40
adrenals	50
adrenergic	60
adrift	35
adroit	35
adroitly	35
adroitness	50
ads	35
adsorb	60
adsorbed	60
adsorbent	60
adsorbents	60
adsorbing	60
adsorbs	60
adsorption	60
adsorptions	60
adulate	50
adulated	50
adulates	50
adulating	50
adulation	35
adulator	60
adulators	60
adulatory	60
adult	35
adulterant	50
adulterants	50
adulterate	35
adulterated	35
adulterates	35
adulterating	35
adulteration	35
adulterer	50
adulterers	50
adulteress	50
adulteresses	50
adulteries	35
adulterous	50
adultery	35
adulthood	35
adults	35
adumbrate	50
adumbrated	50
adumbrates	50
adumbrating	50
adumbration	50
advance	35
advanced	35
advancement	35
advancements	35
advances	35
advancing	35
advantage	35
advantaged	35
advantageous	35
advantageously	50
advantages	35
advantaging	35
advent	35
adventitious	50
adventitiously	60
advents	40
adventure	35
adventured	35
adventurer	35
adventurers	35
adventures	35
adventuresome	50
adventuress	50
adventuresses	50
adventuring	35
adventurism	60
adventurist	60
adventurists	60
adventurous	35
adventurously	50
adventurousness	60
adverb	35
adverbial	35
adverbially	60
adverbials	35
adverbs	35
adversarial	50
adversaries	35
adversary	35
adverse	35
adversely	35
adverseness	60
adversities	35
adversity	35
advert	35
adverted	50
adverting	50
advertise	35
advertised	35
advertisement	35
advertisements	35
advertiser	40
advertisers	35
advertises	35
advertising	35
advertorial	60
advertorials	60
adverts	35
advice	35
advisability	50
advisable	35
advisably	60
advise	35
advised	35
advisedly	50
advisement	50
adviser	35
advisers	35
advises	35
advising	35
advisor	35
advisories	35
advisors	35
advisory	35
advocacy	40
advocate	35
advocated	35
advocates	35
advocating	35
adware	50
adze	50
adzes	50
aegis	50
aerate	50
aerated	50
aerates	50
aerating	50
aeration	50
aerator	50
aerators	50
aerial	35
aerialist	50
aerialists	50
aerially	60
aerials	35
aerie	50
aeries	50
aerobatic	60
aerobatics	50
aerobic	40
aerobically	60
aerobics	40
aerodrome	60
aerodromes	60
aerodynamic	35
aerodynamically	50
aerodynamics	35
aerogram	60
aerograms	60
aeronautic	60
aeronautical	50
aeronautics	50
aerosol	35
aerosols	35
aerospace	35
aery	60
aesthete	50
aesthetes	50
aesthetic	35
aesthetically	35
aestheticism	60
aesthetics	40
afar	35
affability	50
affable	35
affably	35
affair	35
affairs	35
affect	35
affectation	35
affectations	35
affected	35
affectedly	60
affecting	35
affectingly	60
affection	35
affectionate	35
affectionately	35
affections	35
affective	60
affects	35
afferent	60
affiance	60
affianced	60
affiances	60
affiancing	60
affidavit	35
affidavits	35
affiliate	35
affiliated	35
affiliates	35
affiliating	35
affiliation	35
affiliations	35
affine	60
affinities	35
affinity	35
affirm	35
affirmation	35
affirmations	35
affirmative	35
affirmatively	40
affirmatives	35
affirmed	35
affirming	35
affirms	35
affix	35
affixed	35
affixes	35
affixing	35
afflatus	60
afflict	35
afflicted	35
afflicting	35
affliction	35
afflictions	35
afflicts	35
affluence	35
affluent	35
affluently	50
afford	35
affordability	60
affordable	35
affordably	60
afforded	35
affording	35
affords	35
afforest	50
afforestation	50
afforested	50
afforesting	50
afforests	50
affray	50
affrays	50
affront	35
affronted	35
affronting	35
affronts	35
afghan	50
afghans	50
aficionado	50
aficionados	50
afield	35
afire	50
aflame	35
afloat	35
aflutter	50
afoot	35
aforementioned	35
aforesaid	35
aforethought	50
afoul	50
afraid	35
afresh	35
aft	50
after	35
afterbirth	50
afterbirths	50
afterburner	50
afterburners	50
aftercare	50
aftereffect	35
aftereffects	35
afterglow	50
afterglows	50
afterimage	60
afterimages	60
afterlife	35
afterlives	35
aftermarket	60
aftermarkets	60
aftermath	35
aftermaths	35
afternoon	35
afternoons	35
afters	60
aftershave	40
aftershaves	40
aftershock	40
aftershocks	40
aftertaste	50
aftertastes	50
afterthought	35
afterthoughts	35
afterward	35
afterwards	35
afterword	60
afterwords	60
again	35
against	35
agape	50
agar	50
agate	50
agates	50
agave	50
age	35
aged	35
ageism	50
ageist	60
ageists	60
ageless	50
agelessly	60
agelessness	60
agencies	35
agency	35
agenda	35
agendas	35
agenesis	60
agent	35
agents	35
ageratum	60
ages	35
agglomerate	50
agglomerated	50
agglomerates	50
agglomerating	50
agglomeration	50
agglomerations	50
agglutinate	50
agglutinated	50
agglutinates	50
agglutinating	50
agglutination	50
agglutinations	50
aggrandize	50
aggrandized	50
aggrandizement	50
aggrandizes	50
aggrandizing	50
aggravate	35
aggravated	35
aggravates	35
aggravating	35
aggravatingly	60
aggravation	35
aggravations	35
aggregate	35
aggregated	35
aggregates	35
aggregating	35
aggregation	50
aggregations	50
aggregator	60
aggregators	60
aggression	35
aggressive	35
aggressively	35
aggressiveness	35
aggressor	35
aggressors	35
aggrieve	50
aggrieved	40
aggrieves	50
aggrieving	50
aggro	60
aghast	35
agile	35
agilely	50
agility	35
aging	35
agings	40
agitate	35
agitated	35
agitates	35
agitating	35
agitation	35
agitations	35
agitator	35
agitators	35
agitprop	60
agleam	50
aglitter	50
aglow	35
agnostic	35
agnosticism	35
agnostics	35
ago	35
agog	50
agonies	35
agonist	60
agonists	60
agonize	35
agonized	35
agonizes	35
agonizing	35
agonizingly	40
agony	35
agoraphobia	60
agoraphobic	60
agoraphobics	60
agrarian	50
agrarianism	60
agrarians	50
agree	35
agreeable	35
agreeableness	60
agreeably	35
agreed	35
agreeing	35
agreement	35
agreements	35
agrees	35
agribusiness	50
agribusinesses	50
agricultural	35
agriculturalist	50
agriculturalists	50
agriculturally	60
agriculture	35
agriculturist	60
agriculturists	60
agronomic	60
agronomist	50
agronomists	50
agronomy	50
aground	35
ague	50
ah	35
aha	40
ahchoo	60
ahead	35
ahem	50
ahistorical	60
ahold	60
ahoy	35
aid	35
aide	35
aided	35
aides	35
aiding	35
aids	35
aigrette	60
aigrettes	60
aikido	60
ail	35
ailed	35
aileron	50
ailerons	50
ailing	35
ailment	35
ailments	35
ails	35
aim	35
aimed	35
aiming	35
aimless	35
aimlessly	35
aimlessness	50
aims	35
air	35
airbag	40
airbags	40
airbed	60
airbeds	60
airborne	35
airbrush	50
airbrushed	50
airbrushes	50
airbrushing	50
airbus	60
airbuses	60
aircraft	35
aircraftman	60
aircraftmen	60
aircrew	60
aircrews	60
airdrome	60
airdromes	60
airdrop	50
airdropped	50
airdropping	50
airdrops	50
aired	35
airfare	40
airfares	40
airfield	35
airfields	35
airflow	60
airfoil	50
airfoils	50
airfreight	60
airgun	50
airguns	50
airhead	50
airheads	50
airier	35
airiest	35
airily	40
airiness	50
airing	35
airings	40
airless	40
airlessness	60
airlift	50
airlifted	50
airlifting	50
airlifts	50
airline	35
airliner	35
airliners	35
airlines	35
airlock	50
airlocks	50
airmail	35
airmailed	35
airmailing	35
airmails	35
airman	50
airmen	50
airplane	35
airplanes	35
airplay	60
airport	35
airports	35
airs	35
airship	50
airships	50
airshow	60
airshows	60
airsick	50
airsickness	50
airspace	40
airspeed	60
airstrike	60
airstrikes	60
airstrip	35
airstrips	35
airtight	35
airtime	60
airwaves	40
airway	50
airways	50
airwoman	60
airwomen	60
airworthiness	60
airworthy	50
airy	35
aisle	35
aisles	35
aitch	60
aitches	60
ajar	35
akimbo	50
akin	35
alabaster	50
alack	60
alacrity	50
alarm	35
alarmed	35
alarming	35
alarmingly	35
alarmism	60
alarmist	35
alarmists	35
alarms	35
alas	35
alb	50
albacore	50
albacores	50
albatross	50
albatrosses	50
albeit	35
albinism	60
albino	35
albinos	35
albs	50
album	35
albumen	50
albumin	50
albuminous	60
albums	35
alchemist	50
alchemists	50
alchemy	50
alcohol	35
alcoholic	35
alcoholically	60
alcoholics	35
alcoholism	35
alcohols	35
alcove	35
alcoves	35
alder	50
alderman	40
aldermen	40
alders	50
alderwoman	40
alderwomen	40
ale	35
aleatory	60
alehouse	60
alehouses	60
alembic	60
alembics	60
alert	35
alerted	35
alerting	35
alertly	50
alertness	50
alerts	35
ales	35
alewife	60
alewives	60
alfalfa	40
alfresco	50
alga	50
algae	35
algal	60
algebra	35
algebraic	35
algebraically	50
algebras	35
algorithm	35
algorithmic	50
algorithms	35
alias	35
aliased	35
aliases	35
aliasing	35
alibi	35
alibied	35
alibiing	35
alibis	35
alien	35
alienable	50
alienate	35
alienated	35
alienates	35
alienating	35
alienation	35
alienist	60
alienists	60
aliens	35
alight	35
alighted	35
alighting	35
alights	35
align	35
aligned	35
aligner	60
aligners	60
aligning	35
alignment	35
alignments	35
aligns	35
alike	35
aliment	60
alimentary	50
alimented	60
alimenting	60
aliments	60
alimony	35
alive	35
aliveness	60
aliyah	60
aliyahs	60
alkali	35
alkalies	35
alkaline	35
alkalinity	50
alkalize	60
alkalized	60
alkalizes	60
alkalizing	60
alkaloid	50
alkaloids	50
alkyd	60
alkyds	60
all	35
allay	35
allayed	35
allaying	35
allays	35
allegation	35
allegations	35
allege	35
alleged	35
allegedly	35
alleges	35
allegiance	35
allegiances	35
alleging	35
allegoric	60
allegorical	35
allegorically	50
allegories	35
allegorist	60
allegorists	60
allegory	35
allegretto	60
allegrettos	60
allegro	50
allegros	50
allele	60
alleles	60
alleluia	50
alleluias	50
allergen	50
allergenic	50
allergens	50
allergic	35
allergically	60
allergies	35
allergist	50
allergists	50
allergy	35
alleviate	35
alleviated	35
alleviates	35
alleviating	35
alleviation	40
alley	35
alleys	35
alleyway	50
alleyways	50
alliance	35
alliances	35
allied	35
allies	35
alligator	35
alligators	35
allistic	60
allistics	60
alliterate	60
alliterated	60
alliterates	60
alliterating	60
alliteration	50
alliterations	50
alliterative	50
alliteratively	60
allocate	35
allocated	35
allocates	35
allocating	35
allocation	35
allocations	35
allot	35
allotment	35
allotments	35
allots	35
allotted	35
allotting	35
allover	60
allow	35
allowable	35
allowably	60
allowance	35
allowances	35
allowed	35
allowing	35
allows	35
alloy	35
alloyed	35
alloying	35
alloys	35
allspice	50
allude	35
alluded	35
alludes	35
alluding	35
allure	35
allured	35
allurement	60
allurements	60
allures	35
alluring	35
alluringly	60
allusion	35
allusions	35
allusive	50
allusively	50
allusiveness	60
alluvial	50
alluvium	50
alluviums	50
ally	35
allying	35
almanac	35
almanacs	35
almighty	35
almond	35
almonds	35
almoner	60
almoners	60
almost	35
alms	35
almshouse	60
almshouses	60
aloe	50
aloes	50
aloft	35
aloha	40
alohas	40
alone	35
along	35
alongshore	60
alongside	35
aloof	35
aloofly	60
aloofness	50
alopecia	60
aloud	35
alp	60
alpaca	50
alpacas	50
alpha	35
alphabet	35
alphabetic	35
alphabetical	35
alphabetically	35
alphabetization	60
alphabetizations	60
alphabetize	50
alphabetized	50
alphabetizer	60
alphabetizers	60
alphabetizes	50
alphabetizing	50
alphabets	35
alphanumeric	35
alphanumerical	60
alphanumerically	60
alphas	50
alpine	40
alpines	60
alps	60
already	35
alright	40
also	35
altar	35
altarpiece	60
altarpieces	60
altars	35
alter	35
alterable	35
alteration	35
alterations	35
altercation	40
altercations	40
altered	35
altering	35
alternate	35
alternated	35
alternately	35
alternates	35
alternating	35
alternation	35
alternations	40
alternative	35
alternatively	35
alternatives	35
alternator	35
alternators	50
alters	35
although	35
altimeter	50
altimeters	50
altitude	35
altitudes	35
alto	35
altogether	35
altos	35
altruism	35
altruist	50
altruistic	35
altruistically	50
altruists	50
alum	50
alumina	60
aluminum	35
alumna	40
alumnae	40
alumni	40
alumnus	40
alums	50
alveolar	60
alveolars	60
always	35
am	35
amalgam	50
amalgamate	35
amalgamated	35
amalgamates	35
amalgamating	35
amalgamation	35
amalgamations	35
amalgams	50
amanuenses	50
amanuensis	50
amaranth	50
amaranths	50
amaretto	60
amaryllis	50
amaryllises	50
amass	35
amassed	35
amasses	35
amassing	35
amateur	35
amateurish	35
amateurishly	60
amateurishness	60
amateurism	50
amateurs	35
amatory	50
amaze	35
amazed	35
amazement	35
amazes	35
amazing	35
amazingly	35
amazon	50
amazonian	60
amazons	50
ambassador	35
ambassadorial	40
ambassadors	35
ambassadorship	50
ambassadorships	50
ambassadress	60
ambassadresses	60
amber	35
ambergris	50
ambiance	35
ambiances	35
ambidexterity	60
ambidextrous	35
ambidextrously	50
ambient	35
ambiguities	35
ambiguity	35
ambiguous	35
ambiguously	35
ambit	60
ambition	35
ambitions	35
ambitious	35
ambitiously	35
ambitiousness	50
ambivalence	35
ambivalent	35
ambivalently	50
amble	35
ambled	35
ambler	60
amblers	60
ambles	35
ambling	35
ambrosia	50
ambrosial	60
ambulance	35
ambulanceman	60
ambulancemen	60
ambulances	35
ambulancewoman	60
ambulancewomen	60
ambulant	60
ambulate	60
ambulated	60
ambulates	60
ambulating	60
ambulation	60
ambulations	60
ambulatories	50
ambulatory	50
ambuscade	60
ambuscaded	60
ambuscades	60
ambuscading	60
ambush	35
ambushed	35
ambushes	35
ambushing	35
ameliorate	40
ameliorated	40
ameliorates	40
ameliorating	40
amelioration	40
ameliorative	60
amen	35
amenability	60
amenable	35
amenably	60
amend	35
amendable	50
amended	35
amending	35
amendment	35
amendments	35
amends	35
amenities	35
amenity	35
amerce	60
amerced	60
amercement	60
amercements	60
amerces	60
amercing	60
americium	60
amethyst	35
amethysts	35
amiability	50
amiable	35
amiably	35
amicability	50
amicable	35
amicably	35
amid	35
amide	60
amides	60
amidship	60
amidships	50
amigo	50
amigos	50
amine	60
amines	60
amino	50
amiss	35
amitriptyline	60
amity	50
ammeter	50
ammeters	50
ammo	40
ammonia	35
ammonium	60
ammunition	35
amnesia	35
amnesiac	40
amnesiacs	40
amnesic	60
amnesics	60
amnestied	35
amnesties	35
amnesty	35
amnestying	35
amniocenteses	50
amniocentesis	50
amnion	60
amnions	60
amniotic	60
amoeba	35
amoebas	35
amoebic	50
amoeboid	60
amok	35
among	35
amontillado	60
amontillados	60
amoral	35
amorality	50
amorally	50
amorous	35
amorously	50
amorousness	50
amorphous	35
amorphously	50
amorphousness	50
amortizable	60
amortization	50
amortizations	50
amortize	50
amortized	50
amortizes	50
amortizing	50
amount	35
amounted	35
amounting	35
amounts	35
amour	50
amours	50
amoxicillin	60
amp	35
amperage	50
ampere	35
amperes	35
ampersand	35
ampersands	35
amphetamine	35
amphetamines	35
amphibian	35
amphibians	35
amphibious	35
amphibiously	60
amphitheater	35
amphitheaters	35
amphora	60
amphorae	60
ampicillin	60
ample	35
ampler	35
amplest	35
amplification	35
amplifications	35
amplified	35
amplifier	35
amplifiers	35
amplifies	35
amplify	35
amplifying	35
amplitude	35
amplitudes	50
amply	35
amps	35
ampule	50
ampules	50
amputate	35
amputated	35
amputates	35
amputating	35
amputation	35
amputations	35
amputee	40
amputees	40
amulet	35
amulets	35
amuse	35
amused	35
amusement	35
amusements	35
amuses	35
amusing	35
amusingly	35
amygdala	60
amygdalas	60
amylase	60
amyloid	60
an	35
anabolic	60
anabolism	60
anachronism	35
anachronisms	35
anachronistic	40
anachronistically	60
anaconda	50
anacondas	50
anaerobe	60
anaerobes	60
anaerobic	50
anaerobically	60
anagram	35
anagrams	40
anal	35
analgesia	50
analgesic	35
analgesics	35
anally	60
analog	35
analogical	60
analogically	60
analogies	35
analogize	60
analogized	60
analogizes	60
analogizing	60
analogous	35
analogously	50
analogousness	60
analogs	50
analogue	35
analogues	50
analogy	35
analysand	60
analysands	60
analyses	35
analysis	35
analyst	35
analysts	35
analytic	35
analytical	35
analytically	50
analytics	60
analyzable	60
analyze	35
analyzed	35
analyzer	35
analyzers	50
analyzes	35
analyzing	35
anapest	50
anapestic	60
anapestics	60
anapests	50
anarchic	35
anarchically	50
anarchism	35
anarchist	35
anarchistic	50
anarchists	35
anarchy	35
anathema	35
anathemas	50
anathematize	60
anathematized	60
anathematizes	60
anathematizing	60
anatomic	50
anatomical	35
anatomically	50
anatomies	35
anatomist	50
anatomists	50
anatomize	60
anatomized	60
anatomizes	60
anatomizing	60
anatomy	35
ancestor	35
ancestors	35
ancestral	35
ancestrally	60
ancestress	50
ancestresses	50
ancestries	35
ancestry	35
anchor	35
anchorage	35
anchorages	35
anchored	35
anchoring	35
anchorite	50
anchorites	50
anchorman	40
anchormen	40
anchorperson	50
anchorpersons	50
anchors	35
anchorwoman	40
anchorwomen	40
anchovies	35
anchovy	35
ancient	35
ancienter	35
ancientest	35
anciently	60
ancientness	60
ancients	35
ancillaries	50
ancillary	50
and	35
andante	50
andantes	50
andiron	50
andirons	50
androgen	50
androgenic	60
androgynous	50
androgyny	60
android	35
androids	35
anecdotal	40
anecdotally	60
anecdote	35
anecdotes	35
anemia	35
anemic	35
anemically	60
anemometer	50
anemometers	50
anemone	50
anemones	50
anent	60
anesthesia	35
anesthesiologist	40
anesthesiologists	40
anesthesiology	50
anesthetic	35
anesthetics	35
anesthetist	40
anesthetists	40
anesthetization	60
anesthetize	40
anesthetized	40
anesthetizes	40
anesthetizing	40
aneurysm	50
aneurysms	50
anew	35
angel	35
angelfish	60
angelfishes	60
angelic	35
angelica	60
angelical	60
angelically	40
angels	35
anger	35
angered	35
angering	35
angers	35
angina	50
angioplasties	50
angioplasty	50
angiosperm	50
angiosperms	50
angle	35
angled	35
angler	35
anglers	35
angles	35
angleworm	50
angleworms	50
anglicism	60
anglicisms	60
anglicize	60
anglicized	60
anglicizes	60
anglicizing	60
angling	35
anglophile	60
anglophiles	60
anglophone	60
anglophones	60
angora	50
angoras	50
angostura	60
angrier	35
angriest	35
angrily	35
angry	35
angst	35
angstrom	50
angstroms	50
anguish	35
anguished	35
anguishes	35
anguishing	35
angular	35
angularities	50
angularity	50
angulation	60
anhydrous	60
aniline	60
anilingus	60
animadversion	60
animadversions	60
animadvert	60
animadverted	60
animadverting	60
animadverts	60
animal	35
animalcule	60
animalcules	60
animals	35
animate	35
animated	35
animatedly	50
animates	35
animating	35
animation	35
animations	35
animator	50
animators	50
animatronic	60
anime	50
animism	50
animist	50
animistic	50
animists	50
animosities	35
animosity	35
animus	50
anion	50
anionic	60
anions	50
anise	50
aniseed	50
anisette	60
ankh	50
ankhs	50
ankle	35
anklebone	60
anklebones	60
ankles	35
anklet	50
anklets	50
annalist	60
annalists	60
annals	35
anneal	50
annealed	50
annealing	50
anneals	50
annelid	60
annelids	60
annex	35
annexation	35
annexations	35
annexed	35
annexes	35
annexing	35
annihilate	35
annihilated	35
annihilates	35
annihilating	35
annihilation	35
annihilator	50
annihilators	50
anniversaries	35
anniversary	35
annotate	35
annotated	40
annotates	50
annotating	50
annotation	35
annotations	35
annotative	60
annotator	60
annotators	60
announce	35
announced	35
announcement	35
announcements	35
announcer	35
announcers	35
announces	35
announcing	35
annoy	35
annoyance	35
annoyances	35
annoyed	35
annoying	35
annoyingly	35
annoys	35
annual	35
annualized	60
annually	35
annuals	35
annuitant	60
annuitants	60
annuities	35
annuity	35
annul	35
annular	50
annuli	60
annulled	35
annulling	35
annulment	35
annulments	35
annuls	35
annulus	60
annunciation	60
annunciations	60
anode	50
anodes	50
anodize	60
anodized	60
anodizes	60
anodizing	60
anodyne	50
anodynes	50
anoint	35
anointed	35
anointing	35
anointment	50
anoints	35
anomalies	35
anomalous	35
anomalously	60
anomaly	35
anon	35
anonymity	35
anonymous	35
anonymously	35
anopheles	50
anorak	60
anoraks	35
anorectic	60
anorectics	60
anorexia	40
anorexic	40
anorexics	40
another	35
answer	35
answerable	35
answered	35
answering	35
answerphone	60
answerphones	60
answers	35
ant	35
antacid	40
antacids	40
antagonism	35
antagonisms	35
antagonist	35
antagonistic	35
antagonistically	40
antagonists	35
antagonize	35
antagonized	35
antagonizes	35
antagonizing	35
antarctic	50
ante	40
anteater	35
anteaters	35
antebellum	40
antecedence	60
antecedent	50
antecedents	50
antechamber	50
antechambers	50
anted	40
antedate	50
antedated	50
antedates	50
antedating	50
antediluvian	50
anteing	40
antelope	35
antelopes	35
antenatal	60
antenna	35
antennae	35
antennas	35
anterior	50
anteroom	50
anterooms	50
antes	40
anthem	35
anthems	35
anther	50
anthers	50
anthill	35
anthills	35
anthologies	35
anthologist	50
anthologists	50
anthologize	50
anthologized	50
anthologizes	50
anthologizing	50
anthology	35
anthracite	50
anthrax	35
anthropocentric	50
anthropogenic	60
anthropoid	50
anthropoids	50
anthropological	35
anthropologically	60
anthropologist	35
anthropologists	35
anthropology	35
anthropomorphic	50
anthropomorphically	60
anthropomorphism	50
anthropomorphize	60
anthropomorphous	60
anti	50
antiabortion	50
antiabortionist	60
antiabortionists	60
antiaircraft	50
antiauthoritarian	60
antibacterial	60
antibacterials	60
antibiotic	35
antibiotics	35
antibodies	35
antibody	35
antic	50
anticancer	60
anticipate	35
anticipated	35
anticipates	35
anticipating	35
anticipation	35
anticipations	35
anticipatory	50
anticlerical	60
anticlimactic	40
anticlimactically	60
anticlimax	35
anticlimaxes	35
anticline	60
anticlines	60
anticlockwise	50
anticoagulant	60
anticoagulants	60
anticommunism	60
anticommunist	60
anticommunists	60
antics	40
anticyclone	50
anticyclones	50
anticyclonic	60
antidemocratic	60
antidepressant	50
antidepressants	50
antidiscrimination	60
antidote	35
antidotes	35
antiestablishment	60
antifascist	60
antifascists	60
antifeminist	60
antiferromagnetic	60
antifreeze	35
antifungal	60
antigen	50
antigenic	60
antigenicity	60
antigens	50
antigravity	60
antihero	50
antiheroes	50
antihistamine	40
antihistamines	40
antiknock	50
antilabor	60
antilock	60
antilogarithm	60
antilogarithms	60
antimacassar	60
antimacassars	60
antimalarial	60
antimatter	50
antimicrobial	60
antimicrobials	60
antimissile	60
antimony	50
antineutrino	60
antineutrinos	60
antineutron	60
antineutrons	60
antinuclear	60
antioxidant	60
antioxidants	60
antiparticle	50
antiparticles	50
antipasto	50
antipastos	50
antipathetic	50
antipathies	35
antipathy	35
antipersonnel	50
antiperspirant	40
antiperspirants	40
antiphon	60
antiphonal	50
antiphonally	60
antiphonals	50
antiphons	60
antipodal	60
antipodean	60
antipodeans	60
antipodes	50
antipollution	60
antipoverty	60
antiproton	60
antiprotons	60
antiquarian	50
antiquarianism	60
antiquarians	50
antiquaries	50
antiquary	50
antiquate	60
antiquated	35
antiquates	60
antiquating	60
antique	35
antiqued	35
antiques	35
antiquing	35
antiquities	35
antiquity	35
antirrhinum	60
antirrhinums	60
antis	50
antiscience	60
antisemitic	60
antisemitism	60
antisepsis	60
antiseptic	35
antiseptically	50
antiseptics	35
antiserum	60
antiserums	60
antislavery	50
antismoking	60
antisocial	35
antisocially	60
antispasmodic	60
antispasmodics	60
antisubmarine	60
antitank	60
antiterrorism	60
antitheses	35
antithesis	35
antithetic	60
antithetical	50
antithetically	50
antitoxin	50
antitoxins	50
antitrust	40
antivenin	60
antivenins	60
antivenom	60
antivenoms	60
antiviral	50
antivirals	50
antivirus	50
antivivisectionist	60
antivivisectionists	60
antiwar	60
antler	35
antlered	50
antlers	35
antonym	35
antonymous	60
antonyms	35
antrum	60
ants	35
antsier	60
antsiest	60
antsy	60
anus	35
anuses	35
anvil	35
anvils	35
anxieties	35
anxiety	35
anxious	35
anxiously	35
anxiousness	60
any	35
anybody	35
anyhow	35
anymore	40
anyone	35
anyplace	40
anything	35
anytime	40
anyway	35
anywhere	35
anywise	60
aorta	35
aortas	35
aortic	60
apace	50
apart	35
apartheid	35
apartment	35
apartments	35
apathetic	35
apathetically	50
apathy	35
apatite	60
ape	35
aped	35
apelike	60
aperitif	40
aperitifs	40
aperture	35
apertures	35
apes	35
apex	35
apexes	35
aphasia	50
aphasic	50
aphasics	50
aphelia	50
aphelion	50
aphid	50
aphids	50
aphorism	35
aphorisms	35
aphoristic	50
aphoristically	60
aphrodisiac	40
aphrodisiacs	40
apiaries	50
apiarist	60
apiarists	60
apiary	50
apical	60
apically	60
apiece	35
aping	35
apish	60
apishly	60
aplenty	50
aplomb	35
apnea	60
apneas	60
apocalypse	40
apocalypses	40
apocalyptic	40
apocrypha	60
apocryphal	35
apocryphally	60
apogee	50
apogees	50
apolitical	40
apolitically	60
apologetic	35
apologetically	35
apologia	50
apologias	50
apologies	35
apologist	50
apologists	50
apologize	35
apologized	35
apologizes	35
apologizing	35
apology	35
apoplectic	40
apoplexies	40
apoplexy	40
apoptosis	60
apoptotic	60
apostasies	50
apostasy	50
apostate	50
apostates	50
apostatize	60
apostatized	60
apostatizes	60
apostatizing	60
apostle	35
apostles	35
apostleship	60
apostolic	40
apostrophe	35
apostrophes	35
apothecaries	50
apothecary	50
apothegm	60
apothegms	60
apotheoses	50
apotheosis	50
app	50
appall	35
appalled	35
appalling	35
appallingly	35
appalls	35
appaloosa	60
appaloosas	60
apparatchik	60
apparatchiks	60
apparatus	35
apparatuses	35
apparel	35
appareled	35
appareling	35
apparels	35
apparent	35
apparently	35
apparition	35
apparitions	35
appeal	35
appealed	35
appealing	35
appealingly	60
appeals	35
appear	35
appearance	35
appearances	35
appeared	35
appearing	35
appears	35
appease	35
appeased	35
appeasement	35
appeasements	35
appeaser	50
appeasers	50
appeases	35
appeasing	35
appellant	50
appellants	50
appellate	50
appellation	50
appellations	50
append	35
appendage	35
appendages	35
appendectomies	50
appendectomy	50
appended	35
appendices	35
appendicitis	35
appending	35
appendix	35
appendixes	35
appends	35
appertain	50
appertained	50
appertaining	50
appertains	50
appetite	35
appetites	35
appetizer	35
appetizers	35
appetizing	35
appetizingly	50
applaud	35
applauded	35
applauder	60
applauders	60
applauding	35
applauds	35
applause	35
apple	35
applejack	50
apples	35
applesauce	40
applet	60
applets	60
appliance	35
appliances	35
applicability	35
applicable	35
applicably	60
applicant	35
applicants	35
application	35
applications	35
applicator	35
applicators	35
applied	35
applier	60
appliers	60
applies	35
applique	50
appliqued	50
appliqueing	50
appliques	50
apply	35
applying	35
appoint	35
appointed	35
appointee	35
appointees	35
appointing	35
appointive	50
appointment	35
appointments	35
appoints	35
apportion	40
apportioned	40
apportioning	40
apportionment	50
apportions	40
appose	60
apposed	60
apposes	60
apposing	60
apposite	35
appositely	50
appositeness	50
apposition	50
appositive	50
appositives	50
appraisal	35
appraisals	35
appraise	35
appraised	35
appraiser	50
appraisers	50
appraises	35
appraising	35
appreciable	35
appreciably	50
appreciate	35
appreciated	35
appreciates	35
appreciating	35
appreciation	35
appreciations	35
appreciative	35
appreciatively	40
appreciator	60
appreciators	60
appreciatory	60
apprehend	35
apprehended	35
apprehending	35
apprehends	35
apprehension	35
apprehensions	35
apprehensive	35
apprehensively	50
apprehensiveness	50
apprentice	35
apprenticed	35
apprentices	35
apprenticeship	35
apprenticeships	35
apprenticing	35
apprise	40
apprised	40
apprises	40
apprising	40
apprize	40
apprized	40
apprizes	40
apprizing	40
approach	35
approachable	35
approached	35
approaches	35
approaching	35
approbation	40
approbations	40
appropriate	35
appropriated	35
appropriately	35
appropriateness	50
appropriates	35
appropriating	35
appropriation	35
appropriations	35
appropriator	60
appropriators	60
approval	35
approvals	35
approve	35
approved	35
approves	35
approving	35
approvingly	40
approximate	35
approximated	35
approximately	35
approximates	35
approximating	35
approximation	35
approximations	35
apps	50
appurtenance	50
appurtenances	50
appurtenant	60
apricot	35
apricots	35
apron	35
aprons	35
apropos	50
apse	50
apses	50
apt	35
apter	35
aptest	35
aptitude	35
aptitudes	35
aptly	35
aptness	50
aqua	50
aquaculture	50
aqualung	60
aqualungs	60
aquamarine	35
aquamarines	35
aquanaut	50
aquanauts	50
aquaplane	50
aquaplaned	50
aquaplanes	50
aquaplaning	50
aquarium	35
aquariums	35
aquas	50
aquatic	35
aquatically	60
aquatics	35
aquatint	60
aquatints	60
aquavit	50
aqueduct	35
aqueducts	35
aqueous	50
aquifer	50
aquifers	50
aquiline	50
arabesque	50
arabesques	50
arabica	60
arability	60
arable	35
arachnid	50
arachnids	50
arachnophobia	60
arbiter	35
arbiters	35
arbitrage	60
arbitraged	60
arbitrager	60
arbitragers	60
arbitrages	60
arbitrageur	60
arbitrageurs	60
arbitraging	60
arbitrament	60
arbitraments	60
arbitrarily	35
arbitrariness	50
arbitrary	35
arbitrate	35
arbitrated	35
arbitrates	35
arbitrating	35
arbitration	35
arbitrator	35
arbitrators	35
arbor	35
arboreal	50
arboretum	50
arboretums	50
arborist	60
arborists	60
arbors	35
arborvitae	50
arborvitaes	50
arbutus	50
arbutuses	50
arc	35
arcade	35
arcades	35
arcana	60
arcane	35
arced	35
arch	35
archaeological	35
archaeologically	60
archaeologist	35
archaeologists	35
archaeology	35
archaic	35
archaically	50
archaism	50
archaisms	50
archaist	60
archaists	60
archangel	50
archangels	50
archbishop	35
archbishopric	50
archbishoprics	50
archbishops	35
archdeacon	50
archdeacons	50
archdiocesan	60
archdiocese	50
archdioceses	50
archduchess	60
archduchesses	60
archduke	50
archdukes	50
arched	35
archenemies	50
archenemy	50
archer	35
archers	35
archery	35
arches	35
archetypal	35
archetype	50
archetypes	50
archfiend	60
archfiends	60
archiepiscopal	60
arching	35
archipelago	35
archipelagos	35
architect	35
architectonic	60
architectonics	60
architects	35
architectural	35
architecturally	50
architecture	35
architectures	35
architrave	60
architraves	60
archival	60
archive	35
archived	35
archives	35
archiving	35
archivist	50
archivists	50
archly	50
archness	50
archrival	60
archrivals	60
archway	35
archways	35
arcing	35
arcs	35
arctic	40
arctics	40
ardent	35
ardently	35
ardor	35
ardors	35
arduous	35
arduously	35
arduousness	50
are	35
area	35
areal	60
areas	35
arena	35
arenas	35
ares	35
argent	60
arginine	60
argon	50
argosies	50
argosy	50
argot	50
argots	50
arguable	35
arguably	35
argue	35
argued	35
arguer	60
arguers	60
argues	35
arguing	35
argument	35
argumentation	50
argumentative	35
argumentatively	60
argumentativeness	60
arguments	35
argyle	50
argyles	50
aria	35
arias	35
arid	35
aridification	60
aridity	50
aridly	60
aright	50
arise	35
arisen	35
arises	35
arising	35
aristocracies	35
aristocracy	35
aristocrat	35
aristocratic	35
aristocratically	50
aristocrats	35
arithmetic	35
arithmetical	50
arithmetically	50
arithmetician	60
arithmeticians	60
ark	35
arks	35
arm	35
armada	50
armadas	50
armadillo	35
armadillos	35
armament	35
armaments	35
armature	50
armatures	50
armband	40
armbands	40
armchair	35
armchairs	35
armed	35
armful	40
armfuls	40
armhole	40
armholes	40
armies	35
arming	35
armistice	35
armistices	35
armlet	50
armlets	50
armload	60
armloads	60
armoire	60
armoires	60
armor	35
armored	35
armorer	50
armorers	50
armorial	60
armories	35
armoring	35
armors	35
armory	35
armpit	35
armpits	35
armrest	50
armrests	50
arms	35
army	35
aroma	35
aromas	35
aromatherapist	60
aromatherapists	60
aromatherapy	50
aromatic	35
aromatically	60
aromatics	35
arose	35
around	35
arousal	40
arouse	35
aroused	35
arouses	35
arousing	35
arpeggio	50
arpeggios	50
arraign	35
arraigned	35
arraigning	35
arraignment	40
arraignments	40
arraigns	35
arrange	35
arranged	35
arrangement	35
arrangements	35
arranger	50
arrangers	50
arranges	35
arranging	35
arrant	50
arras	60
arrases	60
array	35
arrayed	35
arraying	35
arrays	35
arrears	35
arrest	35
arrested	35
arrestee	60
arrestees	60
arresting	35
arrests	35
arrhythmia	60
arrhythmic	60
arrhythmical	60
arrival	35
arrivals	35
arrive	35
arrived	35
arrives	35
arriving	35
arrogance	35
arrogant	35
arrogantly	35
arrogate	50
arrogated	50
arrogates	50
arrogating	50
arrogation	60
arrow	35
arrowhead	50
arrowheads	50
arrowroot	50
arrows	35
arroyo	50
arroyos	50
arsenal	35
arsenals	35
arsenic	35
arson	35
arsonist	40
arsonists	40
art	35
arterial	35
arteries	35
arteriole	60
arterioles	60
arteriosclerosis	50
artery	35
artful	35
artfully	50
artfulness	50
arthritic	35
arthritics	35
arthritis	35
arthropod	50
arthropods	50
arthroscope	60
arthroscopes	60
arthroscopic	60
arthroscopy	60
artichoke	35
artichokes	35
article	35
articled	60
articles	35
articulacy	60
articular	60
articulate	35
articulated	35
articulately	35
articulateness	50
articulates	35
articulating	35
articulation	35
articulations	35
artier	50
artiest	50
artifact	35
artifacts	35
artifice	35
artificer	50
artificers	50
artifices	35
artificial	35
artificiality	50
artificially	35
artillery	35
artilleryman	60
artillerymen	60
artiness	60
artisan	35
artisanal	60
artisans	35
artist	35
artiste	50
artistes	50
artistic	35
artistically	35
artistry	35
artists	35
artless	50
artlessly	50
artlessness	50
arts	35
artsier	40
artsiest	40
artsy	40
artwork	35
artworks	40
arty	50
arugula	60
arum	60
arums	60
as	35
asana	60
asanas	60
asbestos	35
ascend	35
ascendance	60
ascendancy	40
ascendant	50
ascendants	50
ascended	35
ascending	35
ascends	35
ascension	35
ascensions	35
ascent	35
ascents	35
ascertain	35
ascertainable	50
ascertained	35
ascertaining	35
ascertainment	60
ascertains	35
ascetic	35
ascetically	60
asceticism	50
ascetics	35
ascot	50
ascots	50
ascribable	50
ascribe	35
ascribed	35
ascribes	35
ascribing	35
ascription	50
aseptic	50
aseptically	60
asexual	35
asexuality	60
asexually	50
ash	35
ashamed	35
ashamedly	50
ashcan	60
ashcans	60
ashen	35
ashes	35
ashier	50
ashiest	50
ashlar	60
ashlars	60
ashore	35
ashram	50
ashrams	50
ashtray	35
ashtrays	35
ashy	50
aside	35
asides	35
asinine	50
asininely	60
asininities	50
asininity	50
ask	35
askance	35
asked	35
askew	35
asking	35
asks	35
aslant	50
asleep	35
asocial	50
asp	50
asparagus	35
aspartame	50
aspect	35
aspects	35
aspen	35
aspens	35
asperities	50
asperity	50
aspersion	35
aspersions	35
asphalt	35
asphalted	35
asphalting	35
asphalts	35
asphodel	60
asphodels	60
asphyxia	50
asphyxiate	35
asphyxiated	35
asphyxiates	35
asphyxiating	35
asphyxiation	35
asphyxiations	35
aspic	50
aspics	50
aspidistra	60
aspidistras	60
aspirant	35
aspirants	35
aspirate	50
aspirated	50
aspirates	50
aspirating	50
aspiration	35
aspirational	60
aspirations	35
aspirator	60
aspirators	60
aspire	35
aspired	35
aspires	35
aspirin	35
aspiring	35
aspirins	35
asps	50
ass	35
assail	35
assailable	50
assailant	35
assailants	35
assailed	35
assailing	35
assails	35
assassin	35
assassinate	35
assassinated	35
assassinates	35
assassinating	35
assassination	35
assassinations	35
assassins	35
assault	35
assaulted	35
assaulting	35
assaults	35
assay	50
assayed	50
assayer	60
assayers	60
assaying	50
assays	50
assemblage	50
assemblages	50
assemble	35
assembled	35
assembler	35
assemblers	35
assembles	35
assemblies	35
assembling	35
assembly	35
assemblyman	40
assemblymen	40
assemblywoman	40
assemblywomen	40
assent	35
assented	35
assenting	35
assents	35
assert	35
asserted	35
asserting	35
assertion	35
assertions	35
assertive	35
assertively	40
assertiveness	40
asserts	35
asses	35
assess	35
assessed	35
assesses	35
assessing	35
assessment	35
assessments	35
assessor	35
assessors	35
asset	35
assets	35
asseverate	50
asseverated	50
asseverates	50
asseverating	50
asseveration	60
asshole	40
assholes	40
assiduity	60
assiduous	50
assiduously	50
assiduousness	50
assign	35
assignable	50
assignation	50
assignations	50
assigned	35
assignee	60
assignees	60
assigner	60
assigners	60
assigning	35
assignment	35
assignments	35
assignor	60
assignors	60
assigns	35
assimilate	35
assimilated	35
assimilates	35
assimilating	35
assimilation	35
assist	35
assistance	35
assistant	35
assistants	35
assisted	35
assisting	35
assistive	60
assists	35
assize	60
assizes	50
associate	35
associated	35
associates	35
associating	35
association	35
associations	35
associative	35
associativity	60
assonance	50
assonant	60
assonants	60
assort	50
assortative	60
assorted	35
assorting	50
assortment	35
assortments	35
assorts	50
assuage	50
assuaged	50
assuages	50
assuaging	50
assumable	60
assume	35
assumed	35
assumes	35
assuming	35
assumption	35
assumptions	35
assumptive	60
assurance	35
assurances	35
assure	35
assured	35
assuredly	40
assureds	35
assures	35
assuring	35
astatine	60
aster	50
asterisk	35
asterisked	35
asterisking	35
asterisks	35
astern	50
asteroid	35
asteroids	35
asters	50
asthma	35
asthmatic	40
asthmatically	60
asthmatics	40
astigmatic	50
astigmatism	50
astigmatisms	50
astir	50
astonish	35
astonished	35
astonishes	35
astonishing	35
astonishingly	35
astonishment	35
astound	35
astounded	35
astounding	35
astoundingly	50
astounds	35
astraddle	60
astrakhan	50
astral	50
astray	35
astride	35
astringency	50
astringent	35
astringently	60
astringents	35
astrolabe	60
astrolabes	60
astrologer	40
astrologers	40
astrological	35
astrologically	60
astrologist	60
astrologists	60
astrology	35
astronaut	35
astronautic	60
astronautical	60
astronautics	50
astronauts	35
astronomer	35
astronomers	35
astronomic	50
astronomical	35
astronomically	50
astronomy	35
astrophysical	60
astrophysicist	50
astrophysicists	50
astrophysics	50
astute	35
astutely	35
astuteness	50
asunder	50
asylum	35
asylums	35
asymmetric	50
asymmetrical	50
asymmetrically	50
asymmetries	50
asymmetry	35
asymptomatic	60
asymptotic	50
asymptotically	50
asynchronous	35
asynchronously	35
at	35
atavism	50
atavist	60
atavistic	50
atavists	60
ataxia	60
ataxic	60
ataxics	60
ate	35
atelier	50
ateliers	50
atheism	35
atheist	35
atheistic	35
atheists	35
atherosclerosis	50
atherosclerotic	60
athirst	60
athlete	35
athletes	35
athletic	35
athletically	50
athleticism	60
athletics	35
athwart	60
atilt	60
atishoo	60
atlas	35
atlases	35
atmosphere	35
atmospheres	35
atmospheric	35
atmospherically	50
atmospherics	60
atoll	50
atolls	50
atom	35
atomic	35
atomically	60
atomize	60
atomized	60
atomizer	50
atomizers	50
atomizes	60
atomizing	60
atoms	35
atonal	50
atonality	50
atonally	60
atone	35
atoned	35
atonement	35
atones	35
atoning	35
atop	50
atria	50
atrial	60
atrioventricular	60
atrium	50
atrocious	35
atrociously	35
atrociousness	50
atrocities	35
atrocity	35
atrophied	50
atrophies	50
atrophy	50
atrophying	50
atropine	60
attaboy	60
attaboys	60
attach	35
attachable	60
attache	35
attached	35
attaches	35
attaching	35
attachment	35
attachments	35
attack	35
attacked	35
attacker	35
attackers	40
attacking	35
attacks	35
attain	35
attainability	60
attainable	40
attainder	60
attained	35
attaining	35
attainment	35
attainments	35
attains	35
attar	50
attempt	35
attempted	35
attempting	35
attempts	35
attend	35
attendance	35
attendances	35
attendant	35
attendants	35
attended	35
attendee	60
attendees	60
attender	50
attenders	60
attending	35
attends	35
attention	35
attentions	35
attentive	35
attentively	35
attentiveness	50
attenuate	50
attenuated	50
attenuates	50
attenuating	50
attenuation	50
attest	35
attestation	50
attestations	50
attested	35
attesting	35
attests	35
attic	35
attics	35
attire	35
attired	35
attires	35
attiring	35
attitude	35
attitudes	35
attitudinal	60
attitudinize	50
attitudinized	50
attitudinizes	50
attitudinizing	50
attorney	35
attorneys	35
attract	35
attractable	60
attractant	60
attractants	60
attracted	35
attracting	35
attraction	35
attractions	35
attractive	35
attractively	40
attractiveness	35
attracts	35
attributable	35
attribute	35
attributed	35
attributes	35
attributing	35
attribution	35
attributions	40
attributive	50
attributively	50
attributives	50
attrition	50
attune	50
attuned	40
attunes	50
attuning	50
atwitter	50
atypical	50
atypically	50
aubergine	60
aubergines	60
auburn	35
auction	35
auctioned	35
auctioneer	35
auctioneers	35
auctioning	35
auctions	35
audacious	35
audaciously	50
audaciousness	50
audacity	35
audibility	50
audible	35
audibles	35
audibly	35
audience	35
audiences	35
audio	35
audiological	60
audiologist	60
audiologists	60
audiology	60
audiometer	60
audiometers	60
audiophile	50
audiophiles	50
audios	35
audiotape	60
audiotapes	60
audiovisual	40
audiovisuals	60
audit	35
auditable	60
audited	35
auditing	35
audition	35
auditioned	35
auditioning	35
auditions	35
auditor	35
auditorium	35
auditoriums	35
auditors	35
auditory	35
audits	35
auger	50
augers	50
aught	50
aughts	50
augment	35
augmentation	50
augmentations	50
augmentative	60
augmented	35
augmenter	60
augmenters	60
augmenting	35
augments	35
augur	50
augured	50
auguries	50
auguring	50
augurs	50
augury	50
august	35
auguster	35
augustest	35
augustly	60
augustness	60
auk	50
auks	50
aunt	35
auntie	60
aunties	60
aunts	35
aura	35
aural	35
aurally	50
auras	35
aureole	50
aureoles	50
aureus	60
auricle	50
auricles	50
auricular	60
aurora	60
auroras	60
auscultate	60
auscultated	60
auscultates	60
auscultating	60
auscultation	60
auscultations	60
auspice	60
auspices	40
auspicious	35
auspiciously	50
auspiciousness	50
austere	35
austerely	50
austerer	35
austerest	35
austerities	35
austerity	35
austral	60
auteur	60
auteurs	60
authentic	35
authentically	35
authenticate	35
authenticated	35
authenticates	35
authenticating	35
authentication	50
authentications	50
authenticity	35
author	35
authored	35
authoress	60
authoresses	60
authorial	60
authoring	35
authoritarian	35
authoritarianism	50
authoritarians	40
authoritative	35
authoritatively	35
authoritativeness	50
authorities	35
authority	35
authorization	35
authorizations	35
authorize	35
authorized	35
authorizes	35
authorizing	35
authors	35
authorship	35
autism	50
autistic	40
auto	35
autobahn	60
autobahns	60
autobiographer	60
autobiographers	60
autobiographic	60
autobiographical	35
autobiographically	60
autobiographies	35
autobiography	35
autoclave	60
autoclaves	60
autocorrect	60
autocorrected	60
autocorrecting	60
autocorrects	60
autocracies	35
autocracy	35
autocrat	35
autocratic	35
autocratically	50
autocrats	35
autocross	60
autodidact	60
autodidacts	60
autofocus	60
autograph	35
autographed	35
autographing	35
autographs	35
autoimmune	50
autoimmunity	60
automaker	60
automakers	60
automate	35
automated	35
automates	35
automatic	35
automatically	35
automatics	35
automating	35
automation	35
automations	60
automatism	60
automatize	60
automatized	60
automatizes	60
automatizing	60
automaton	50
automatons	50
automobile	35
automobiles	35
automotive	35
autonomic	60
autonomous	35
autonomously	40
autonomy	35
autopilot	60
autopilots	60
autopsied	35
autopsies	35
autopsy	35
autopsying	35
autos	35
autosuggestion	60
autoworker	40
autoworkers	40
autumn	35
autumnal	35
autumns	35
auxiliaries	35
auxiliary	35
auxin	60
avail	35
availability	35
available	35
availed	35
availing	35
avails	35
avalanche	35
avalanches	35
avarice	35
avaricious	35
avariciously	50
avast	50
avatar	50
avatars	50
avaunt	60
avenge	35
avenged	35
avenger	50
avengers	50
avenges	35
avenging	35
avenue	35
avenues	35
aver	50
average	35
averaged	35
averagely	60
averages	35
averaging	35
averred	50
averring	50
avers	50
averse	35
aversion	35
aversions	35
avert	35
averted	35
averting	35
averts	35
avian	50
aviaries	50
aviary	50
aviation	35
aviator	35
aviators	35
aviatrix	50
aviatrixes	50
avid	35
avidity	50
avidly	40
avionic	60
avionics	50
avitaminosis	60
avocado	35
avocados	35
avocation	50
avocational	60
avocations	50
avoid	35
avoidable	35
avoidably	50
avoidance	35
avoidant	60
avoided	35
avoiding	35
avoids	35
avoirdupois	50
avouch	60
avouched	60
avouches	60
avouching	60
avow	35
avowal	35
avowals	35
avowed	35
avowedly	50
avowing	35
avows	35
avuncular	50
avuncularly	60
aw	40
await	35
awaited	35
awaiting	35
awaits	35
awake	35
awaken	35
awakened	35
awakening	35
awakenings	40
awakens	35
awakes	35
awaking	35
award	35
awarded	35
awardee	60
awardees	60
awarding	35
awards	35
aware	35
awareness	35
awash	40
away	35
awe	35
awed	35
aweigh	50
awes	35
awesome	35
awesomely	50
awesomeness	60
awestruck	50
awful	35
awfuller	35
awfullest	35
awfully	35
awfulness	50
awhile	35
awing	35
awkward	35
awkwarder	35
awkwardest	35
awkwardly	35
awkwardness	35
awl	50
awls	50
awn	60
awning	35
awnings	35
awns	60
awoke	35
awoken	35
awry	35
ax	35
axe	35
axed	35
axes	35
axial	50
axially	60
axing	35
axiom	35
axiomatic	35
axiomatically	50
axioms	35
axis	35
axle	35
axles	35
axletree	60
axletrees	60
axolotl	60
axolotls	60
axon	50
axons	50
ayah	60
ayahs	60
ayatollah	50
ayatollahs	50
aye	35
ayes	35
azalea	35
azaleas	35
azimuth	50
azimuths	50
azure	35
azures	35
baa	40
baaed	40
baaing	40
baas	40
baba	60
babble	35
babbled	35
babbler	50
babblers	50
babbles	35
babbling	35
babe	35
babel	50
babels	50
babes	35
babied	35
babies	35
baboon	35
baboons	35
babushka	50
babushkas	50
baby	35
babyhood	50
babying	35
babyish	35
babysat	40
babysit	40
babysits	40
babysitter	40
babysitters	40
babysitting	40
baccalaureate	50
baccalaureates	50
baccarat	60
bacchanal	50
bacchanalia	60
bacchanalian	50
bacchanalians	50
bacchanals	50
baccy	60
bachelor	35
bachelorette	60
bachelorettes	60
bachelorhood	60
bachelors	35
bacillary	60
bacilli	50
bacillus	50
back	35
backache	50
backaches	50
backbeat	60
backbench	60
backbenches	60
backbit	50
backbite	50
backbiter	50
backbiters	50
backbites	50
backbiting	50
backbitten	50
backboard	50
backboards	50
backbone	35
backbones	35
backbreaking	40
backchat	60
backcloth	60
backcloths	60
backcomb	60
backcombed	60
backcombing	60
backcombs	60
backcountry	50
backcourt	60
backcourts	60
backdate	50
backdated	50
backdates	50
backdating	50
backdoor	60
backdrop	40
backdrops	40
backed	35
backer	35
backers	35
backfield	50
backfields	50
backfire	35
backfired	35
backfires	35
backfiring	35
backflip	60
backflips	60
backflow	60
backgammon	35
background	35
backgrounder	60
backgrounders	60
backgrounds	35
backhand	35
backhanded	35
backhandedly	60
backhander	60
backhanders	60
backhanding	35
backhands	35
backhoe	60
backhoes	60
backing	35
backings	35
backlash	35
backlashes	35
backless	50
backlight	60
backlights	60
backlit	60
backlog	35
backlogged	35
backlogging	35
backlogs	35
backpack	35
backpacked	35
backpacker	40
backpackers	40
backpacking	35
backpacks	35
backpedal	50
backpedaled	50
backpedaling	50
backpedals	50
backrest	50
backrests	50
backroom	60
backrooms	60
backs	35
backscratching	60
backside	35
backsides	40
backslapper	50
backslappers	50
backslapping	60
backslash	35
backslashes	50
backslid	50
backslidden	50
backslide	50
backslider	50
backsliders	50
backslides	50
backsliding	50
backspace	35
backspaced	50
backspaces	50
backspacing	50
backspin	50
backsplash	60
backsplashes	60
backstab	60
backstabbed	60
backstabber	60
backstabbers	60
backstabbing	50
backstabs	60
backstage	35
backstair	60
backstairs	50
backstop	50
backstopped	50
backstopping	50
backstops	50
backstories	50
backstory	50
backstreet	60
backstreets	60
backstretch	50
backstretches	50
backstroke	40
backstroked	40
backstrokes	40
backstroking	40
backswing	60
backtalk	60
backtrace	60
backtraces	60
backtrack	35
backtracked	35
backtracking	35
backtracks	35
backup	40
backups	40
backward	35
backwardly	60
backwardness	50
backwards	35
backwash	50
backwater	50
backwaters	50
backwoods	35
backwoodsman	60
backwoodsmen	60
backyard	40
backyards	40
bacon	35
bacteria	35
bacterial	35
bactericidal	60
bactericide	60
bactericides	60
bacteriologic	60
bacteriological	50
bacteriologist	50
bacteriologists	50
bacteriology	50
bacterium	50
bad	35
badass	60
badasses	60
badder	35
baddest	35
baddie	60
baddies	60
badge	35
badger	35
badgered	35
badgering	35
badgers	35
badges	35
badinage	50
badlands	40
badly	35
badman	60
badmen	60
badminton	35
badmouth	40
badmouthed	40
badmouthing	40
badmouths	40
badness	35
baffle	35
baffled	35
bafflement	50
baffler	60
bafflers	60
baffles	35
baffling	35
bag	35
bagatelle	50
bagatelles	50
bagel	35
bagels	35
bagful	60
bagfuls	60
baggage	35
bagged	35
bagger	60
baggers	60
baggie	60
baggier	35
baggies	60
baggiest	35
baggily	60
bagginess	50
bagging	35
baggy	35
bagpipe	50
bagpiper	60
bagpipers	60
bagpipes	40
bags	35
baguette	60
baguettes	60
bah	50
baht	60
bahts	60
bail	35
bailable	60
bailed	35
bailey	60
baileys	60
bailiff	40
bailiffs	60
bailing	35
bailiwick	50
bailiwicks	50
bailout	50
bailouts	50
bails	35
bailsman	60
bailsmen	60
bairn	60
bairns	60
bait	35
baited	35
baiting	35
baits	35
baize	50
bake	35
baked	35
baker	35
bakeries	35
bakers	35
bakery	35
bakes	35
bakeshop	60
bakeshops	60
baking	35
baklava	60
baksheesh	60
balaclava	60
balaclavas	60
balalaika	50
balalaikas	50
balance	35
balanced	35
balances	35
balancing	35
balboa	60
balboas	60
balconies	35
balcony	35
bald	35
balded	35
balder	35
balderdash	50
baldest	35
baldfaced	60
baldheaded	60
baldies	60
balding	35
baldly	50
baldness	35
baldric	60
baldrics	60
balds	35
baldy	60
bale	35
baled	35
baleen	50
baleful	40
balefully	50
balefulness	60
baler	60
balers	60
bales	35
baling	35
balk	35
balked	35
balkier	50
balkiest	50
balking	35
balks	35
balky	50
ball	35
ballad	35
balladeer	50
balladeers	50
balladry	60
ballads	35
ballast	35
ballasted	35
ballasting	35
ballasts	35
ballcock	60
ballcocks	60
balled	35
baller	60
ballerina	35
ballerinas	35
ballers	60
ballet	35
balletic	60
ballets	35
ballgame	40
ballgames	40
ballgirl	60
ballgirls	60
ballgown	60
ballgowns	60
balling	35
ballistic	40
ballistics	35
balloon	35
ballooned	35
ballooning	35
balloonist	50
balloonists	50
balloons	35
ballot	35
balloted	35
balloting	35
ballots	35
ballpark	40
ballparks	40
ballplayer	60
ballplayers	60
ballpoint	50
ballpoints	50
ballroom	35
ballrooms	35
balls	35
ballsed	40
ballses	40
ballsier	50
ballsiest	50
ballsing	40
ballsy	50
bally	60
ballyhoo	50
ballyhooed	50
ballyhooing	50
ballyhoos	50
balm	35
balmier	35
balmiest	35
balminess	50
balms	35
balmy	35
baloney	35
balsa	50
balsam	50
balsamic	60
balsams	50
balsas	50
baluster	50
balusters	50
balustrade	50
balustrades	50
bamboo	35
bamboos	35
bamboozle	35
bamboozled	35
bamboozles	35
bamboozling	35
ban	35
banal	35
banalities	40
banality	40
banally	60
banana	35
bananas	35
band	35
bandage	35
bandaged	35
bandages	35
bandaging	35
bandanna	35
bandannas	35
bandbox	60
bandboxes	60
bandeau	60
bandeaux	60
banded	35
bandied	35
bandies	35
banding	35
bandit	35
banditry	50
bandits	35
bandleader	60
bandleaders	60
bandmaster	60
bandmasters	60
bandmate	60
bandmates	60
bandoleer	50
bandoleers	50
bands	35
bandsman	60
bandsmen	60
bandstand	35
bandstands	35
bandwagon	35
bandwagons	35
bandwidth	35
bandy	35
bandying	35
bane	40
baneful	50
banes	40
bang	35
banged	35
banger	60
banging	35
bangle	40
bangles	40
bangs	35
bani	35
banish	35
banished	35
banishes	35
banishing	35
banishment	50
banister	35
banisters	35
banjo	35
banjoist	50
banjoists	50
banjos	35
bank	35
bankable	60
bankbook	50
bankbooks	50
banked	35
banker	35
bankers	35
banking	35
banknote	50
banknotes	35
bankroll	50
bankrolled	50
bankrolling	50
bankrolls	50
bankrupt	35
bankruptcies	35
bankruptcy	35
bankrupted	35
bankrupting	35
bankrupts	35
banks	35
banned	35
banner	35
banners	35
banning	35
bannock	60
bannocks	60
banns	50
banquet	35
banqueted	35
banqueter	60
banqueters	60
banqueting	35
banquets	35
banquette	60
banquettes	60
bans	35
banshee	50
banshees	50
bantam	50
bantams	50
bantamweight	50
bantamweights	50
banter	35
bantered	35
bantering	35
banteringly	60
banters	35
banyan	50
banyans	50
banzai	60
banzais	60
baobab	50
baobabs	50
bap	60
baps	60
baptism	35
baptismal	40
baptisms	35
baptist	50
baptisteries	50
baptistery	50
baptists	50
baptize	35
baptized	35
baptizer	60
baptizers	60
baptizes	35
baptizing	35
bar	35
barb	35
barbacoa	50
barbarian	35
barbarianism	60
barbarianisms	60
barbarians	35
barbaric	35
barbarically	60
barbarism	40
barbarisms	40
barbarities	50
barbarity	50
barbarize	60
barbarized	60
barbarizes	60
barbarizing	60
barbarous	35
barbarously	50
barbecue	35
barbecued	35
barbecues	35
barbecuing	35
barbed	35
barbel	60
barbell	40
barbells	40
barbels	60
barber	35
barbered	35
barbering	35
barberries	50
barberry	50
barbers	35
barbershop	60
barbershops	60
barbie	60
barbies	60
barbing	35
barbiturate	35
barbiturates	35
barbs	35
barbwire	60
barcarole	60
barcaroles	60
barcode	40
barcodes	40
bard	35
bardic	60
bards	35
bare	35
bareback	35
barebacked	60
bared	35
barefaced	50
barefacedly	60
barefoot	35
barefooted	50
barehanded	50
bareheaded	50
barelegged	60
barely	35
bareness	50
barer	35
bares	35
barest	35
barf	40
barfed	40
barfing	40
barflies	60
barfly	60
barfs	40
bargain	35
bargained	35
bargainer	60
bargainers	60
bargaining	35
bargains	35
barge	35
barged	35
bargeman	60
bargemen	60
barges	35
barging	35
barhop	60
barhopped	60
barhopping	60
barhops	60
baring	35
barista	50
baristas	50
baritone	35
baritones	35
barium	50
bark	35
barked	35
barkeep	60
barkeeper	60
barkeepers	60
barkeeps	60
barker	50
barkers	50
barking	35
barks	35
barley	35
barmaid	50
barmaids	50
barman	35
barmen	60
barmy	60
barn	35
barnacle	35
barnacled	60
barnacles	35
barney	60
barneys	60
barns	35
barnstorm	50
barnstormed	50
barnstormer	60
barnstormers	60
barnstorming	50
barnstorms	50
barnyard	35
barnyards	35
barometer	35
barometers	35
barometric	40
barometrically	60
baron	35
baronage	60
baronages	60
baroness	50
baronesses	50
baronet	50
baronetcies	60
baronetcy	60
baronets	50
baronial	50
baronies	60
barons	35
barony	60
baroque	35
barrack	60
barracked	60
barracking	60
barracks	40
barracuda	50
barracudas	50
barrage	35
barraged	35
barrages	35
barraging	35
barre	60
barred	35
barrel	35
barreled	35
barreling	35
barrels	35
barren	35
barrener	35
barrenest	35
barrenness	50
barrens	35
barres	60
barrette	35
barrettes	35
barricade	35
barricaded	35
barricades	35
barricading	35
barrier	35
barriers	35
barring	35
barrio	40
barrios	40
barrister	50
barristers	50
barroom	40
barrooms	40
barrow	50
barrows	50
bars	35
bartend	60
bartended	60
bartender	35
bartenders	35
bartending	60
bartends	60
barter	35
bartered	35
barterer	60
barterers	60
bartering	35
barters	35
baryon	60
baryons	60
basal	50
basally	60
basalt	50
basaltic	60
base	35
baseball	35
baseballs	35
baseboard	50
baseboards	50
based	35
baseless	50
baseline	35
baselines	50
basely	50
baseman	60
basemen	60
basement	35
basements	35
baseness	50
baser	35
bases	35
basest	35
bash	35
bashed	35
bashes	35
bashful	35
bashfully	50
bashfulness	50
bashing	35
basic	35
basically	35
basics	35
basil	35
basilica	50
basilicas	50
basilisk	60
basilisks	60
basin	35
basinful	60
basinfuls	60
basing	35
basins	35
basis	35
bask	35
basked	35
basket	35
basketball	35
basketballs	35
basketful	60
basketfuls	60
basketry	60
baskets	35
basketwork	60
basking	35
basks	35
basmati	60
basque	60
basques	60
bass	35
basses	35
basset	60
bassets	60
bassinet	50
bassinets	50
bassist	40
bassists	40
basso	50
bassoon	35
bassoonist	50
bassoonists	50
bassoons	35
bassos	50
basswood	60
basswoods	60
bast	50
bastard	35
bastardization	60
bastardizations	60
bastardize	50
bastardized	50
bastardizes	50
bastardizing	50
bastards	35
bastardy	60
baste	35
basted	35
baster	60
basters	60
bastes	35
basting	35
bastion	50
bastions	50
bat	35
batch	35
batched	35
batches	35
batching	35
bate	60
bated	40
bates	60
bath	35
bathe	35
bathed	35
bather	50
bathers	50
bathes	35
bathetic	60
bathhouse	50
bathhouses	50
bathing	35
bathmat	60
bathmats	60
bathos	50
bathrobe	40
bathrobes	40
bathroom	35
bathrooms	35
baths	35
bathtub	35
bathtubs	35
bathwater	60
bathyscaphe	60
bathyscaphes	60
bathysphere	60
bathyspheres	60
batik	50
batiks	50
bating	60
batiste	60
batman	60
batmen	60
baton	35
batons	35
bats	35
batsman	35
batsmen	50
battalion	35
battalions	35
batted	35
batten	50
battened	50
battening	50
battens	50
batter	35
battered	35
batterer	60
batterers	60
batteries	35
battering	35
batterings	60
batters	35
battery	35
battier	50
battiest	50
batting	35
battle	35
battleaxe	60
battleaxes	60
battled	35
battledore	60
battledores	60
battledress	60
battlefield	35
battlefields	35
battlefront	60
battlefronts	60
battleground	40
battlegrounds	40
battlement	50
battlements	50
battler	60
battlers	60
battles	35
battleship	35
battleships	35
battling	35
batty	50
bauble	50
baubles	50
baud	35
bauxite	50
bawd	60
bawdier	35
bawdiest	35
bawdily	50
bawdiness	50
bawds	60
bawdy	35
bawl	35
bawled	35
bawling	35
bawls	35
bay	35
bayberries	50
bayberry	50
bayed	35
baying	35
bayonet	35
bayoneted	35
bayoneting	35
bayonets	35
bayou	35
bayous	35
bays	35
bazaar	35
bazaars	35
bazillion	50
bazillions	50
bazooka	50
bazookas	50
be	35
beach	35
beachcomber	50
beachcombers	50
beachcombing	60
beached	35
beaches	35
beachfront	60
beachgoer	60
beachgoers	60
beachhead	50
beachheads	50
beaching	35
beachside	60
beachwear	60
beachy	60
beacon	35
beacons	35
bead	35
beaded	35
beadier	35
beadiest	35
beading	35
beadle	60
beadles	60
beads	35
beadwork	60
beady	35
beagle	35
beagles	35
beak	35
beaked	60
beaker	35
beakers	35
beaks	35
beam	35
beamed	35
beaming	35
beams	35
bean	35
beanbag	60
beanbags	60
beaned	35
beanfeast	60
beanfeasts	60
beanie	60
beanies	60
beaning	35
beanpole	60
beanpoles	60
beans	35
beansprout	60
beansprouts	60
beanstalk	60
beanstalks	60
bear	35
bearable	35
bearably	60
beard	35
bearded	35
bearding	35
beardless	60
beards	35
bearer	35
bearers	35
bearing	35
bearings	35
bearish	50
bearishly	60
bearishness	60
bearlike	60
bears	35
bearskin	50
bearskins	50
beast	35
beastie	60
beasties	60
beastlier	50
beastliest	50
beastliness	50
beastly	50
beasts	35
beat	35
beatable	60
beaten	35
beater	35
beaters	35
beatific	50
beatifically	60
beatification	50
beatifications	50
beatified	50
beatifies	50
beatify	50
beatifying	50
beating	35
beatings	40
beatitude	50
beatitudes	50
beatnik	50
beatniks	50
beats	35
beau	50
beaus	50
beaut	60
beauteous	50
beauteously	50
beautician	35
beauticians	35
beauties	35
beautification	50
beautified	35
beautifier	50
beautifiers	50
beautifies	35
beautiful	35
beautifully	35
beautify	35
beautifying	35
beauts	60
beauty	35
beaver	35
beavered	35
beavering	35
beavers	35
bebop	40
bebops	40
becalm	50
becalmed	50
becalming	50
becalms	50
became	35
because	35
bechamel	60
beck	50
beckon	35
beckoned	35
beckoning	35
beckons	35
becks	50
becloud	60
beclouded	60
beclouding	60
beclouds	60
become	35
becomes	35
becoming	35
becomingly	50
becquerel	60
becquerels	60
bed	35
bedaub	60
bedaubed	60
bedaubing	60
bedaubs	60
bedazzle	50
bedazzled	50
bedazzlement	60
bedazzles	50
bedazzling	50
bedbug	35
bedbugs	35
bedchamber	60
bedchambers	60
bedclothes	35
bedcover	60
bedcovers	60
bedded	35
bedder	35
bedding	35
bedeck	50
bedecked	50
bedecking	50
bedecks	50
bedevil	50
bedeviled	50
bedeviling	50
bedevilment	50
bedevils	50
bedfellow	50
bedfellows	50
bedhead	60
bedheads	60
bedim	60
bedimmed	60
bedimming	60
bedims	60
bedizen	60
bedizened	60
bedizening	60
bedizens	60
bedlam	35
bedlams	35
bedpan	40
bedpans	40
bedpost	60
bedposts	60
bedraggle	60
bedraggled	40
bedraggles	60
bedraggling	60
bedridden	35
bedrock	35
bedrocks	35
bedroll	50
bedrolls	50
bedroom	35
bedrooms	35
beds	35
bedside	35
bedsides	35
bedsit	60
bedsits	60
bedsitter	60
bedsitters	60
bedsore	50
bedsores	50
bedspread	35
bedspreads	35
bedstead	50
bedsteads	50
bedtime	35
bedtimes	35
bee	35
beebread	60
beech	35
beeches	35
beechnut	50
beechnuts	50
beef	35
beefburger	50
beefburgers	60
beefcake	60
beefcakes	60
beefed	35
beefier	35
beefiest	35
beefiness	60
beefing	35
beefs	35
beefsteak	50
beefsteaks	50
beefy	35
beehive	35
beehives	35
beekeeper	50
beekeepers	50
beekeeping	50
beeline	40
beelines	40
been	35
beep	40
beeped	40
beeper	40
beepers	40
beeping	40
beeps	40
beer	35
beerier	60
beeriest	60
beers	35
beery	60
bees	35
beeswax	35
beet	35
beetle	35
beetled	35
beetles	35
beetling	35
beetroot	60
beetroots	60
beets	35
beeves	35
befall	35
befallen	35
befalling	35
befalls	35
befell	35
befit	35
befits	35
befitted	35
befitting	35
befittingly	60
befog	50
befogged	50
befogging	50
befogs	50
before	35
beforehand	35
befoul	50
befouled	50
befouling	50
befouls	50
befriend	35
befriended	35
befriending	35
befriends	35
befuddle	50
befuddled	50
befuddlement	60
befuddles	50
befuddling	50
beg	35
began	35
begat	60
beget	50
begets	50
begetter	60
begetters	60
begetting	50
beggar	35
beggared	35
beggaring	35
beggarly	50
beggars	35
beggary	60
begged	35
begging	35
begin	35
beginner	35
beginners	35
beginning	35
beginnings	35
begins	35
begone	50
begonia	50
begonias	50
begot	50
begotten	50
begrime	60
begrimed	60
begrimes	60
begriming	60
begrudge	35
begrudged	35
begrudges	35
begrudging	35
begrudgingly	50
begs	35
beguile	35
beguiled	35
beguilement	60
beguiler	60
beguilers	60
beguiles	35
beguiling	35
beguilingly	60
beguine	60
beguines	60
begum	60
begums	60
begun	35
behalf	35
behalves	35
behave	35
behaved	35
behaves	35
behaving	35
behavior	35
behavioral	35
behaviorally	60
behaviorism	60
behaviorist	60
behaviorists	60
behaviors	35
behead	35
beheaded	35
beheading	35
beheads	35
beheld	35
behemoth	50
behemoths	50
behest	50
behests	50
behind	35
behindhand	60
behinds	35
behold	35
beholden	50
beholder	35
beholders	40
beholding	35
beholds	35
behoove	50
behooved	50
behooves	50
behooving	50
beige	35
beignet	60
beignets	60
being	35
beings	35
bejesus	60
bejewel	60
bejeweled	60
bejeweling	60
bejewels	60
belabor	35
belabored	35
belaboring	35
belabors	35
belated	35
belatedly	35
belay	50
belayed	50
belaying	50
belays	50
belch	35
belched	35
belches	35
belching	35
beleaguer	50
beleaguered	50
beleaguering	50
beleaguers	50
belfries	35
belfry	35
belie	35
belied	35
belief	35
beliefs	35
belies	35
believability	60
believable	35
believably	60
believe	35
believed	35
believer	35
believers	35
believes	35
believing	35
belittle	35
belittled	35
belittlement	60
belittles	35
belittling	35
bell	35
belladonna	50
bellboy	35
bellboys	35
belle	50
belled	35
belles	50
belletrist	60
belletristic	60
belletrists	60
bellhop	35
bellhops	35
bellicose	50
bellicosity	50
bellied	35
bellies	35
belligerence	40
belligerency	50
belligerent	35
belligerently	50
belligerents	35
belling	35
bellman	60
bellmen	60
bellow	35
bellowed	35
bellowing	35
bellows	35
bells	35
bellwether	50
bellwethers	50
belly	35
bellyache	50
bellyached	50
bellyaches	50
bellyaching	50
bellybutton	40
bellybuttons	40
bellyful	50
bellyfuls	50
bellying	35
belong	35
belonged	35
belonging	35
belongings	35
belongs	35
beloved	35
beloveds	35
below	35
belowground	60
belt	35
belted	35
belting	35
belts	35
beltway	40
beltways	40
beluga	60
belugas	60
belying	35
bemire	60
bemired	60
bemires	60
bemiring	60
bemoan	35
bemoaned	35
bemoaning	35
bemoans	35
bemuse	60
bemused	35
bemusedly	60
bemusement	60
bemuses	60
bemusing	60
bench	35
benched	35
benches	35
benching	35
benchmark	40
benchmarked	60
benchmarking	60
benchmarks	40
benchwarmer	60
benchwarmers	60
bend	35
bendable	60
bender	35
benders	60
bendier	60
bendiest	60
bending	35
bends	35
bendy	60
beneath	35
benedictine	60
benediction	35
benedictions	35
benedictory	60
benefaction	50
benefactions	50
benefactor	35
benefactors	35
benefactress	50
benefactresses	50
benefice	50
beneficence	50
beneficent	50
beneficently	50
benefices	50
beneficial	35
beneficially	50
beneficiaries	35
beneficiary	35
benefit	35
benefited	35
benefiting	35
benefits	35
benevolence	35
benevolences	35
benevolent	35
benevolently	50
benighted	35
benightedly	60
benign	35
benignant	60
benignity	60
benignly	50
bent	35
bento	60
bentonite	60
bents	35
bentwood	60
benumb	50
benumbed	50
benumbing	50
benumbs	50
benzene	50
benzine	60
benzyl	60
bequeath	35
bequeathed	35
bequeathing	35
bequeaths	35
bequest	35
bequests	35
berate	40
berated	40
berates	40
berating	40
bereave	50
bereaved	35
bereavement	35
bereavements	35
bereaves	50
bereaving	50
bereft	50
beret	35
berets	35
berg	50
bergamot	60
bergs	50
beriberi	50
berk	60
berkelium	60
berks	60
berm	50
berms	50
berried	35
berries	35
berry	35
berrying	35
berrylike	60
berserk	35
berth	35
berthed	35
berthing	35
berths	35
beryl	50
beryllium	50
beryls	50
beseech	35
beseecher	60
beseechers	60
beseeches	35
beseeching	35
beseechingly	60
beseem	60
beseemed	60
beseeming	60
beseems	60
beset	35
besets	35
besetting	35
beside	35
besides	35
besiege	35
besieged	35
besieger	50
besiegers	50
besieges	35
besieging	35
besmear	60
besmeared	60
besmearing	60
besmears	60
besmirch	50
besmirched	50
besmirches	50
besmirching	50
besom	50
besoms	50
besot	60
besots	60
besotted	50
besotting	60
besought	35
bespangle	60
bespangled	60
bespangles	60
bespangling	60
bespatter	60
bespattered	60
bespattering	60
bespatters	60
bespeak	50
bespeaking	50
bespeaks	50
bespectacled	60
bespoke	50
bespoken	50
best	35
bested	35
bestial	35
bestiality	35
bestially	60
bestiaries	50
bestiary	50
besting	35
bestir	50
bestirred	50
bestirring	50
bestirs	50
bestow	35
bestowal	50
bestowals	50
bestowed	35
bestowing	35
bestows	35
bestrew	60
bestrewed	60
bestrewing	60
bestrewn	60
bestrews	60
bestridden	50
bestride	50
bestrides	50
bestriding	50
bestrode	50
bests	35
bestseller	40
bestsellers	40
bestselling	40
bet	35
beta	35
betake	50
betaken	50
betakes	50
betaking	50
betas	50
betcha	35
betel	60
bethink	50
bethinking	50
bethinks	50
bethought	50
betide	50
betided	50
betides	50
betiding	50
betimes	60
betoken	50
betokened	50
betokening	50
betokens	50
betook	50
betray	35
betrayal	35
betrayals	35
betrayed	35
betrayer	50
betrayers	50
betraying	35
betrays	35
betroth	50
betrothal	35
betrothals	35
betrothed	50
betrothing	50
betroths	50
bets	35
better	35
bettered	35
bettering	35
betterment	35
betters	35
betting	35
bettor	35
bettors	35
between	35
betwixt	50
bevel	50
beveled	40
beveling	50
bevels	50
beverage	35
beverages	35
bevies	50
bevvies	60
bevvy	60
bevy	50
bewail	50
bewailed	50
bewailing	50
bewails	50
beware	35
bewared	35
bewares	35
bewaring	35
bewhiskered	60
bewigged	60
bewilder	35
bewildered	35
bewildering	35
bewilderingly	60
bewilderment	35
bewilders	35
bewitch	35
bewitched	35
bewitches	35
bewitching	35
bewitchingly	60
bewitchment	60
bey	60
beyond	35
beys	60
bezel	60
bezels	60
bhaji	60
bi	60
biannual	50
biannually	50
bias	35
biased	35
biases	35
biasing	35
biathlon	50
biathlons	50
bib	35
bible	35
bibles	40
biblical	35
biblically	60
bibliographer	50
bibliographers	50
bibliographic	35
bibliographical	50
bibliographically	60
bibliographies	35
bibliography	35
bibliophile	50
bibliophiles	50
bibs	35
bibulous	50
bicameral	50
bicameralism	60
bicarb	60
bicarbonate	60
bicarbonates	60
bicarbs	60
bicentenaries	60
bicentenary	60
bicentennial	35
bicentennials	35
bicep	60
biceps	40
bicker	35
bickered	35
bickerer	60
bickerers	60
bickering	35
bickers	35
bicoastal	60
biconcave	60
biconvex	60
bicultural	60
bicuspid	50
bicuspids	50
bicycle	35
bicycled	35
bicycler	60
bicyclers	60
bicycles	35
bicycling	35
bicyclist	50
bicyclists	50
bid	35
biddable	60
bidder	40
bidders	40
biddies	50
bidding	35
biddy	50
bide	35
bides	35
bidet	50
bidets	50
biding	35
bidirectional	50
bidirectionally	60
bids	35
biennial	35
biennially	50
biennials	35
biennium	60
bienniums	60
bier	50
biers	50
biff	60
biffed	60
biffing	60
biffs	60
bifocal	50
bifocals	35
bifurcate	50
bifurcated	50
bifurcates	50
bifurcating	50
bifurcation	50
bifurcations	50
big	35
bigamist	35
bigamists	35
bigamous	35
bigamy	35
bigger	35
biggest	35
biggie	40
biggies	40
biggish	60
bighead	60
bigheads	60
bighearted	50
bigheartedness	60
bighorn	50
bighorns	50
bight	50
bights	50
bigmouth	40
bigmouths	40
bigness	50
bigot	35
bigoted	35
bigotries	40
bigotry	35
bigots	35
bigwig	40
bigwigs	40
bijou	60
bijoux	60
bike	35
biked	35
biker	40
bikers	40
bikes	35
biking	35
bikini	35
bikinis	35
bilabial	60
bilabials	60
bilateral	35
bilaterally	40
bilberries	60
bilberry	60
bile	35
bilge	50
bilges	50
bilingual	35
bilingualism	60
bilingually	60
bilinguals	35
bilious	50
biliousness	60
bilirubin	60
bilk	50
bilked	50
bilker	60
bilkers	60
bilking	50
bilks	50
bill	35
billable	60
billboard	35
billboards	35
billed	35
billet	50
billeted	50
billeting	50
billets	50
billfold	35
billfolds	35
billhook	60
billhooks	60
billiard	60
billiards	35
billies	50
billing	35
billings	50
billingsgate	60
billion	35
billionaire	40
billionaires	40
billions	35
billionth	35
billionths	35
billow	35
billowed	35
billowing	35
billows	35
billowy	50
bills	35
billy	50
billycan	60
billycans	60
bimbo	40
bimbos	40
bimetallic	60
bimetallics	60
bimetallism	60
bimodal	60
bimonthlies	40
bimonthly	40
bin	35
binaries	35
binary	35
binational	60
binaural	60
bind	35
binder	35
binderies	50
binders	35
bindery	50
bindi	60
binding	35
bindings	35
bindis	60
binds	35
bindweed	60
binge	40
binged	40
bingeing	40
binges	40
bingo	35
binman	60
binmen	60
binnacle	50
binnacles	50
binned	35
binning	35
binocular	50
binoculars	40
binomial	35
binomials	50
bins	35
bio	60
biochemical	35
biochemically	60
biochemicals	50
biochemist	50
biochemistry	35
biochemists	50
biodegradability	60
biodegradable	35
biodegrade	60
biodegraded	60
biodegrades	60
biodegrading	60
biodiesel	60
biodiversity	60
bioengineered	60
bioethics	60
biofeedback	50
biofilm	60
biofilms	60
biofuel	60
biofuels	60
biographer	35
biographers	35
biographic	60
biographical	35
biographically	60
biographies	35
biography	35
biohazard	60
biohazards	60
biologic	60
biological	35
biologically	35
biologist	35
biologists	35
biology	35
bioluminescent	60
biomarker	60
biomarkers	60
biomass	60
biome	60
biomechanical	60
biomedical	50
biomes	60
biometric	60
biometrics	60
bionic	50
bionically	60
bionics	60
biophysical	60
biophysicist	50
biophysicists	50
biophysics	50
biopic	60
biopics	60
biopsied	40
biopsies	40
biopsy	40
biopsying	40
bioreactor	60
bioreactors	60
biorhythm	50
biorhythms	50
bios	60
biosensor	60
biosensors	60
biosolid	50
biosolids	50
biosphere	50
biospheres	50
biosynthesis	60
biota	60
biotas	60
biotech	60
biotechnological	60
biotechnology	50
biotechs	60
bioterrorism	60
bioterrorist	60
biotic	60
biotin	60
bioweapon	60
bioweapons	60
bipartisan	35
bipartisanship	60
bipartite	50
biped	35
bipedal	50
bipeds	35
biplane	35
biplanes	35
bipolar	50
bipolarity	60
biracial	50
birch	35
birched	35
birches	35
birching	35
bird	35
birdbath	50
birdbaths	50
birdbrain	60
birdbrained	40
birdbrains	60
birdcage	35
birdcages	35
birdcall	60
birdcalls	60
birded	35
birder	60
birders	60
birdhouse	50
birdhouses	50
birdie	50
birdied	50
birdies	50
birding	35
birdlike	60
birdlime	60
birds	35
birdseed	40
birdsong	60
birdwatcher	60
birdwatchers	60
birdying	60
biretta	50
birettas	50
birth	35
birthday	35
birthdays	35
birthed	35
birther	50
birthers	50
birthing	35
birthmark	35
birthmarks	35
birthplace	35
birthplaces	35
birthrate	40
birthrates	40
birthright	50
birthrights	50
births	35
birthstone	50
birthstones	50
bis	60
biscuit	35
biscuits	35
bisect	35
bisected	35
bisecting	35
bisection	40
bisections	40
bisector	50
bisectors	50
bisects	35
bisexual	35
bisexuality	50
bisexually	60
bisexuals	35
bishop	35
bishopric	50
bishoprics	50
bishops	35
bismuth	50
bison	35
bisque	50
bistro	50
bistros	50
bit	35
bitch	35
bitched	35
bitches	35
bitchier	40
bitchiest	40
bitchily	60
bitchiness	60
bitching	35
bitchy	40
bitcoin	50
bitcoins	50
bite	35
biter	60
biters	60
bites	35
biting	35
bitingly	50
bitmap	35
bitmaps	60
bits	35
bitten	35
bitter	35
bitterer	35
bitterest	35
bitterly	35
bittern	50
bitterness	35
bitterns	50
bitters	50
bittersweet	35
bittersweets	35
bittier	60
bittiest	60
bitty	60
bitumen	50
bituminous	50
bivalent	60
bivalve	50
bivalves	50
bivouac	50
bivouacked	50
bivouacking	50
bivouacs	50
biweeklies	40
biweekly	40
biyearly	60
biz	60
bizarre	35
bizarrely	50
blab	35
blabbed	35
blabber	60
blabbered	60
blabbering	60
blabbermouth	40
blabbermouths	40
blabbers	60
blabbing	35
blabs	35
black	35
blackamoor	60
blackamoors	60
blackball	50
blackballed	50
blackballing	50
blackballs	50
blackberries	35
blackberry	35
blackberrying	60
blackbird	35
blackbirds	35
blackboard	35
blackboards	35
blackcurrant	50
blackcurrants	60
blacked	35
blacken	35
blackened	35
blackening	35
blackens	35
blacker	35
blackest	35
blackface	60
blackfaces	60
blackguard	50
blackguards	50
blackhead	35
blackheads	35
blacking	35
blackish	50
blackjack	35
blackjacked	35
blackjacking	35
blackjacks	35
blackleg	60
blacklegs	60
blacklist	35
blacklisted	35
blacklisting	35
blacklists	35
blackly	60
blackmail	35
blackmailed	35
blackmailer	35
blackmailers	35
blackmailing	35
blackmails	35
blackness	40
blackout	35
blackouts	35
blacks	35
blacksmith	35
blacksmithing	60
blacksmiths	35
blacksnake	60
blacksnakes	60
blackthorn	50
blackthorns	50
blacktop	35
blacktopped	35
blacktopping	35
blacktops	35
bladder	35
bladders	35
blade	35
bladed	60
bladelike	60
blades	35
blag	60
blagged	60
blagging	60
blags	60
blah	40
blahs	60
blamable	60
blame	35
blamed	35
blameless	35
blamelessly	50
blamelessness	60
blames	35
blameworthiness	60
blameworthy	50
blaming	35
blanch	35
blanched	35
blanches	35
blanching	35
blancmange	35
blancmanges	60
bland	35
blander	35
blandest	35
blandish	60
blandished	60
blandishes	60
blandishing	60
blandishment	50
blandishments	50
blandly	40
blandness	50
blank	35
blanked	35
blanker	35
blankest	35
blanket	35
blanketed	35
blanketing	35
blankets	35
blanking	35
blankly	35
blankness	40
blanks	35
blare	35
blared	35
blares	35
blaring	35
blarney	50
blarneyed	50
blarneying	50
blarneys	50
blase	35
blaspheme	35
blasphemed	35
blasphemer	50
blasphemers	50
blasphemes	35
blasphemies	35
blaspheming	35
blasphemous	35
blasphemously	50
blasphemy	35
blast	35
blasted	35
blaster	35
blasters	50
blasting	35
blastoff	40
blastoffs	40
blasts	35
blatancies	60
blatancy	60
blatant	35
blatantly	35
blather	60
blathered	60
blathering	60
blathers	60
blaxploitation	60
blaze	35
blazed	35
blazer	35
blazers	35
blazes	35
blazing	35
blazingly	60
blazon	50
blazoned	50
blazoning	50
blazons	50
bleach	35
bleached	35
bleacher	60
bleachers	40
bleaches	35
bleaching	35
bleak	35
bleaker	35
bleakest	35
bleakly	40
bleakness	40
blear	60
blearier	35
bleariest	35
blearily	40
bleariness	60
bleary	35
bleat	35
bleated	35
bleating	35
bleats	35
bled	35
bleed	35
bleeder	50
bleeders	50
bleeding	35
bleeds	35
bleep	50
bleeped	50
bleeper	60
bleepers	60
bleeping	50
bleeps	50
blemish	35
blemished	35
blemishes	35
blemishing	35
blench	50
blenched	50
blenches	50
blenching	50
blend	35
blended	35
blender	40
blenders	40
blending	35
blends	35
bless	35
blessed	35
blessedly	50
blessedness	50
blesses	35
blessing	35
blessings	35
blew	35
blight	35
blighted	35
blighter	60
blighters	60
blighting	35
blights	35
blimey	60
blimp	35
blimpish	60
blimps	35
blind	35
blinded	35
blinder	35
blinders	50
blindest	35
blindfold	35
blindfolded	35
blindfolding	35
blindfolds	35
blinding	35
blindingly	35
blindly	35
blindness	35
blinds	35
blindside	60
blindsided	60
blindsides	60
blindsiding	60
bling	50
blini	60
blink	35
blinked	35
blinker	50
blinkered	35
blinkering	50
blinkers	50
blinking	35
blinks	35
blintz	50
blintze	60
blintzes	50
blip	35
blips	35
bliss	35
blissed	35
blisses	35
blissful	35
blissfully	35
blissfulness	50
blissing	35
blister	35
blistered	35
blistering	35
blisteringly	60
blisters	35
blistery	60
blithe	35
blithely	35
blitheness	60
blither	35
blithering	60
blithesome	60
blithest	35
blitz	35
blitzed	35
blitzes	35
blitzing	35
blitzkrieg	60
blitzkriegs	60
blizzard	35
blizzards	35
bloat	50
bloated	40
bloater	60
bloaters	60
bloating	50
bloats	50
blob	35
blobbed	35
blobbing	35
blobs	35
bloc	35
block	35
blockade	35
blockaded	35
blockader	60
blockaders	60
blockades	35
blockading	35
blockage	35
blockages	40
blockbuster	35
blockbusters	35
blockbusting	60
blockchain	50
blockchains	50
blocked	35
blocker	60
blockers	60
blockhead	35
blockheads	35
blockhouse	50
blockhouses	50
blocking	35
blocks	35
blocky	60
blocs	35
blog	35
blogged	35
blogger	35
bloggers	35
blogging	35
blogosphere	60
blogs	35
bloke	60
blokes	60
blokish	60
blond	35
blonde	35
blonder	35
blondes	35
blondest	35
blondish	60
blondness	50
blonds	35
blood	35
bloodbath	40
bloodbaths	40
bloodcurdling	50
blooded	35
bloodhound	35
bloodhounds	35
bloodied	35
bloodier	35
bloodies	35
bloodiest	35
bloodily	60
bloodiness	60
blooding	35
bloodless	40
bloodlessly	50
bloodlessness	60
bloodletting	60
bloodline	60
bloodlines	60
bloodlust	60
bloodmobile	50
bloodmobiles	50
bloods	35
bloodshed	35
bloodshot	35
bloodstain	40
bloodstained	40
bloodstains	40
bloodstock	60
bloodstream	35
bloodstreams	40
bloodsucker	50
bloodsuckers	50
bloodsucking	60
bloodthirstily	60
bloodthirstiness	50
bloodthirsty	35
bloody	35
bloodying	35
bloom	35
bloomed	35
bloomer	50
bloomers	50
blooming	35
blooms	35
bloop	60
blooped	60
blooper	40
bloopers	40
blooping	60
bloops	60
blossom	35
blossomed	35
blossoming	35
blossoms	35
blossomy	60
blot	35
blotch	35
blotched	35
blotches	35
blotchier	40
blotchiest	40
blotching	35
blotchy	40
blots	35
blotted	35
blotter	35
blotters	35
blotting	35
blotto	60
blouse	35
bloused	35
blouses	35
blousing	35
blow	35
blowback	60
blower	50
blowers	50
blowfish	60
blowflies	60
blowfly	60
blowgun	50
blowguns	50
blowhard	60
blowhards	60
blowhole	60
blowholes	60
blowier	60
blowiest	60
blowing	35
blowjob	50
blowjobs	50
blowlamp	60
blowlamps	60
blown	35
blowout	35
blowouts	35
blowpipe	60
blowpipes	60
blows	35
blowtorch	35
blowtorched	35
blowtorches	35
blowtorching	35
blowup	40
blowups	40
blowy	60
blowzier	50
blowziest	50
blowzy	50
blubber	35
blubbered	35
blubbering	35
blubbers	35
blubbery	60
bludgeon	35
bludgeoned	35
bludgeoning	35
bludgeons	35
blue	35
bluebell	35
bluebells	35
blueberries	35
blueberry	35
bluebird	35
bluebirds	35
bluebonnet	60
bluebonnets	60
bluebottle	50
bluebottles	50
blued	35
bluefin	60
bluefins	60
bluefish	50
bluefishes	50
bluegill	60
bluegills	60
bluegrass	35
blueish	60
bluejacket	50
bluejackets	50
blueness	60
bluenose	50
bluenoses	50
bluepoint	60
bluepoints	60
blueprint	35
blueprinted	35
blueprinting	35
blueprints	35
bluer	35
blues	35
blueshift	60
blueshifted	60
blueshifting	60
blueshifts	60
bluesier	60
bluesiest	60
bluesman	60
bluesmen	60
bluest	35
bluestocking	50
bluestockings	50
bluesy	60
bluet	60
bluets	60
bluff	35
bluffed	35
bluffer	35
bluffers	50
bluffest	35
bluffing	35
bluffly	60
bluffness	60
bluffs	35
bluing	35
bluish	40
blunder	35
blunderbuss	50
blunderbusses	50
blundered	35
blunderer	50
blunderers	50
blundering	35
blunders	35
blunt	35
blunted	35
blunter	35
bluntest	35
blunting	35
bluntly	35
bluntness	35
blunts	35
blur	35
blurb	35
blurbs	40
blurred	35
blurrier	40
blurriest	40
blurriness	60
blurring	35
blurry	40
blurs	35
blurt	35
blurted	35
blurting	35
blurts	35
blush	35
blushed	35
blusher	40
blushers	40
blushes	35
blushing	35
bluster	35
blustered	35
blusterer	60
blusterers	60
blustering	35
blusterous	60
blusters	35
blustery	50
boa	35
boar	35
board	35
boarded	35
boarder	35
boarders	35
boarding	35
boardinghouse	40
boardinghouses	40
boardroom	40
boardrooms	40
boards	35
boardwalk	35
boardwalks	35
boars	35
boas	35
boast	35
boasted	35
boaster	50
boasters	50
boastful	35
boastfully	35
boastfulness	50
boasting	35
boasts	35
boat	35
boated	35
boater	50
boaters	50
boathouse	60
boathouses	60
boating	35
boatload	60
boatloads	60
boatman	50
boatmen	50
boats	35
boatswain	50
boatswains	50
boatyard	60
boatyards	60
bob	35
bobbed	35
bobber	60
bobbers	60
bobbies	50
bobbin	35
bobbing	35
bobbins	35
bobble	50
bobbled	50
bobblehead	60
bobbleheads	60
bobbles	50
bobbling	50
bobby	50
bobbysoxer	60
bobbysoxers	60
bobcat	35
bobcats	35
bobolink	50
bobolinks	50
bobs	35
bobsled	35
bobsledded	35
bobsledder	60
bobsledders	60
bobsledding	35
bobsleds	35
bobsleigh	60
bobsleighs	60
bobtail	50
bobtails	50
bobwhite	50
bobwhites	50
boccie	60
bock	60
bod	60
bodacious	60
bode	35
boded	35
bodega	50
bodegas	50
bodes	35
bodge	60
bodged	60
bodges	60
bodging	60
bodice	35
bodices	35
bodied	60
bodies	35
bodily	35
boding	35
bodkin	50
bodkins	50
bods	60
body	35
bodybuilder	60
bodybuilders	60
bodybuilding	40
bodyguard	35
bodyguards	35
bodysuit	60
bodysuits	60
bodywork	35
boffin	60
boffins	60
boffo	60
bog	35
bogey	50
bogeyed	50
bogeying	50
bogeyman	40
bogeymen	40
bogeys	50
bogged	35
boggier	50
boggiest	50
bogging	35
boggle	35
boggled	35
boggles	35
boggling	35
boggy	50
bogie	50
bogies	50
bogs	35
bogus	35
bogyman	60
bogymen	60
bohemian	40
bohemianism	60
bohemians	40
boil	35
boiled	35
boiler	35
boilermaker	60
boilermakers	60
boilerplate	60
boilers	35
boiling	35
boilings	40
boils	35
boing	60
boings	60
boisterous	35
boisterously	50
boisterousness	50
bola	50
bolas	50
bold	35
bolder	35
boldest	35
boldface	50
boldfaced	60
boldly	35
boldness	35
bole	50
bolero	50
boleros	50
boles	50
bolivar	60
bolivars	60
boll	50
bollard	60
bollards	60
bollix	60
bollixed	60
bollixes	60
bollixing	60
bollocking	60
bollockings	60
bollocks	60
bolls	50
bologna	35
bolognese	60
bolsheviks	60
bolshie	60
bolster	35
bolstered	35
bolstering	35
bolsters	35
bolt	35
bolted	35
bolthole	60
boltholes	60
bolting	35
bolts	35
bolus	60
boluses	60
bomb	35
bombard	35
bombarded	35
bombardier	50
bombardiers	50
bombarding	35
bombardment	35
bombardments	35
bombards	35
bombast	50
bombastic	50
bombastically	60
bombed	35
bomber	35
bombers	35
bombing	35
bombings	35
bombproof	60
bombs	35
bombshell	40
bombshells	40
bombsite	60
bombsites	60
bonanza	40
bonanzas	40
bonbon	50
bonbons	50
bonce	60
bonces	60
bond	35
bondage	35
bonded	35
bondholder	60
bondholders	60
bonding	35
bondman	60
bondmen	60
bonds	35
bondsman	50
bondsmen	50
bondwoman	60
bondwomen	60
bone	35
boned	35
bonehead	50
boneheaded	60
boneheads	50
boneless	50
boner	50
boners	50
bones	35
boneshaker	60
boneshakers	60
boneyard	60
boneyards	60
bonfire	35
bonfires	35
bong	50
bonged	50
bonging	50
bongo	40
bongos	40
bongs	50
bonhomie	60
bonier	35
boniest	35
boniness	60
boning	35
bonito	50
bonitos	50
bonk	60
bonked	60
bonkers	40
bonking	60
bonks	60
bonnet	35
bonnets	35
bonnier	50
bonniest	50
bonny	50
bonobo	60
bonobos	60
bonsai	50
bonus	35
bonuses	35
bony	35
boo	35
boob	40
boobed	40
boobies	50
boobing	40
boobs	40
booby	35
boodle	50
boodles	50
booed	35
booger	60
boogers	60
boogeyman	60
boogeymen	60
boogie	40
boogied	40
boogieing	40
boogieman	60
boogiemen	60
boogies	40
boohoo	60
boohooed	60
boohooing	60
boohoos	60
booing	35
book	35
bookable	60
bookbinder	60
bookbinderies	60
bookbinders	60
bookbindery	60
bookbinding	60
bookcase	35
bookcases	35
booked	35
bookend	35
bookended	35
bookending	35
bookends	35
bookie	40
bookies	40
booking	35
bookings	35
bookish	50
bookkeeper	35
bookkeepers	35
bookkeeping	35
booklet	35
booklets	35
bookmaker	40
bookmakers	40
bookmaking	50
bookmark	35
bookmarked	35
bookmarking	35
bookmarks	35
bookmobile	50
bookmobiles	50
bookplate	60
bookplates	60
books	35
bookseller	50
booksellers	50
bookshelf	35
bookshelves	50
bookshop	35
bookshops	35
bookstall	60
bookstalls	60
bookstore	40
bookstores	40
bookworm	35
bookworms	35
boolean	60
boom	35
boombox	40
boomboxes	40
boomed	35
boomer	60
boomerang	35
boomeranged	35
boomeranging	35
boomerangs	35
boomers	60
booming	35
booms	35
boomtown	60
boomtowns	60
boon	35
boondocks	40
boondoggle	50
boondoggled	50
boondoggler	60
boondogglers	60
boondoggles	50
boondoggling	50
boonies	60
boons	35
boor	35
boorish	35
boorishly	50
boorishness	60
boorishnesses	60
boors	35
boos	35
boost	35
boosted	35
booster	35
boosters	35
boosting	35
boosts	35
boot	35
bootblack	50
bootblacks	50
booted	35
bootee	35
bootees	35
booth	35
booths	35
booties	35
booting	35
bootlace	60
bootlaces	60
bootleg	35
bootlegged	35
bootlegger	40
bootleggers	40
bootlegging	35
bootlegs	35
bootless	50
boots	35
bootstrap	35
bootstrapped	60
bootstrapping	60
bootstraps	40
booty	35
booze	35
boozed	40
boozer	40
boozers	40
boozes	40
boozier	50
booziest	50
boozing	40
boozy	50
bop	35
bopped	40
bopping	40
bops	40
borax	50
bordello	50
bordellos	50
border	35
bordered	35
bordering	35
borderland	50
borderlands	50
borderless	60
borderline	35
borderlines	35
borders	35
bore	35
bored	35
boredom	35
borehole	60
boreholes	60
borer	50
borers	50
bores	35
boring	35
boringly	35
born	35
borne	35
boron	50
borough	35
boroughs	35
borrow	35
borrowed	35
borrower	40
borrowers	40
borrowing	35
borrowings	60
borrows	35
borscht	50
borstal	60
borstals	60
borzoi	60
borzois	60
bosh	50
bosom	35
bosoms	35
bosomy	60
boss	35
bossed	35
bosses	35
bossier	35
bossiest	35
bossily	40
bossiness	40
bossing	35
bossism	60
bossy	35
bot	50
botanic	60
botanical	35
botanically	60
botanist	35
botanists	35
botany	35
botch	35
botched	35
botcher	60
botchers	60
botches	35
botching	35
both	35
bother	35
botheration	60
bothered	35
bothering	35
bothers	35
bothersome	35
botnet	50
botnets	50
bots	50
bottle	35
bottled	35
bottleneck	35
bottlenecks	35
bottler	60
bottlers	60
bottles	35
bottling	35
bottom	35
bottomed	35
bottoming	35
bottomless	35
bottoms	35
botulinum	60
botulism	50
boudoir	50
boudoirs	50
bouffant	50
bouffants	50
bougainvillea	60
bougainvilleas	60
bough	35
boughs	35
bought	35
bouillabaisse	50
bouillabaisses	50
bouillon	50
bouillons	50
boulder	35
bouldering	60
boulders	35
boules	60
boulevard	35
boulevards	35
bounce	35
bounced	35
bouncer	40
bouncers	40
bounces	35
bouncier	40
bounciest	40
bouncily	60
bounciness	60
bouncing	35
bouncy	40
bound	35
boundaries	35
boundary	35
bounded	35
bounden	50
bounder	50
bounders	50
bounding	35
boundless	35
boundlessly	60
boundlessness	60
bounds	35
bounteous	50
bounteously	60
bounteousness	60
bounties	35
bountiful	35
bountifully	50
bountifulness	60
bounty	35
bouquet	35
bouquets	35
bourbon	35
bourbons	35
bourgeois	35
bourgeoisie	35
bout	35
boutique	35
boutiques	35
boutonniere	50
boutonnieres	50
bouts	35
bouzouki	60
bouzoukis	60
bovine	35
bovines	35
bovver	60
bow	35
bowdlerization	60
bowdlerizations	60
bowdlerize	50
bowdlerized	50
bowdlerizes	50
bowdlerizing	50
bowed	35
bowel	35
bowels	35
bower	50
bowers	50
bowing	35
bowl	35
bowled	35
bowleg	60
bowlegged	35
bowlegs	60
bowler	35
bowlers	50
bowlful	60
bowlfuls	60
bowline	60
bowlines	60
bowling	35
bowls	35
bowman	50
bowmen	50
bows	35
bowsprit	50
bowsprits	50
bowstring	50
bowstrings	50
bowwow	60
bowwows	60
box	35
boxcar	35
boxcars	35
boxed	35
boxer	35
boxers	35
boxes	35
boxier	60
boxiest	60
boxing	35
boxlike	60
boxroom	60
boxrooms	60
boxwood	50
boxy	60
boy	35
boycott	35
boycotted	35
boycotting	35
boycotts	35
boyfriend	35
boyfriends	35
boyhood	35
boyhoods	35
boyish	35
boyishly	50
boyishness	50
boys	35
boysenberries	50
boysenberry	50
bozo	40
bozos	40
bra	35
brace	35
braced	35
bracelet	35
bracelets	35
bracer	60
bracero	60
braceros	60
bracers	60
braces	35
bracing	35
bracken	50
bracket	35
bracketed	35
bracketing	35
brackets	35
brackish	35
brackishness	60
bract	50
bracts	50
brad	50
bradawl	60
bradawls	60
brads	50
bradycardia	60
brae	60
braes	60
brag	35
braggadocio	60
braggadocios	60
braggart	35
braggarts	35
bragged	35
bragger	50
braggers	50
bragging	35
brags	35
braid	35
braided	35
braiding	35
braids	35
braille	50
brain	35
brainchild	40
brainchildren	40
brained	35
brainiac	60
brainiacs	60
brainier	35
brainiest	35
braininess	60
braining	35
brainless	35
brainlessly	60
brainpower	60
brains	35
brainstorm	35
brainstormed	35
brainstorming	35
brainstorms	35
brainteaser	50
brainteasers	50
brainwash	40
brainwashed	35
brainwashes	40
brainwashing	35
brainwave	50
brainwaves	60
brainy	35
braise	35
braised	35
braises	35
braising	35
brake	35
braked	35
brakeman	50
brakemen	50
brakes	35
braking	35
braless	60
bramble	50
brambles	50
brambly	60
bran	35
branch	35
branched	35
branches	35
branching	35
branchings	60
branchlike	60
brand	35
branded	35
brander	60
branders	60
brandied	35
brandies	35
branding	35
brandish	35
brandished	35
brandishes	35
brandishing	35
brands	35
brandy	35
brandying	35
bras	35
brash	35
brasher	35
brashest	35
brashly	50
brashness	50
brass	35
brasserie	60
brasseries	60
brasses	35
brassier	35
brassiere	35
brassieres	35
brassiest	35
brassily	60
brassiness	60
brassy	35
brat	35
brats	35
brattier	50
brattiest	50
bratty	50
bratwurst	60
bratwursts	60
bravado	35
brave	35
braved	35
bravely	35
braveness	60
braver	35
bravery	35
braves	35
bravest	35
braving	35
bravo	35
bravos	35
bravura	50
bravuras	50
brawl	35
brawled	35
brawler	50
brawlers	50
brawling	35
brawls	35
brawn	35
brawnier	35
brawniest	35
brawniness	50
brawny	35
bray	35
brayed	35
braying	35
brays	35
braze	60
brazed	60
brazen	35
brazened	35
brazening	35
brazenly	40
brazenness	50
brazens	35
brazer	60
brazers	60
brazes	60
brazier	35
braziers	35
brazing	60
breach	35
breached	35
breaches	35
breaching	35
bread	35
breadbasket	40
breadbaskets	40
breadboard	60
breadboards	60
breadbox	60
breadboxes	60
breadcrumb	60
breadcrumbs	60
breaded	35
breadfruit	50
breadfruits	50
breading	35
breadline	60
breadlines	60
breads	35
breadstick	60
breadsticks	60
breadth	35
breadths	35
breadwinner	35
breadwinners	35
break	35
breakable	35
breakables	35
breakage	50
breakages	50
breakaway	60
breakaways	60
breakdown	35
breakdowns	35
breaker	50
breakers	50
breakfast	35
breakfasted	35
breakfasting	35
breakfasts	35
breakfront	60
breakfronts	60
breaking	35
breakneck	35
breakout	60
breakouts	60
breakpoints	35
breaks	35
breakthrough	35
breakthroughs	35
breakup	40
breakups	40
breakwater	35
breakwaters	35
bream	60
breams	60
breast	35
breastbone	50
breastbones	50
breasted	35
breastfed	60
breastfeed	60
breastfeeding	60
breastfeeds	60
breasting	35
breastplate	50
breastplates	50
breasts	35
breaststroke	40
breaststrokes	40
breastwork	50
breastworks	50
breath	35
breathability	60
breathable	50
breathalyze	60
breathalyzed	60
breathalyzer	60
breathalyzers	60
breathalyzes	60
breathalyzing	60
breathe	35
breathed	35
breather	35
breathers	35
breathes	35
breathier	50
breathiest	50
breathing	35
breathless	35
breathlessly	40
breathlessness	50
breaths	35
breathtaking	35
breathtakingly	40
breathy	50
bred	35
breech	50
breeches	50
breed	35
breeder	35
breeders	35
breeding	35
breeds	35
breeze	35
breezed	35
breezes	35
breezeway	60
breezeways	60
breezier	35
breeziest	35
breezily	50
breeziness	50
breezing	35
breezy	35
brethren	35
breve	60
breves	60
brevet	60
brevets	60
brevetted	60
brevetting	60
breviaries	50
breviary	50
brevity	35
brew	35
brewed	35
brewer	40
breweries	35
brewers	40
brewery	35
brewing	35
brewpub	60
brewpubs	60
brews	35
briar	50
briars	50
bribe	35
bribed	35
briber	60
bribers	60
bribery	35
bribes	35
bribing	35
brick	35
brickbat	50
brickbats	50
bricked	35
brickie	60
brickies	60
bricking	35
bricklayer	35
bricklayers	35
bricklaying	40
bricks	35
brickwork	60
brickyard	60
brickyards	60
bridal	35
bridals	35
bride	35
bridegroom	35
bridegrooms	35
brides	35
bridesmaid	35
bridesmaids	35
bridge	35
bridgeable	60
bridged	35
bridgehead	50
bridgeheads	50
bridges	35
bridgework	50
bridging	35
bridle	35
bridled	35
bridles	35
bridleway	60
bridleways	60
bridling	35
brie	60
brief	35
briefcase	35
briefcases	35
briefed	35
briefer	35
briefest	35
briefing	35
briefings	40
briefly	35
briefness	50
briefs	35
brig	50
brigade	35
brigades	35
brigadier	60
brigadiers	60
brigand	50
brigandage	50
brigands	50
brigantine	50
brigantines	50
bright	35
brighten	35
brightened	35
brightener	60
brighteners	60
brightening	35
brightens	35
brighter	35
brightest	35
brightly	35
brightness	35
brights	60
brigs	50
brill	60
brilliance	35
brilliancy	50
brilliant	35
brilliantine	60
brilliantly	35
brilliants	35
brim	35
brimful	50
brimless	60
brimmed	35
brimming	35
brims	35
brimstone	35
brindle	60
brindled	50
brine	35
brined	60
brines	60
bring	35
bringer	60
bringers	60
bringing	35
brings	35
brinier	35
briniest	35
brininess	60
brining	60
brink	35
brinkmanship	50
brinks	35
briny	35
brio	60
brioche	60
brioches	60
briquette	50
briquettes	50
brisk	35
brisked	35
brisker	35
briskest	35
brisket	50
briskets	50
brisking	35
briskly	35
briskness	50
brisks	35
bristle	35
bristled	35
bristles	35
bristlier	50
bristliest	50
bristling	35
bristly	50
britches	35
brittle	35
brittleness	50
brittler	35
brittlest	35
bro	60
broach	35
broached	35
broaches	35
broaching	35
broad	35
broadband	50
broadcast	35
broadcaster	40
broadcasters	40
broadcasting	35
broadcasts	35
broadcloth	50
broaden	35
broadened	35
broadening	35
broadens	35
broader	35
broadest	35
broadloom	50
broadly	35
broadminded	60
broadness	50
broads	35
broadsheet	60
broadsheets	60
broadside	35
broadsided	35
broadsides	35
broadsiding	35
broadsword	50
broadswords	50
brocade	35
brocaded	35
brocades	35
brocading	35
broccoli	35
brochette	60
brochettes	60
brochure	35
brochures	35
brogan	50
brogans	50
brogue	40
brogues	40
broil	35
broiled	35
broiler	35
broilers	35
broiling	35
broils	35
broke	35
broken	35
brokenhearted	40
brokenheartedly	60
brokenly	60
brokenness	60
broker	35
brokerage	40
brokerages	40
brokered	35
brokering	35
brokers	35
brollies	60
brolly	60
bromance	60
bromances	60
bromide	50
bromides	50
bromidic	60
bromine	50
bronc	60
bronchi	50
bronchial	50
bronchitic	60
bronchitis	35
bronchus	50
bronco	35
broncobuster	60
broncobusters	60
broncos	35
broncs	60
brontosaur	50
brontosaurs	50
brontosaurus	50
brontosauruses	50
bronze	35
bronzed	35
bronzer	60
bronzers	60
bronzes	35
bronzing	35
brooch	35
brooches	35
brood	35
brooded	35
brooder	50
brooders	50
broodier	60
broodiest	60
broodily	60
broodiness	60
brooding	35
broodingly	60
broodmare	60
broodmares	60
broods	35
broody	60
brook	35
brooked	35
brooking	35
brooklet	60
brooklets	60
brooks	35
broom	35
brooms	35
broomstick	40
broomsticks	40
bros	60
broth	35
brothel	40
brothels	40
brother	35
brotherhood	35
brotherhoods	35
brotherliness	50
brotherly	35
brothers	35
broths	35
brougham	60
broughams	60
brought	35
brouhaha	50
brouhahas	50
brow	35
browbeat	35
browbeaten	35
browbeating	35
browbeats	35
brown	35
browned	35
browner	35
brownest	35
brownfield	60
brownie	35
brownies	35
browning	35
brownish	40
brownness	60
brownnoser	60
brownout	50
brownouts	50
browns	35
brownstone	40
brownstones	40
brows	35
browse	35
browsed	35
browser	40
browsers	40
browses	35
browsing	35
brr	60
bruin	50
bruins	50
bruise	35
bruised	35
bruiser	50
bruisers	50
bruises	35
bruising	35
bruit	60
bruited	60
bruiting	60
bruits	60
brunch	35
brunched	35
brunches	35
brunching	35
brunet	50
brunets	50
brunette	35
brunettes	35
brunt	35
bruschetta	60
brush	35
brushed	35
brushes	35
brushfire	60
brushfires	60
brushing	35
brushstroke	60
brushstrokes	60
brushwood	50
brushwork	60
brushy	60
brusque	35
brusquely	50
brusqueness	50
brusquer	35
brusquest	35
brutal	35
brutalities	35
brutality	35
brutalization	60
brutalize	40
brutalized	40
brutalizes	40
brutalizing	40
brutally	35
brute	35
brutes	35
brutish	35
brutishly	50
brutishness	60
bub	60
bubble	35
bubbled	35
bubblegum	40
bubbles	35
bubblier	35
bubbliest	35
bubbling	35
bubbly	35
bubo	60
buboes	60
bubonic	60
bubs	60
buccaneer	50
buccaneers	50
buck	35
buckaroo	60
buckaroos	60
buckboard	50
buckboards	50
bucked	35
bucket	35
bucketed	35
bucketful	50
bucketfuls	50
bucketing	35
buckets	35
buckeye	50
buckeyes	50
bucking	35
buckle	35
buckled	35
buckler	50
bucklers	50
buckles	35
buckling	35
buckram	50
bucks	35
bucksaw	50
bucksaws	50
buckshot	50
buckskin	50
buckskins	50
buckteeth	50
bucktooth	50
bucktoothed	40
buckwheat	50
buckyball	50
buckyballs	50
bucolic	50
bucolically	60
bucolics	50
bud	35
budded	35
buddies	35
budding	35
buddings	40
buddy	35
budge	35
budged	35
budgerigar	50
budgerigars	50
budges	35
budget	35
budgetary	50
budgeted	35
budgeting	35
budgets	35
budgie	50
budgies	50
budging	35
buds	35
buff	35
buffalo	35
buffaloed	35
buffaloes	35
buffaloing	35
buffed	35
buffer	35
buffered	35
buffering	35
buffers	35
buffet	35
buffeted	35
buffeting	35
buffetings	60
buffets	35
buffing	35
buffoon	35
buffoonery	50
buffoonish	60
buffoons	35
buffs	35
bug	35
bugaboo	50
bugaboos	50
bugbear	50
bugbears	50
bugfix	60
bugfixes	60
bugged	35
bugger	35
buggered	60
buggering	60
buggers	35
buggery	60
buggier	35
buggies	35
buggiest	35
bugging	35
buggy	35
bugle	35
bugled	35
bugler	35
buglers	35
bugles	35
bugling	35
bugs	35
build	35
builder	35
builders	35
building	35
buildings	35
builds	35
buildup	40
buildups	40
built	35
bulb	35
bulbous	35
bulbs	35
bulge	35
bulged	35
bulges	35
bulgier	50
bulgiest	50
bulging	35
bulgur	60
bulgy	50
bulimarexia	60
bulimia	50
bulimic	50
bulimics	50
bulk	35
bulked	35
bulkhead	50
bulkheads	50
bulkier	35
bulkiest	35
bulkiness	50
bulking	35
bulks	35
bulky	35
bull	35
bulldog	35
bulldogged	35
bulldogging	35
bulldogs	35
bulldoze	35
bulldozed	35
bulldozer	35
bulldozers	35
bulldozes	35
bulldozing	35
bulled	35
bullet	35
bulleted	60
bulletin	35
bulletined	35
bulletining	35
bulletins	35
bulletproof	40
bulletproofed	40
bulletproofing	40
bulletproofs	40
bullets	35
bullfight	35
bullfighter	35
bullfighters	35
bullfighting	40
bullfights	35
bullfinch	50
bullfinches	50
bullfrog	35
bullfrogs	35
bullhead	60
bullheaded	50
bullheadedly	60
bullheadedness	60
bullheads	60
bullhorn	50
bullhorns	50
bullied	35
bullies	35
bulling	35
bullion	35
bullish	40
bullishly	60
bullishness	60
bullock	50
bullocks	50
bullpen	50
bullpens	50
bullring	50
bullrings	50
bulls	35
bullseye	60
bullseyes	60
bullshit	40
bullshits	40
bullshitted	40
bullshitter	60
bullshitters	60
bullshitting	40
bullwhip	60
bullwhips	60
bully	35
bullying	35
bulrush	50
bulrushes	50
bulwark	50
bulwarks	50
bum	35
bumbag	60
bumbags	60
bumble	50
bumblebee	35
bumblebees	35
bumbled	50
bumbler	50
bumblers	50
bumbles	50
bumbling	40
bumf	60
bummed	35
bummer	35
bummers	40
bummest	35
bumming	35
bump	35
bumped	35
bumper	35
bumpers	35
bumph	60
bumpier	35
bumpiest	35
bumpiness	60
bumping	35
bumpkin	50
bumpkins	50
bumps	35
bumptious	50
bumptiously	60
bumptiousness	60
bumpy	35
bums	35
bun	35
bunch	35
bunched	35
bunches	35
bunchier	60
bunchiest	60
bunching	35
bunchy	60
bunco	60
buncoed	60
buncoing	60
buncos	60
bundle	35
bundled	35
bundles	35
bundling	35
bung	35
bungalow	35
bungalows	35
bunged	50
bungee	60
bungees	60
bunghole	50
bungholes	50
bunging	50
bungle	35
bungled	35
bungler	35
bunglers	35
bungles	35
bungling	35
bungs	50
bunion	35
bunions	35
bunk	35
bunked	35
bunker	35
bunkers	35
bunkhouse	50
bunkhouses	50
bunking	35
bunks	35
bunkum	50
bunnies	35
bunny	35
buns	35
bunt	50
bunted	50
bunting	50
buntings	50
bunts	50
buoy	35
buoyancy	35
buoyant	35
buoyantly	40
buoyed	35
buoying	35
buoys	35
bur	50
burble	35
burbled	60
burbles	60
burbling	60
burbs	60
burden	35
burdened	35
burdening	35
burdens	35
burdensome	35
burdock	50
bureau	35
bureaucracies	35
bureaucracy	35
bureaucrat	35
bureaucratic	35
bureaucratically	50
bureaucratization	60
bureaucratize	60
bureaucratized	60
bureaucratizes	60
bureaucratizing	60
bureaucrats	35
bureaus	35
burg	50
burgeon	50
burgeoned	50
burgeoning	50
burgeons	50
burger	40
burgers	35
burgh	60
burgher	50
burghers	50
burghs	60
burglar	35
burglaries	35
burglarize	40
burglarized	40
burglarizes	40
burglarizing	40
burglarproof	60
burglarproofed	60
burglarproofing	60
burglarproofs	60
burglars	35
burglary	35
burgle	35
burgled	50
burgles	50
burgling	50
burgomaster	60
burgomasters	60
burgs	50
burgundies	60
burgundy	60
burial	35
burials	35
buried	35
buries	35
burka	50
burkas	50
burl	60
burlap	35
burled	60
burlesque	50
burlesqued	50
burlesques	50
burlesquing	50
burlier	35
burliest	35
burliness	50
burls	60
burly	35
burn	35
burnable	60
burnables	60
burned	35
burner	35
burners	35
burning	35
burnish	35
burnished	35
burnisher	60
burnishers	60
burnishes	35
burnishing	35
burnoose	50
burnooses	50
burnout	50
burnouts	50
burns	35
burnt	35
burp	35
burped	35
burping	35
burps	35
burr	35
burred	35
burring	35
burrito	50
burritos	50
burro	35
burros	35
burrow	35
burrowed	35
burrower	60
burrowers	60
burrowing	35
burrows	35
burrs	35
burs	50
bursa	60
bursae	60
bursar	35
bursaries	60
bursars	40
bursary	60
bursitis	50
burst	35
bursting	35
bursts	35
bury	35
burying	35
bus	35
busbies	50
busboy	40
busboys	40
busby	50
bused	35
buses	35
busgirl	60
busgirls	60
bush	35
bushed	35
bushel	35
busheled	35
busheling	35
bushels	35
bushes	35
bushier	35
bushiest	35
bushiness	50
bushing	35
bushings	50
bushman	50
bushmaster	60
bushmasters	60
bushmen	50
bushwhack	50
bushwhacked	50
bushwhacker	50
bushwhackers	50
bushwhacking	50
bushwhacks	50
bushy	35
busied	35
busier	35
busies	35
busiest	35
busily	35
business	35
businesses	35
businesslike	40
businessman	35
businessmen	35
businessperson	60
businesspersons	60
businesswoman	35
businesswomen	35
busing	35
busk	60
busked	60
busker	60
buskers	60
buskin	60
busking	60
buskins	60
busks	60
busload	60
busloads	60
buss	50
bussed	50
busses	50
bussing	50
bust	35
busted	35
buster	40
busters	40
bustier	60
bustiers	60
bustiest	60
busting	35
bustle	35
bustled	35
bustles	35
bustling	35
busts	35
busty	60
busy	35
busybodies	35
busybody	35
busying	35
busyness	50
busywork	40
but	35
butane	50
butch	50
butcher	35
butchered	35
butcheries	35
butchering	35
butchers	35
butchery	35
butches	50
butler	35
butlers	35
buts	60
butt	35
butte	35
butted	35
butter	35
butterball	60
butterballs	60
buttercream	60
buttercup	35
buttercups	35
buttered	35
butterfat	50
butterfingered	60
butterfingers	40
butterflied	35
butterflies	35
butterfly	35
butterflying	35
butterier	50
butteries	50
butteriest	50
buttering	35
buttermilk	35
butternut	50
butternuts	50
butters	35
butterscotch	35
buttery	35
buttes	35
butties	60
butting	35
buttock	40
buttocks	35
button	35
buttoned	35
buttonhole	35
buttonholed	35
buttonholes	35
buttonholing	35
buttoning	35
buttons	35
buttonwood	60
buttonwoods	60
buttress	35
buttressed	35
buttresses	35
buttressing	35
butts	35
butty	60
buxom	35
buy	35
buyback	60
buybacks	60
buyer	35
buyers	35
buying	35
buyout	40
buyouts	40
buys	35
buzz	35
buzzard	35
buzzards	35
buzzed	35
buzzer	35
buzzers	35
buzzes	35
buzzing	35
buzzkill	50
buzzkills	50
buzzword	40
buzzwords	40
buzzy	60
by	35
bycatch	60
bye	35
byes	35
bygone	35
bygones	35
bylaw	40
bylaws	40
byline	50
bylines	50
bypass	35
bypassed	35
bypasses	35
bypassing	35
bypath	60
bypaths	60
byplay	50
byproduct	40
byproducts	40
byre	60
byres	60
byroad	60
byroads	60
bystander	35
bystanders	35
byte	35
bytes	35
byway	35
byways	35
byword	50
bywords	50
byzantine	60
cab	35
cabal	50
caballero	60
caballeros	60
cabals	50
cabana	50
cabanas	50
cabaret	35
cabarets	35
cabbage	35
cabbages	35
cabbed	35
cabbies	40
cabbing	35
cabby	40
cabdriver	60
cabdrivers	60
caber	60
cabers	60
cabin	35
cabinet	35
cabinetmaker	50
cabinetmakers	50
cabinetmaking	60
cabinetry	60
cabinets	35
cabinetwork	60
cabins	35
cable	35
cablecast	50
cablecasting	50
cablecasts	50
cabled	35
cablegram	50
cablegrams	50
cables	35
cabling	35
cabochon	60
cabochons	60
caboodle	50
caboose	35
cabooses	35
cabriolet	60
cabriolets	60
cabs	35
cabstand	60
cabstands	60
cacao	35
cacaos	35
cache	35
cached	35
cachepot	60
cachepots	60
caches	35
cachet	40
cachets	40
caching	35
cackle	35
cackled	35
cackler	60
cacklers	60
cackles	35
cackling	35
cacophonies	50
cacophonous	50
cacophony	50
cacti	35
cactus	35
cad	35
cadaver	40
cadaverous	50
cadavers	40
caddie	50
caddied	35
caddies	35
caddish	50
caddishly	60
caddishness	60
caddying	35
cadence	35
cadenced	60
cadences	35
cadenza	50
cadenzas	50
cadet	35
cadets	35
cadge	50
cadged	50
cadger	50
cadgers	50
cadges	50
cadging	50
cadmium	50
cadre	40
cadres	40
cads	50
caducei	50
caduceus	50
caesura	50
caesuras	50
cafe	35
cafes	35
cafeteria	35
cafeterias	35
cafetiere	60
cafetieres	60
caff	60
caffeinated	50
caffeine	35
caffs	60
caftan	50
caftans	50
cage	35
caged	35
cages	35
cagey	35
cagier	35
cagiest	35
cagily	50
caginess	50
caging	35
cagoule	60
cagoules	60
cahoot	60
cahoots	40
caiman	60
caimans	60
cairn	50
cairns	50
caisson	50
caissons	50
caitiff	60
caitiffs	60
cajole	35
cajoled	35
cajolement	60
cajoler	60
cajolers	60
cajolery	50
cajoles	35
cajoling	35
cake	35
caked	35
cakes	35
cakewalk	60
cakewalks	60
caking	35
calabash	50
calabashes	50
calaboose	60
calabooses	60
calamari	60
calamaris	60
calamine	50
calamities	35
calamitous	50
calamitously	60
calamity	35
calcareous	60
calciferous	60
calcification	60
calcified	50
calcifies	50
calcify	50
calcifying	50
calcimine	60
calcimined	60
calcimines	60
calcimining	60
calcine	50
calcined	50
calcines	50
calcining	50
calcite	50
calcium	35
calculable	50
calculate	35
calculated	35
calculatedly	60
calculates	35
calculating	35
calculatingly	60
calculation	35
calculations	35
calculative	60
calculator	35
calculators	35
calculi	35
calculus	35
caldera	60
calderas	60
calendar	35
calendared	35
calendaring	35
calendars	35
calf	35
calfskin	50
caliber	35
calibers	35
calibrate	35
calibrated	35
calibrates	35
calibrating	35
calibration	35
calibrations	35
calibrator	50
calibrators	50
calico	35
calicoes	35
californium	60
caliper	50
calipered	50
calipering	50
calipers	50
caliph	50
caliphate	50
caliphates	50
caliphs	50
calisthenic	50
calisthenics	50
calk	35
calked	35
calking	35
calks	35
call	35
calla	60
callable	35
callas	60
callback	60
callbacks	60
called	35
caller	35
callers	35
calligrapher	50
calligraphers	50
calligraphic	60
calligraphist	60
calligraphists	60
calligraphy	35
calling	35
callings	35
calliope	50
calliopes	50
callosities	60
callosity	60
callous	35
calloused	35
callouses	35
callousing	35
callously	40
callousness	40
callow	35
callower	50
callowest	50
callowness	60
calls	35
callus	35
callused	35
calluses	35
callusing	35
calm	35
calmed	35
calmer	35
calmest	35
calming	35
calmly	35
calmness	35
calms	35
caloric	50
calorie	35
calories	35
calorific	50
calumet	60
calumets	60
calumniate	50
calumniated	50
calumniates	50
calumniating	50
calumniation	60
calumniator	60
calumniators	60
calumnies	50
calumnious	60
calumny	50
calve	50
calved	50
calves	35
calving	50
calypso	50
calypsos	50
calyx	50
calyxes	50
calzone	60
calzones	60
cam	35
camaraderie	35
camber	50
cambered	50
cambering	50
cambers	50
cambial	60
cambium	50
cambiums	50
cambric	50
camcorder	40
camcorders	40
came	35
camel	35
camellia	40
camellias	40
camels	35
cameo	35
cameos	35
camera	35
cameraman	40
cameramen	40
camerapeople	60
cameraperson	60
camerapersons	60
cameras	35
camerawoman	40
camerawomen	40
camerawork	60
camiknickers	60
camisole	50
camisoles	50
camo	60
camos	60
camouflage	35
camouflaged	35
camouflager	60
camouflagers	60
camouflages	35
camouflaging	35
camp	35
campaign	35
campaigned	35
campaigner	40
campaigners	35
campaigning	35
campaigns	35
campanile	50
campaniles	50
campanologist	60
campanologists	60
campanology	60
camped	35
camper	35
campers	35
campfire	50
campfires	50
campground	40
campgrounds	40
camphor	50
campier	50
campiest	50
camping	35
campout	60
campouts	60
camps	35
campsite	40
campsites	40
campus	35
campuses	35
campy	50
cams	50
camshaft	50
camshafts	50
can	35
canal	35
canalization	60
canalize	60
canalized	60
canalizes	60
canalizing	60
canals	35
canape	50
canapes	50
canard	50
canards	50
canaries	35
canary	35
canasta	50
cancan	50
cancans	50
cancel	35
canceled	35
canceler	60
cancelers	60
canceling	35
cancellation	35
cancellations	35
cancelous	60
cancels	35
cancer	35
cancerous	50
cancers	35
candelabra	50
candelabras	50
candelabrum	50
candid	35
candida	60
candidacies	35
candidacy	35
candidate	35
candidates	35
candidature	60
candidatures	60
candidly	35
candidness	50
candied	35
candies	35
candle	35
candled	35
candleholder	60
candleholders	60
candlelight	40
candlelit	60
candlepower	60
candler	60
candlers	60
candles	35
candlestick	35
candlesticks	35
candlewick	60
candlewicks	60
candling	35
candor	35
candy	35
candyfloss	60
candying	35
cane	35
canebrake	60
canebrakes	60
caned	35
caner	60
caners	60
canes	35
canine	35
canines	35
caning	35
canister	35
canisters	35
canker	35
cankered	35
cankering	35
cankerous	50
cankers	35
cannabis	40
cannabises	40
canned	35
cannellini	60
cannelloni	60
canneries	35
cannery	35
cannibal	35
cannibalism	35
cannibalistic	50
cannibalization	60
cannibalize	50
cannibalized	50
cannibalizes	50
cannibalizing	50
cannibals	35
cannier	35
canniest	35
cannily	50
canniness	50
canning	35
cannon	35
cannonade	50
cannonaded	50
cannonades	50
cannonading	50
cannonball	40
cannonballs	40
cannoned	35
cannoning	35
cannons	35
cannot	35
canny	35
canoe	35
canoed	35
canoeing	35
canoeist	50
canoeists	50
canoes	35
canola	60
canon	35
canonical	35
canonically	60
canonization	50
canonizations	50
canonize	50
canonized	50
canonizes	50
canonizing	50
canons	35
canoodle	60
canoodled	60
canoodles	60
canoodling	60
canopied	35
canopies	35
canopy	35
canopying	35
cans	35
cant	35
cantabile	60
cantaloupe	35
cantaloupes	35
cantankerous	35
cantankerously	50
cantankerousness	50
cantata	50
cantatas	50
canted	50
canteen	35
canteens	35
canter	35
cantered	35
cantering	35
canters	35
canticle	50
canticles	50
cantilever	50
cantilevered	50
cantilevering	50
cantilevers	50
cantina	60
cantinas	60
canting	50
canto	50
canton	50
cantonal	60
cantonment	60
cantonments	60
cantons	50
cantor	50
cantors	50
cantos	50
cants	50
canvas	35
canvasback	50
canvasbacks	50
canvased	35
canvases	35
canvasing	35
canvass	35
canvassed	35
canvasser	50
canvassers	35
canvasses	35
canvassing	35
canyon	35
canyoning	60
canyons	35
cap	35
capabilities	35
capability	35
capable	35
capably	35
capacious	50
capaciously	50
capaciousness	50
capacitance	35
capacities	35
capacitor	35
capacitors	35
capacity	35
caparison	50
caparisoned	50
caparisoning	50
caparisons	50
cape	35
caped	35
caper	35
capered	35
capering	35
capers	35
capes	35
capeskin	60
capillaries	35
capillarity	60
capillary	35
capita	60
capital	35
capitalism	35
capitalist	35
capitalistic	50
capitalistically	60
capitalists	35
capitalization	35
capitalize	35
capitalized	35
capitalizes	35
capitalizing	35
capitally	60
capitals	35
capitation	60
capitations	60
capitol	40
capitols	40
capitulate	35
capitulated	35
capitulates	35
capitulating	35
capitulation	40
capitulations	40
caplet	50
caplets	50
capo	60
capon	50
capons	50
capos	60
capped	35
capping	35
cappuccino	40
cappuccinos	40
caprice	35
caprices	35
capricious	35
capriciously	35
capriciousness	50
caps	35
capsicum	60
capsicums	60
capsize	35
capsized	35
capsizes	35
capsizing	35
capstan	50
capstans	50
capstone	60
capstones	60
capsular	60
capsule	35
capsuled	35
capsules	35
capsuling	35
capsulize	60
capsulized	60
capsulizes	60
capsulizing	60
captain	35
captaincies	50
captaincy	50
captained	35
captaining	35
captains	35
captcha	60
captchas	60
caption	35
captioned	35
captioning	35
captions	35
captious	50
captiously	60
captiousness	60
captivate	35
captivated	35
captivates	35
captivating	35
captivation	50
captivator	60
captivators	60
captive	35
captives	35
captivities	35
captivity	35
captor	35
captors	35
capture	35
captured	35
captures	35
capturing	35
car	35
carabiner	60
carabiners	60
carafe	50
carafes	50
caramel	35
caramelize	60
caramelized	60
caramelizes	60
caramelizing	60
caramels	35
carapace	50
carapaces	50
carat	35
carats	35
caravan	35
caravans	35
caravansaries	60
caravansary	60
caravel	60
caravels	60
caraway	50
caraways	50
carbide	50
carbides	50
carbine	50
carbines	50
carbohydrate	35
carbohydrates	35
carbolic	60
carbon	35
carbonaceous	60
carbonara	60
carbonate	50
carbonated	40
carbonates	50
carbonating	50
carbonation	50
carboniferous	60
carbonize	60
carbonized	60
carbonizes	60
carbonizing	60
carbons	35
carborundum	60
carboy	50
carboys	50
carbs	50
carbuncle	50
carbuncles	50
carbuncular	60
carburetor	35
carburetors	35
carcass	35
carcasses	35
carcinogen	50
carcinogenic	35
carcinogenicity	60
carcinogenics	50
carcinogens	50
carcinoma	50
carcinomas	50
card	35
cardamom	60
cardamoms	60
cardamon	60
cardamons	60
cardboard	35
carded	35
carder	60
carders	60
cardholder	60
cardholders	60
cardiac	35
cardie	60
cardies	60
cardigan	35
cardigans	35
cardinal	35
cardinally	60
cardinals	35
carding	35
cardio	50
cardiogram	50
cardiograms	50
cardiograph	60
cardiographs	60
cardiologist	50
cardiologists	50
cardiology	40
cardiomyopathies	60
cardiomyopathy	60
cardiopulmonary	50
cardiovascular	50
cards	35
cardsharp	50
cardsharper	60
cardsharpers	60
cardsharps	50
care	35
cared	35
careen	40
careened	40
careening	40
careens	40
career	35
careered	35
careering	35
careerism	60
careerist	60
careerists	60
careers	35
carefree	35
careful	35
carefuller	35
carefullest	35
carefully	35
carefulness	35
caregiver	50
caregivers	50
caregiving	60
careless	35
carelessly	35
carelessness	35
carer	60
carers	60
cares	35
caress	35
caressed	35
caresses	35
caressing	35
caret	50
caretaker	35
caretakers	35
caretaking	60
carets	50
careworn	50
carfare	50
cargo	35
cargoes	35
carhop	60
carhops	60
caribou	35
caribous	35
caricature	35
caricatured	35
caricatures	35
caricaturing	35
caricaturist	50
caricaturists	50
caries	50
carillon	50
carillons	50
caring	35
carious	60
carjack	60
carjacked	60
carjacker	40
carjackers	40
carjacking	40
carjackings	40
carjacks	60
carload	60
carloads	60
carmaker	60
carmakers	60
carmine	50
carmines	50
carnage	35
carnal	35
carnality	60
carnally	50
carnation	35
carnations	35
carnelian	50
carnelians	50
carnies	60
carnitas	60
carnival	35
carnivals	35
carnivora	60
carnivore	35
carnivores	35
carnivorous	35
carnivorously	60
carnivorousness	60
carny	60
carob	60
carobs	60
carol	35
caroled	35
caroler	50
carolers	50
caroling	35
carols	35
carom	50
caromed	50
caroming	50
caroms	50
carotene	60
carotid	50
carotids	50
carousal	50
carousals	50
carouse	35
caroused	35
carousel	40
carousels	40
carouser	50
carousers	50
carouses	35
carousing	35
carp	35
carpaccio	60
carpaccios	60
carpal	50
carpals	50
carped	35
carpel	50
carpels	50
carpenter	35
carpentered	35
carpentering	35
carpenters	35
carpentry	35
carper	60
carpers	60
carpet	35
carpetbag	50
carpetbagged	50
carpetbagger	50
carpetbaggers	50
carpetbagging	50
carpetbags	50
carpeted	35
carpeting	35
carpets	35
carpi	50
carping	35
carpool	40
carpooled	60
carpooling	60
carpools	40
carport	50
carports	50
carps	35
carpus	50
carrel	50
carrels	50
carriage	35
carriages	35
carriageway	35
carriageways	60
carried	35
carrier	35
carriers	35
carries	35
carrion	35
carrot	35
carrots	35
carroty	60
carry	35
carryall	50
carryalls	50
carrycot	60
carrycots	60
carrying	35
carryout	40
carryover	60
carryovers	60
cars	35
carsick	50
carsickness	50
cart	35
cartage	60
carted	35
cartel	35
cartels	35
carter	60
carters	60
carthorse	60
carthorses	60
cartilage	35
cartilages	35
cartilaginous	50
carting	35
cartload	60
cartloads	60
cartographer	35
cartographers	35
cartographic	60
cartography	35
carton	35
cartons	35
cartoon	35
cartooned	35
cartooning	35
cartoonish	60
cartoonist	35
cartoonists	35
cartoonlike	60
cartoons	35
cartridge	35
cartridges	35
carts	35
cartwheel	35
cartwheeled	35
cartwheeling	35
cartwheels	35
carve	35
carved	35
carver	50
carveries	60
carvers	50
carvery	60
carves	35
carving	35
carvings	40
caryatid	50
caryatids	50
casa	60
casaba	60
casabas	60
casas	60
cascade	35
cascaded	35
cascades	35
cascading	35
cascara	60
cascaras	60
case	35
casebook	60
casebooks	60
cased	35
caseharden	60
casehardened	60
casehardening	60
casehardens	60
casein	50
caseload	50
caseloads	50
casement	50
casements	50
cases	35
casework	40
caseworker	40
caseworkers	40
cash	35
cashback	50
cashbook	60
cashbooks	60
cashed	35
cashes	35
cashew	35
cashews	35
cashier	35
cashiered	35
cashiering	35
cashiers	35
cashing	35
cashless	60
cashmere	35
casing	35
casings	35
casino	35
casinos	35
cask	35
casket	35
caskets	35
casks	35
cassava	50
cassavas	50
casserole	35
casseroled	35
casseroles	35
casseroling	35
cassette	35
cassettes	35
cassia	50
cassias	50
cassock	50
cassocks	50
cassowaries	60
cassowary	60
cast	35
castanet	50
castanets	50
castaway	35
castaways	35
caste	35
castellated	60
caster	35
casters	35
castes	35
castigate	35
castigated	35
castigates	35
castigating	35
castigation	40
castigator	50
castigators	50
casting	35
castings	35
castle	35
castled	35
castles	35
castling	35
castoff	35
castoffs	35
castor	50
castors	50
castrate	35
castrated	35
castrates	35
castrating	35
castration	40
castrations	40
casts	35
casual	35
casually	35
casualness	40
casuals	35
casualties	35
casualty	35
casuist	50
casuistic	60
casuistry	50
casuists	50
cat	35
cataclysm	35
cataclysmal	60
cataclysmic	35
cataclysms	35
catacomb	50
catacombs	50
catafalque	50
catafalques	50
catalepsy	50
cataleptic	50
cataleptics	50
catalog	35
cataloged	35
cataloger	50
catalogers	50
cataloging	35
catalogs	35
catalpa	50
catalpas	50
catalysis	50
catalyst	40
catalysts	40
catalytic	50
catalytics	50
catalyze	60
catalyzed	50
catalyzes	60
catalyzing	60
catamaran	40
catamarans	40
catapult	35
catapulted	35
catapulting	35
catapults	35
cataract	35
cataracts	35
catarrh	50
catastrophe	35
catastrophes	35
catastrophic	35
catastrophically	50
catatonia	60
catatonic	50
catatonics	50
catbird	50
catbirds	50
catboat	50
catboats	50
catcall	35
catcalled	35
catcalling	35
catcalls	35
catch	35
catchable	60
catchall	50
catchalls	50
catcher	50
catchers	50
catches	35
catchier	35
catchiest	35
catching	35
catchings	35
catchment	35
catchments	60
catchpenny	60
catchphrase	40
catchphrases	60
catchword	50
catchwords	50
catchy	35
catechism	35
catechisms	35
catechist	60
catechists	60
catechize	50
catechized	50
catechizes	50
catechizing	50
categorical	35
categorically	35
categories	35
categorization	50
categorizations	50
categorize	35
categorized	35
categorizes	35
categorizing	35
category	35
cater	35
catercorner	60
catered	35
caterer	35
caterers	35
catering	35
caterings	40
caterpillar	35
caterpillars	35
caters	35
caterwaul	50
caterwauled	50
caterwauling	50
caterwauls	50
catfight	60
catfights	60
catfish	35
catfishes	35
catgut	50
catharses	50
catharsis	50
cathartic	50
cathartics	50
cathedral	35
cathedrals	35
catheter	50
catheterize	60
catheterized	60
catheterizes	60
catheterizing	60
catheters	50
cathode	50
cathodes	50
cathodic	60
catholic	35
catholicity	50
cation	50
cations	50
catkin	50
catkins	50
catlike	60
catnap	35
catnapped	35
catnapping	35
catnaps	35
catnip	35
cats	35
catsuit	60
catsuits	60
cattail	50
cattails	50
catteries	60
cattery	60
cattier	40
cattiest	40
cattily	50
cattiness	50
cattle	35
cattleman	50
cattlemen	50
catty	40
catwalk	35
catwalks	35
caucus	35
caucused	35
caucuses	35
caucusing	35
caudal	50
caudally	60
caught	35
cauldron	50
cauldrons	50
cauliflower	35
cauliflowers	35
caulk	35
caulked	35
caulker	60
caulkers	60
caulking	35
caulks	35
causal	35
causalities	50
causality	35
causally	50
causation	50
causative	50
cause	35
caused	35
causeless	50
causer	60
causerie	60
causeries	60
causers	60
causes	35
causeway	35
causeways	35
causing	35
caustic	35
caustically	50
causticity	60
caustics	35
cauterization	60
cauterize	50
cauterized	50
cauterizes	50
cauterizing	50
caution	35
cautionary	40
cautioned	35
cautioning	35
cautions	35
cautious	35
cautiously	35
cautiousness	50
cavalcade	50
cavalcades	50
cavalier	35
cavalierly	60
cavaliers	35
cavalries	35
cavalry	35
cavalryman	50
cavalrymen	50
cave	35
caveat	35
caveats	35
caved	35
caveman	40
cavemen	40
caver	60
cavern	35
cavernous	50
cavernously	60
caverns	35
cavers	60
caves	35
caviar	35
cavil	50
caviled	50
caviler	60
cavilers	60
caviling	50
cavils	50
caving	35
cavitation	60
cavities	35
cavity	35
cavort	35
cavorted	35
cavorting	35
cavorts	35
caw	35
cawed	35
cawing	35
caws	35
cay	60
cayenne	50
cays	60
cayuse	60
cayuses	60
cease	35
ceased	35
ceasefire	35
ceasefires	40
ceaseless	35
ceaselessly	35
ceaselessness	60
ceases	35
ceasing	35
ceca	60
cecal	60
cecum	60
cedar	35
cedars	35
cede	35
ceded	35
ceder	60
ceders	60
cedes	35
cedilla	50
cedillas	50
ceding	35
ceilidh	60
ceilidhs	60
ceiling	35
ceilings	35
celandine	60
celeb	60
celebrant	50
celebrants	50
celebrate	35
celebrated	35
celebrates	35
celebrating	35
celebration	35
celebrations	35
celebrator	60
celebrators	60
celebratory	50
celebrities	35
celebrity	35
celebs	60
celeriac	60
celerity	50
celery	35
celesta	50
celestas	50
celestial	35
celestially	60
celiac	60
celibacy	35
celibate	35
celibates	35
cell	35
cellar	35
cellars	35
celled	60
cellist	35
cellists	35
cellmate	60
cellmates	60
cello	35
cellophane	35
cellos	35
cellphone	60
cellphones	60
cells	35
cellular	35
cellulite	50
cellulitis	60
celluloid	40
cellulose	35
cement	35
cemented	35
cementer	60
cementers	60
cementing	35
cements	35
cementum	60
cemeteries	35
cemetery	35
cenobite	60
cenobites	60
cenobitic	60
cenotaph	50
cenotaphs	50
censer	50
censers	50
censor	35
censored	35
censorial	60
censoring	35
censorious	50
censoriously	50
censoriousness	60
censors	35
censorship	35
censurable	60
censure	35
censured	35
censurer	60
censurers	60
censures	35
censuring	35
census	35
censused	35
censuses	35
censusing	35
cent	35
centaur	50
centaurs	50
centavo	60
centavos	60
centenarian	50
centenarians	50
centenaries	40
centenary	40
centennial	35
centennially	60
centennials	35
center	35
centerboard	60
centerboards	60
centered	35
centerfold	50
centerfolds	50
centering	35
centerline	60
centerlines	60
centerpiece	35
centerpieces	35
centers	35
centigrade	40
centigram	50
centigrams	50
centiliter	50
centiliters	50
centime	50
centimes	50
centimeter	35
centimeters	35
centipede	35
centipedes	35
central	35
centralism	60
centralist	60
centrality	60
centralization	50
centralize	35
centralized	35
centralizer	60
centralizers	60
centralizes	35
centralizing	35
centrally	35
centrals	35
centric	60
centrifugal	50
centrifugally	60
centrifuge	35
centrifuged	50
centrifuges	50
centrifuging	50
centripetal	50
centripetally	60
centrism	60
centrist	50
centrists	50
cents	35
centuries	35
centurion	50
centurions	50
century	35
cephalic	50
cephalopod	60
cephalopods	60
ceramic	35
ceramicist	60
ceramicists	60
ceramics	40
ceramist	60
ceramists	60
cereal	35
cereals	35
cerebellar	60
cerebellum	50
cerebellums	50
cerebral	35
cerebrate	60
cerebrated	60
cerebrates	60
cerebrating	60
cerebration	60
cerebrovascular	60
cerebrum	50
cerebrums	50
cerement	60
cerements	60
ceremonial	35
ceremonially	50
ceremonials	35
ceremonies	35
ceremonious	35
ceremoniously	50
ceremoniousness	60
ceremony	35
cerise	50
cerium	60
cermet	60
cert	60
certain	35
certainly	35
certainties	35
certainty	35
certifiable	40
certifiably	60
certificate	35
certificated	35
certificates	35
certificating	35
certification	40
certifications	40
certified	35
certifies	35
certify	35
certifying	35
certitude	50
certitudes	50
certs	60
cerulean	50
cervical	35
cervices	40
cervix	40
cesarean	40
cesareans	40
cesium	50
cessation	35
cessations	35
cession	50
cessions	50
cesspit	60
cesspits	60
cesspool	40
cesspools	40
cetacean	50
cetaceans	50
ceteris	60
ceviche	60
chador	60
chadors	60
chafe	35
chafed	35
chafes	35
chaff	35
chaffed	35
chaffinch	50
chaffinches	50
chaffing	35
chaffs	35
chafing	35
chagrin	35
chagrined	35
chagrining	35
chagrins	35
chai	60
chain	35
chained	35
chaining	35
chains	35
chainsaw	35
chainsawed	40
chainsawing	40
chainsaws	40
chair	35
chairback	60
chairbacks	60
chaired	35
chairing	35
chairlift	50
chairlifts	50
chairman	35
chairmanship	40
chairmanships	40
chairmen	35
chairperson	35
chairpersons	35
chairs	35
chairwoman	40
chairwomen	40
chaise	50
chaises	50
chakra	60
chakras	60
chalcedony	60
chalet	35
chalets	35
chalice	35
chalices	35
chalk	35
chalkboard	40
chalkboards	40
chalked	35
chalkier	35
chalkiest	35
chalkiness	60
chalking	35
chalks	35
chalky	35
challah	60
challahs	60
challenge	35
challenged	35
challenger	35
challengers	35
challenges	35
challenging	35
challis	60
chamber	35
chambered	60
chamberlain	50
chamberlains	50
chambermaid	50
chambermaids	50
chambers	35
chambray	50
chameleon	35
chameleons	35
chamois	50
chamomile	50
chamomiles	50
champ	35
champagne	35
champagnes	35
champed	35
champers	60
champing	35
champion	35
championed	35
championing	35
champions	35
championship	35
championships	35
champs	35
chance	35
chanced	35
chancel	50
chancelleries	50
chancellery	50
chancellor	35
chancellors	35
chancellorship	60
chancels	50
chanceries	50
chancery	50
chances	35
chancier	50
chanciest	50
chanciness	60
chancing	35
chancre	60
chancres	60
chancy	50
chandelier	35
chandeliers	35
chandler	50
chandlers	50
change	35
changeability	60
changeable	35
changeableness	60
changeably	60
changed	35
changeless	60
changelessly	60
changeling	50
changelings	50
changeover	35
changeovers	40
changer	60
changers	60
changes	35
changeup	60
changeups	60
changing	35
channel	35
channeled	35
channeling	35
channelization	60
channelize	60
channelized	60
channelizes	60
channelizing	60
channels	35
chanson	60
chansons	60
chant	35
chanted	35
chanter	50
chanterelle	60
chanterelles	60
chanters	50
chanteuse	60
chanteuses	60
chantey	50
chanteys	50
chanticleer	50
chanticleers	50
chanting	35
chants	35
chaos	35
chaotic	35
chaotically	50
chap	35
chaparral	50
chaparrals	50
chapati	60
chapatis	60
chapatti	60
chapattis	60
chapbook	60
chapbooks	60
chapeau	60
chapeaus	60
chapel	35
chapels	35
chaperon	35
chaperonage	60
chaperoned	35
chaperoning	35
chaperons	35
chaplain	35
chaplaincies	50
chaplaincy	50
chaplains	35
chaplet	50
chaplets	50
chapped	35
chappies	60
chapping	35
chappy	60
chaps	35
chapter	35
chapters	35
char	35
charabanc	60
charabancs	60
character	35
characterful	60
characteristic	35
characteristically	35
characteristics	35
characterization	35
characterizations	40
characterize	35
characterized	35
characterizes	35
characterizing	35
characterless	60
characters	35
charade	40
charades	40
charbroil	50
charbroiled	50
charbroiling	50
charbroils	50
charcoal	35
charcoals	35
charcuterie	60
chard	60
chardonnay	60
chardonnays	60
charge	35
chargeable	35
charged	35
charger	35
chargers	50
charges	35
charging	35
charier	50
chariest	50
charily	50
chariness	60
chariot	35
charioteer	50
charioteers	50
chariots	35
charisma	35
charismatic	35
charismatics	35
charitable	35
charitableness	60
charitably	35
charities	35
charity	35
charladies	60
charlady	60
charlatan	35
charlatanism	60
charlatanry	60
charlatans	35
charlie	60
charlies	60
charm	35
charmed	35
charmer	40
charmers	40
charming	35
charmingly	50
charmless	60
charms	35
charred	35
charring	35
chars	35
chart	35
charted	35
charter	35
chartered	35
charterer	60
charterers	60
chartering	35
charters	35
charting	35
chartreuse	50
charts	35
charwoman	50
charwomen	50
chary	50
chase	35
chased	35
chaser	50
chasers	50
chases	35
chasing	35
chasm	35
chasms	35
chassis	35
chaste	35
chastely	50
chasten	35
chastened	35
chasteness	60
chastening	35
chastens	35
chaster	35
chastest	35
chastise	35
chastised	35
chastisement	35
chastisements	35
chastiser	60
chastisers	60
chastises	35
chastising	35
chastity	35
chasuble	50
chasubles	50
chat	35
chateau	40
chateaux	40
chatelaine	50
chatelaines	50
chatline	60
chatlines	60
chatroom	60
chatrooms	60
chats	35
chatted	35
chattel	50
chattels	50
chatter	35
chatterbox	35
chatterboxes	35
chattered	35
chatterer	50
chatterers	50
chattering	35
chatters	35
chattier	35
chattiest	35
chattily	50
chattiness	50
chatting	35
chatty	35
chauffeur	35
chauffeured	35
chauffeuring	35
chauffeurs	35
chauvinism	40
chauvinist	35
chauvinistic	40
chauvinistically	60
chauvinists	35
cheap	35
cheapen	35
cheapened	35
cheapening	35
cheapens	35
cheaper	35
cheapest	35
cheaply	35
cheapness	35
cheapo	60
cheapskate	40
cheapskates	40
cheat	35
cheated	35
cheater	40
cheaters	40
cheating	35
cheats	35
check	35
checkable	60
checkbook	40
checkbooks	40
checkbox	60
checkboxes	60
checked	35
checker	35
checkerboard	40
checkerboards	40
checkered	40
checkering	40
checkers	35
checking	35
checklist	40
checklists	40
checkmate	40
checkmated	40
checkmates	40
checkmating	40
checkoff	60
checkoffs	60
checkout	35
checkouts	40
checkpoint	35
checkpoints	40
checkroom	50
checkrooms	50
checks	35
checksum	60
checksums	60
checkup	35
checkups	35
cheddar	40
cheek	35
cheekbone	40
cheekbones	40
cheeked	35
cheekier	50
cheekiest	50
cheekily	50
cheekiness	50
cheeking	35
cheeks	35
cheeky	50
cheep	35
cheeped	35
cheeping	35
cheeps	35
cheer	35
cheered	35
cheerer	60
cheerers	60
cheerful	35
cheerfuller	35
cheerfullest	35
cheerfully	35
cheerfulness	35
cheerier	35
cheeriest	35
cheerily	50
cheeriness	50
cheering	35
cheerio	60
cheerios	60
cheerlead	60
cheerleader	40
cheerleaders	40
cheerleading	60
cheerleads	60
cheerled	60
cheerless	50
cheerlessly	50
cheerlessness	50
cheers	35
cheery	35
cheese	35
cheeseboard	60
cheeseboards	60
cheeseburger	40
cheeseburgers	40
cheesecake	40
cheesecakes	40
cheesecloth	35
cheeseparing	60
cheeses	35
cheesesteak	60
cheesesteaks	60
cheesier	50
cheesiest	50
cheesiness	60
cheesy	50
cheetah	35
cheetahs	35
chef	35
chefs	35
chemical	35
chemically	35
chemicals	35
chemise	50
chemises	50
chemist	35
chemistry	35
chemists	35
chemo	60
chemotherapeutic	60
chemotherapy	40
chemurgy	60
chenille	50
cherish	35
cherished	35
cherishes	35
cherishing	35
cheroot	50
cheroots	50
cherries	35
cherry	35
chert	60
cherub	35
cherubic	50
cherubim	35
cherubs	35
chervil	50
chess	35
chessboard	40
chessboards	40
chessman	50
chessmen	50
chest	35
chested	60
chesterfield	60
chesterfields	60
chestful	60
chestfuls	60
chestier	60
chestiest	60
chestnut	35
chestnuts	35
chests	35
chesty	60
chevalier	60
chevaliers	60
cheviot	60
chevron	50
chevrons	50
chew	35
chewable	60
chewed	35
chewer	50
chewers	50
chewier	35
chewiest	35
chewiness	60
chewing	35
chews	35
chewy	35
chez	60
chi	35
chia	60
chiaroscuro	50
chic	35
chicane	60
chicaneries	50
chicanery	50
chicanes	60
chicer	35
chicest	35
chichi	50
chichis	50
chick	35
chickadee	40
chickadees	40
chicken	35
chickened	35
chickenhearted	50
chickening	35
chickenpox	40
chickens	35
chickenshit	60
chickenshits	60
chickpea	50
chickpeas	50
chicks	35
chickweed	50
chicle	50
chicness	60
chicories	50
chicory	50
chide	35
chided	35
chides	35
chiding	35
chidingly	60
chief	35
chiefdom	60
chiefer	35
chiefest	35
chiefly	35
chiefs	35
chieftain	35
chieftains	35
chieftainship	60
chieftainships	60
chiffon	40
chiffonier	60
chiffoniers	60
chigger	50
chiggers	50
chignon	50
chignons	50
chihuahua	60
chihuahuas	60
chilblain	50
chilblains	50
child	35
childbearing	40
childbirth	35
childbirths	35
childcare	40
childhood	35
childhoods	35
childish	35
childishly	40
childishness	50
childless	40
childlessness	50
childlike	35
childminder	60
childminders	60
childminding	60
childproof	40
childproofed	40
childproofing	40
childproofs	40
children	35
chili	35
chilies	35
chill	35
chilled	35
chiller	35
chillers	50
chillest	35
chillier	35
chilliest	35
chilliness	50
chilling	35
chillingly	60
chillings	40
chillness	60
chills	35
chilly	35
chime	35
chimed	35
chimer	60
chimera	50
chimeras	50
chimeric	60
chimerical	50
chimers	60
chimes	35
chimichanga	60
chimichangas	60
chiming	35
chimney	35
chimneys	35
chimp	35
chimpanzee	35
chimpanzees	35
chimps	35
chin	35
china	35
chinaware	60
chinchilla	50
chinchillas	50
chine	60
chines	60
chink	35
chinked	35
chinking	35
chinks	35
chinless	60
chinned	35
chinning	35
chino	50
chinos	40
chins	35
chinstrap	50
chinstraps	50
chintz	35
chintzier	50
chintziest	50
chintzy	50
chinwag	60
chinwags	60
chip	35
chipboard	60
chipmunk	35
chipmunks	35
chipolata	60
chipolatas	60
chipotle	60
chipotles	60
chipped	35
chipper	35
chippers	35
chippie	60
chippies	60
chipping	35
chippings	60
chippy	60
chips	35
chipset	60
chipsets	60
chirography	60
chiropodist	50
chiropodists	50
chiropody	50
chiropractic	50
chiropractics	50
chiropractor	35
chiropractors	35
chirp	35
chirped	35
chirpier	60
chirpiest	60
chirpily	60
chirpiness	60
chirping	35
chirps	35
chirpy	60
chirrup	50
chirruped	50
chirruping	50
chirrups	50
chis	60
chisel	35
chiseled	35
chiseler	50
chiselers	50
chiseling	35
chisels	35
chit	40
chitchat	40
chitchats	40
chitchatted	40
chitchatting	40
chitin	60
chitinous	60
chitosan	60
chits	40
chitterlings	50
chivalric	60
chivalrous	35
chivalrously	50
chivalrousness	60
chivalry	35
chive	50
chives	40
chivied	60
chivies	60
chivy	60
chivying	60
chlamydia	60
chlamydiae	60
chloral	60
chlordane	60
chloride	50
chlorides	50
chlorinate	40
chlorinated	40
chlorinates	40
chlorinating	40
chlorination	50
chlorine	35
chlorofluorocarbon	60
chlorofluorocarbons	60
chloroform	35
chloroformed	35
chloroforming	35
chloroforms	35
chlorophyll	35
chloroplast	60
chloroplasts	60
choc	60
chock	50
chockablock	60
chocked	50
chocking	50
chocks	50
chocoholic	60
chocoholics	60
chocolate	35
chocolates	35
chocolatier	60
chocolatiers	60
chocolaty	60
chocs	60
choice	35
choicer	35
choices	35
choicest	35
choir	35
choirboy	60
choirboys	60
choirmaster	60
choirmasters	60
choirs	35
choke	35
chokecherries	60
chokecherry	60
choked	35
chokehold	60
chokeholds	60
choker	50
chokers	50
chokes	35
choking	35
cholecystectomy	60
cholecystitis	60
choler	50
cholera	35
choleric	50
cholesterol	35
chomp	50
chomped	50
chomping	50
chomps	50
choose	35
chooser	60
choosers	60
chooses	35
choosier	35
choosiest	35
choosiness	60
choosing	35
choosy	35
chop	35
chophouse	60
chophouses	60
chopped	35
chopper	35
choppered	35
choppering	35
choppers	35
choppier	35
choppiest	35
choppily	50
choppiness	40
chopping	35
choppy	35
chops	35
chopstick	50
chopsticks	40
choral	35
chorale	50
chorales	50
chorally	60
chorals	35
chord	35
chordal	60
chordate	60
chordates	60
chords	35
chore	35
chorea	60
choreograph	40
choreographed	40
choreographer	35
choreographers	35
choreographic	50
choreographically	60
choreographing	40
choreographs	40
choreography	35
chores	35
chorister	50
choristers	50
chorizo	60
chorizos	60
choroid	60
choroids	60
chortle	35
chortled	35
chortler	60
chortlers	60
chortles	35
chortling	35
chorus	35
chorused	35
choruses	35
chorusing	35
chose	35
chosen	35
chow	35
chowchow	60
chowder	35
chowders	35
chowed	35
chowing	35
chows	35
chrism	60
christen	35
christened	35
christening	35
christenings	35
christens	35
christian	60
christology	60
chromatic	50
chromatically	60
chromatin	60
chromatography	60
chrome	35
chromed	35
chromes	35
chroming	35
chromium	35
chromosomal	60
chromosome	35
chromosomes	35
chronic	35
chronically	35
chronicle	35
chronicled	35
chronicler	50
chroniclers	50
chronicles	35
chronicling	35
chronograph	60
chronographs	60
chronological	35
chronologically	35
chronologies	35
chronologist	60
chronologists	60
chronology	35
chronometer	50
chronometers	50
chrysalis	50
chrysalises	50
chrysanthemum	35
chrysanthemums	35
chub	60
chubbier	35
chubbiest	35
chubbiness	50
chubby	35
chubs	60
chuck	35
chucked	35
chuckhole	50
chuckholes	50
chucking	35
chuckle	35
chuckled	35
chuckles	35
chuckling	35
chucks	35
chuffed	60
chug	35
chugged	35
chugging	35
chugs	35
chukka	60
chukkas	60
chum	35
chummed	35
chummier	35
chummiest	35
chummily	60
chumminess	50
chumming	35
chummy	35
chump	40
chumps	40
chums	35
chunder	60
chundered	60
chundering	60
chunders	60
chunk	35
chunked	60
chunkier	35
chunkiest	35
chunkiness	50
chunking	60
chunks	35
chunky	35
chunter	60
chuntered	60
chuntering	60
chunters	60
church	35
churches	35
churchgoer	40
churchgoers	40
churchgoing	60
churchman	50
churchmen	50
churchwarden	60
churchwardens	60
churchwoman	60
churchwomen	60
churchyard	50
churchyards	50
churl	50
churlish	40
churlishly	50
churlishness	50
churls	50
churn	35
churned	35
churner	60
churners	60
churning	35
churns	35
churro	60
churros	60
chute	35
chutes	35
chutney	50
chutneys	50
chutzpah	40
chyme	60
chyron	50
chyrons	50
ciabatta	50
ciabattas	50
ciao	60
cicada	50
cicadas	50
cicatrices	50
cicatrix	50
cicerone	60
ciceroni	60
cider	35
ciders	35
cigar	35
cigarette	35
cigarettes	35
cigarillo	50
cigarillos	50
cigars	35
cilantro	60
cilia	50
cilium	60
cinch	35
cinched	35
cinches	35
cinching	35
cinchona	50
cinchonas	50
cincture	50
cinctures	50
cinder	35
cindered	35
cindering	35
cinders	35
cine	60
cinema	35
cinemas	35
cinematic	50
cinematographer	40
cinematographers	40
cinematographic	60
cinematography	50
cineplex	60
cineplexes	60
cinnabar	50
cinnamon	35
cipher	35
ciphered	35
ciphering	35
ciphers	35
circa	35
circadian	50
circle	35
circled	35
circles	35
circlet	50
circlets	50
circling	35
circuit	35
circuital	60
circuited	35
circuiting	35
circuitous	35
circuitously	50
circuitousness	60
circuitry	35
circuits	35
circuity	60
circular	35
circularity	50
circularize	50
circularized	50
circularizes	50
circularizing	50
circularly	60
circulars	35
circulate	35
circulated	35
circulates	35
circulating	35
circulation	35
circulations	35
circulatory	35
circumcise	35
circumcised	35
circumcises	35
circumcising	35
circumcision	35
circumcisions	35
circumference	35
circumferences	35
circumferential	60
circumflex	35
circumflexes	50
circumlocution	50
circumlocutions	50
circumlocutory	60
circumnavigate	50
circumnavigated	50
circumnavigates	50
circumnavigating	50
circumnavigation	50
circumnavigations	50
circumpolar	60
circumscribe	50
circumscribed	50
circumscribes	50
circumscribing	50
circumscription	50
circumscriptions	50
circumspect	50
circumspection	50
circumspectly	60
circumstance	35
circumstanced	35
circumstances	35
circumstancing	35
circumstantial	35
circumstantially	50
circumvent	35
circumvented	35
circumventing	35
circumvention	35
circumvents	35
circus	35
circuses	35
cirque	60
cirques	60
cirrhosis	40
cirrhotic	60
cirrhotics	60
cirri	50
cirrus	50
cis	50
cisgender	50
cistern	35
cisterns	35
citadel	50
citadels	50
citation	35
citations	35
cite	35
cited	35
cites	35
cities	35
citified	60
citing	35
citizen	35
citizenry	50
citizens	35
citizenship	35
citric	35
citron	50
citronella	50
citrons	50
citrus	35
citruses	35
citrusy	60
city	35
cityscape	60
cityscapes	60
citywide	60
civet	50
civets	50
civic	35
civically	60
civics	35
civil	35
civilian	35
civilians	35
civilities	35
civility	35
civilization	35
civilizations	35
civilize	35
civilized	35
civilizes	35
civilizing	35
civilly	40
civvies	50
clack	35
clacked	35
clacking	35
clacks	35
clad	35
cladding	60
clade	60
clades	60
claim	35
claimable	60
claimant	50
claimants	50
claimed	35
claimer	60
claimers	60
claiming	35
claims	35
clairvoyance	35
clairvoyant	35
clairvoyants	35
clam	35
clambake	50
clambakes	50
clamber	35
clambered	35
clamberer	60
clamberers	60
clambering	35
clambers	35
clammed	35
clammier	35
clammiest	35
clammily	60
clamminess	50
clamming	35
clammy	35
clamor	35
clamored	35
clamoring	35
clamorous	50
clamors	35
clamp	35
clampdown	40
clampdowns	40
clamped	35
clamping	35
clamps	35
clams	35
clamshell	60
clamshells	60
clan	35
clandestine	35
clandestinely	50
clang	35
clanged	35
clanger	60
clangers	60
clanging	35
clangor	50
clangorous	60
clangorously	60
clangs	35
clank	35
clanked	35
clanking	35
clanks	35
clannish	50
clannishness	60
clans	35
clansman	60
clansmen	60
clanswoman	60
clanswomen	60
clap	35
clapboard	40
clapboarded	40
clapboarding	40
clapboards	40
clapped	35
clapper	35
clapperboard	60
clapperboards	60
clappers	35
clapping	35
claps	35
claptrap	35
claque	60
claques	60
claret	35
clarets	50
clarification	35
clarifications	35
clarified	35
clarifies	35
clarify	35
clarifying	35
clarinet	35
clarinetist	50
clarinetists	50
clarinets	35
clarion	50
clarions	50
clarity	35
clash	35
clashed	35
clashes	35
clashing	35
clasp	35
clasped	35
clasping	35
clasps	35
class	35
classed	35
classes	35
classic	35
classical	35
classically	40
classicism	50
classicist	50
classicists	50
classics	35
classier	40
classiest	40
classifiable	50
classification	35
classifications	35
classified	35
classifieds	40
classifier	60
classifiers	60
classifies	35
classify	35
classifying	35
classiness	50
classing	35
classism	60
classless	50
classlessness	60
classmate	35
classmates	35
classroom	35
classrooms	35
classwork	60
classy	35
clatter	35
clattered	35
clattering	35
clatters	35
clausal	60
clause	35
clauses	35
claustrophobia	35
claustrophobic	40
clavichord	50
clavichords	50
clavicle	50
clavicles	50
clavier	60
claviers	60
claw	35
clawed	35
clawing	35
claws	35
clay	35
clayey	50
clayier	50
clayiest	50
clean	35
cleanable	60
cleaned	35
cleaner	35
cleaners	35
cleanest	35
cleaning	35
cleanings	40
cleanlier	35
cleanliest	35
cleanliness	35
cleanly	35
cleanness	50
cleans	35
cleanse	35
cleansed	35
cleanser	35
cleansers	35
cleanses	35
cleansing	35
cleantech	60
cleanup	40
cleanups	40
clear	35
clearance	35
clearances	35
cleared	35
clearer	35
clearest	35
clearheaded	40
clearheadedness	60
clearing	35
clearinghouse	50
clearinghouses	50
clearings	35
clearly	35
clearness	35
clears	35
clearway	60
clearways	60
cleat	35
cleats	35
cleavage	35
cleavages	35
cleave	35
cleaved	35
cleaver	35
cleavers	35
cleaves	35
cleaving	35
clef	35
clefs	35
cleft	35
clefts	35
clematis	50
clematises	50
clemency	35
clement	50
clementine	60
clementines	60
clemently	60
clench	35
clenched	35
clenches	35
clenching	35
clerestories	50
clerestory	50
clergies	35
clergy	35
clergyman	35
clergymen	35
clergywoman	40
clergywomen	40
cleric	35
clerical	35
clericalism	60
clerically	60
clerics	35
clerk	35
clerked	35
clerking	35
clerks	35
clerkship	60
clever	35
cleverer	35
cleverest	35
cleverly	35
cleverness	35
clevis	60
clevises	60
clew	50
clewed	50
clewing	50
clews	50
cliche	35
cliched	50
cliches	35
click	35
clickable	50
clickbait	50
clicked	35
clicker	60
clickers	60
clicking	35
clicks	35
client	35
clientele	35
clienteles	35
clients	35
cliff	35
cliffhanger	40
cliffhangers	40
cliffhanging	60
cliffs	35
cliffside	60
cliffsides	60
clifftop	60
clifftops	60
climacteric	60
climactic	35
climate	35
climates	35
climatic	40
climatically	60
climatologist	60
climatologists	60
climatology	60
climax	35
climaxed	35
climaxes	35
climaxing	35
climb	35
climbable	60
climbed	35
climber	35
climbers	35
climbing	35
climbs	35
clime	50
climes	35
clinch	35
clinched	35
clincher	50
clinchers	50
clinches	35
clinching	35
cling	35
clinger	60
clingers	60
clingfilm	60
clingier	60
clingiest	60
clinging	35
clings	35
clingy	60
clinic	35
clinical	35
clinically	35
clinician	40
clinicians	40
clinics	35
clink	35
clinked	35
clinker	50
clinkers	50
clinking	35
clinks	35
cliometric	60
cliometrician	60
cliometricians	60
cliometrics	60
clip	35
clipboard	35
clipboards	35
clipped	35
clipper	50
clippers	40
clipping	35
clippings	35
clips	35
clique	35
cliques	35
cliquey	60
cliquish	50
cliquishly	60
cliquishness	60
clit	50
clitoral	50
clitoris	35
clitorises	40
clits	50
cloaca	60
cloacae	60
cloak	35
cloaked	35
cloaking	35
cloakroom	40
cloakrooms	40
cloaks	35
clobber	40
clobbered	40
clobbering	40
clobbers	40
cloche	50
cloches	50
clock	35
clocked	35
clocking	35
clocks	35
clockwise	35
clockwork	35
clockworks	35
clod	35
cloddish	60
clodhopper	50
clodhoppers	50
clods	35
clog	35
clogged	35
clogging	35
clogs	35
cloisonne	60
cloister	35
cloistered	35
cloistering	35
cloisters	35
cloistral	60
clomp	50
clomped	50
clomping	50
clomps	50
clonal	60
clone	35
cloned	40
clones	35
clonidine	60
cloning	40
clonk	60
clonked	60
clonking	60
clonks	60
clop	50
clopped	50
clopping	50
clops	50
close	35
closed	35
closefisted	50
closely	35
closemouthed	50
closeness	35
closeout	40
closeouts	40
closer	35
closers	60
closes	35
closest	35
closet	35
closeted	35
closeting	35
closets	35
closing	35
closings	60
closure	35
closures	35
clot	35
cloth	35
clothe	35
clothed	35
clothes	35
clotheshorse	60
clotheshorses	60
clothesline	40
clotheslines	40
clothespin	35
clothespins	35
clothier	50
clothiers	50
clothing	35
cloths	35
clots	35
clotted	35
clotting	35
cloture	50
clotures	50
cloud	35
cloudburst	35
cloudbursts	35
clouded	35
cloudier	35
cloudiest	35
cloudiness	50
clouding	35
cloudless	40
clouds	35
cloudy	35
clout	35
clouted	35
clouting	35
clouts	35
clove	35
clover	35
cloverleaf	50
cloverleafs	50
clovers	35
cloves	35
clown	35
clowned	35
clowning	35
clownish	50
clownishly	50
clownishness	50
clowns	35
cloy	50
cloyed	50
cloying	50
cloyingly	60
cloys	50
club	35
clubbable	60
clubbed	35
clubber	60
clubbers	60
clubbing	35
clubfeet	50
clubfoot	50
clubfooted	60
clubhouse	35
clubhouses	35
clubland	60
clubs	35
cluck	35
clucked	35
clucking	35
clucks	35
clue	35
clued	35
clueless	35
cluelessness	60
clues	35
cluing	35
clump	35
clumped	35
clumpier	60
clumpiest	60
clumping	35
clumps	35
clumpy	60
clumsier	35
clumsiest	35
clumsily	35
clumsiness	35
clumsy	35
clung	35
clunk	40
clunked	40
clunker	50
clunkers	50
clunkier	50
clunkiest	50
clunking	40
clunks	40
clunky	50
cluster	35
clustered	35
clustering	35
clusters	35
clutch	35
clutched	35
clutches	35
clutching	35
clutter	35
cluttered	35
cluttering	35
clutters	35
cnidarian	60
cnidarians	60
coach	35
coached	35
coaches	35
coaching	35
coachload	60
coachloads	60
coachman	50
coachmen	50
coachwork	60
coadjutor	60
coadjutors	60
coagulant	50
coagulants	50
coagulate	35
coagulated	35
coagulates	35
coagulating	35
coagulation	35
coagulator	60
coagulators	60
coal	35
coaled	35
coalesce	35
coalesced	35
coalescence	50
coalescent	60
coalesces	35
coalescing	35
coalface	60
coalfaces	60
coalfield	60
coalfields	60
coaling	35
coalition	35
coalitionist	60
coalitionists	60
coalitions	35
coalmine	60
coalmines	60
coals	35
coarse	35
coarsely	35
coarsen	35
coarsened	35
coarseness	35
coarsening	35
coarsens	35
coarser	35
coarsest	35
coast	35
coastal	35
coasted	35
coaster	35
coasters	35
coasting	35
coastline	35
coastlines	35
coasts	35
coat	35
coated	35
coating	35
coatings	40
coatroom	60
coatrooms	60
coats	35
coattail	60
coattails	60
coauthor	50
coauthored	50
coauthoring	50
coauthors	50
coax	35
coaxed	35
coaxer	60
coaxers	60
coaxes	35
coaxial	60
coaxing	35
coaxingly	60
cob	35
cobalt	35
cobber	60
cobbers	60
cobble	35
cobbled	50
cobbler	35
cobblers	35
cobbles	50
cobblestone	40
cobblestones	40
cobbling	50
cobnut	60
cobnuts	60
cobra	35
cobras	35
cobs	35
cobweb	35
cobwebbed	60
cobwebbier	60
cobwebbiest	60
cobwebby	60
cobwebs	35
coca	60
cocaine	35
cocci	50
coccus	50
coccyges	50
coccyx	50
cochair	60
cochairs	60
cochineal	60
cochlea	50
cochleae	50
cochlear	60
cock	35
cockade	50
cockades	50
cockamamie	50
cockatiel	60
cockatiels	60
cockatoo	50
cockatoos	50
cockatrice	60
cockatrices	60
cockchafer	60
cockchafers	60
cockcrow	60
cockcrows	60
cocked	35
cocker	60
cockerel	50
cockerels	50
cockers	60
cockeyed	35
cockfight	50
cockfighting	60
cockfights	50
cockier	35
cockiest	35
cockily	50
cockiness	40
cocking	35
cockle	50
cockles	50
cockleshell	50
cockleshells	50
cockney	50
cockneys	50
cockpit	35
cockpits	35
cockroach	35
cockroaches	35
cocks	35
cockscomb	50
cockscombs	50
cocksucker	50
cocksuckers	50
cocksure	50
cocktail	35
cocktails	35
cocky	35
coco	60
cocoa	35
cocoas	35
coconut	35
coconuts	35
cocoon	35
cocooned	35
cocooning	35
cocoons	35
cocos	60
cod	35
coda	50
codas	50
coddle	50
coddled	50
coddles	50
coddling	50
code	35
codebase	60
codebases	60
codec	60
codecs	60
coded	35
codeine	50
codependency	60
codependent	60
codependents	60
coder	60
coders	60
codes	35
codex	50
codfish	50
codfishes	50
codger	50
codgers	50
codices	50
codicil	50
codicils	50
codification	50
codifications	50
codified	50
codifier	60
codifiers	60
codifies	50
codify	50
codifying	50
coding	35
codirector	60
codirectors	60
codon	60
codons	60
codpiece	60
codpieces	60
cods	35
codswallop	60
coed	40
coeditor	60
coeditors	60
coeds	40
coeducation	50
coeducational	40
coefficient	35
coefficients	35
coelenterate	60
coelenterates	60
coenzyme	60
coenzymes	60
coequal	50
coequally	60
coequals	50
coerce	35
coerced	35
coercer	60
coercers	60
coerces	35
coercing	35
coercion	35
coercive	40
coeval	50
coevally	60
coevals	50
coevolution	60
coevolutions	60
coevolve	60
coevolved	60
coevolves	60
coevolving	60
coexist	35
coexisted	35
coexistence	35
coexistent	60
coexisting	35
coexists	35
coextensive	60
coffee	35
coffeehouse	40
coffeehouses	40
coffeemaker	60
coffeemakers	60
coffeepot	50
coffeepots	50
coffees	35
coffer	35
cofferdam	60
cofferdams	60
coffers	35
coffin	35
coffined	35
coffining	35
coffins	35
cofound	60
cofounded	60
cofounder	50
cofounders	50
cofounding	60
cofounds	60
cog	35
cogency	35
cogent	35
cogently	40
cogitate	50
cogitated	50
cogitates	50
cogitating	50
cogitation	50
cogitations	50
cogitative	60
cogitator	60
cogitators	60
cognac	35
cognacs	35
cognate	50
cognates	50
cognition	50
cognitional	60
cognitive	35
cognitively	60
cognizable	60
cognizance	50
cognizant	50
cognomen	50
cognomens	50
cognoscente	60
cognoscenti	60
cogs	35
cogwheel	50
cogwheels	50
cohabit	40
cohabitant	60
cohabitants	60
cohabitation	40
cohabited	40
cohabiting	40
cohabits	40
coheir	60
coheirs	60
cohere	50
cohered	50
coherence	35
coherency	60
coherent	35
coherently	35
coheres	50
cohering	50
cohesion	40
cohesive	50
cohesively	50
cohesiveness	50
coho	60
cohort	50
cohorts	50
cohos	60
cohost	60
cohosted	60
cohosting	60
cohosts	60
coif	50
coiffed	50
coiffing	50
coiffure	50
coiffured	50
coiffures	50
coiffuring	50
coifs	50
coil	35
coiled	35
coiling	35
coils	35
coin	35
coinage	35
coinages	35
coincide	35
coincided	35
coincidence	35
coincidences	35
coincident	50
coincidental	35
coincidentally	35
coincides	35
coinciding	35
coined	35
coiner	60
coiners	60
coining	35
coins	35
coinsurance	60
coir	60
coital	50
coitus	50
cojones	60
coke	35
coked	35
cokes	35
coking	35
col	35
cola	40
colander	35
colanders	35
colas	40
cold	35
coldblooded	60
colder	35
coldest	35
coldly	35
coldness	35
colds	35
coleader	60
coleaders	60
coleslaw	40
coleus	60
coleuses	60
coley	60
coleys	60
coli	60
colic	35
colicky	50
coliform	60
coliseum	50
coliseums	50
colitis	50
collaborate	35
collaborated	35
collaborates	35
collaborating	35
collaboration	35
collaborationist	60
collaborations	35
collaborative	35
collaboratively	60
collaborator	35
collaborators	35
collage	35
collagen	60
collages	35
collapse	35
collapsed	35
collapses	35
collapsible	35
collapsing	35
collar	35
collarbone	35
collarbones	35
collard	60
collards	60
collared	35
collaring	35
collarless	60
collars	35
collate	35
collated	35
collateral	35
collateralize	60
collateralized	60
collateralizes	60
collateralizing	60
collaterally	60
collates	40
collating	35
collation	35
collations	50
collator	60
collators	60
colleague	35
colleagues	35
collect	35
collected	35
collectedly	60
collectible	40
collectibles	40
collecting	35
collection	35
collections	35
collective	35
collectively	35
collectives	35
collectivism	50
collectivist	50
collectivists	50
collectivization	60
collectivize	50
collectivized	50
collectivizes	50
collectivizing	50
collector	35
collectors	35
collects	35
colleen	50
colleens	50
college	35
colleges	35
collegial	60
collegiality	60
collegian	50
collegians	50
collegiate	35
collide	35
collided	35
collider	60
colliders	60
collides	35
colliding	35
collie	35
collier	50
collieries	50
colliers	50
colliery	50
collies	35
collision	35
collisions	35
collocate	50
collocated	50
collocates	50
collocating	50
collocation	50
collocations	50
colloid	50
colloidal	60
colloids	50
colloquial	35
colloquialism	35
colloquialisms	35
colloquially	40
colloquies	50
colloquium	50
colloquiums	50
colloquy	50
collude	50
colluded	50
colludes	50
colluding	50
collusion	35
collusive	50
cologne	40
colognes	40
colon	35
colonel	35
colonelcy	60
colonels	35
colones	35
colonial	35
colonialism	40
colonialist	50
colonialists	50
colonially	60
colonials	35
colonies	35
colonist	40
colonists	40
colonization	35
colonize	35
colonized	35
colonizer	50
colonizers	50
colonizes	35
colonizing	35
colonnade	50
colonnaded	60
colonnades	50
colonoscopies	50
colonoscopy	50
colons	35
colony	35
colophon	60
colophons	60
color	35
colorant	60
colorants	60
coloration	50
coloratura	50
coloraturas	50
colorblind	40
colorblindness	60
colorectal	60
colored	35
coloreds	35
colorfast	50
colorfastness	60
colorful	35
colorfully	50
colorfulness	60
coloring	35
colorist	60
colorists	60
colorization	60
colorizations	60
colorize	60
colorized	60
colorizes	60
colorizing	60
colorless	35
colorlessly	60
colorlessness	60
colors	35
colorway	60
colorways	60
colossal	35
colossally	50
colossi	50
colossus	50
colostomies	60
colostomy	60
colostrum	60
cols	60
colt	35
coltish	50
colts	35
columbine	50
columbines	50
column	35
columnar	60
columned	50
columnist	40
columnists	40
columns	35
coma	35
comaker	60
comakers	60
comas	35
comatose	40
comb	35
combat	35
combatant	35
combatants	35
combated	35
combating	35
combative	40
combativeness	60
combats	35
combed	35
comber	60
combers	60
combination	35
combinations	35
combine	35
combined	35
combiner	60
combiners	60
combines	35
combing	35
combings	60
combining	35
combo	50
combos	50
combs	35
combust	60
combusted	60
combustibility	50
combustible	35
combustibles	35
combusting	60
combustion	35
combustive	60
combusts	60
come	35
comeback	35
comebacks	40
comedian	35
comedians	35
comedic	50
comedienne	50
comediennes	50
comedies	35
comedown	40
comedowns	40
comedy	35
comelier	35
comeliest	35
comeliness	50
comely	35
comer	50
comers	50
comes	35
comestible	60
comestibles	35
comet	35
comets	35
comeuppance	40
comeuppances	40
comfier	40
comfiest	40
comfit	60
comfits	60
comfort	35
comfortable	35
comfortableness	60
comfortably	35
comforted	35
comforter	40
comforters	40
comforting	35
comfortingly	60
comfortless	60
comforts	35
comfy	40
comic	35
comical	35
comicality	60
comically	50
comics	35
coming	35
comings	35
comity	50
comma	35
command	35
commandant	35
commandants	35
commanded	35
commandeer	35
commandeered	35
commandeering	35
commandeers	35
commander	35
commanders	35
commanding	35
commandment	35
commandments	35
commando	35
commandos	35
commands	35
commas	35
commemorate	35
commemorated	35
commemorates	35
commemorating	35
commemoration	35
commemorations	35
commemorative	40
commemorator	60
commemorators	60
commence	35
commenced	35
commencement	35
commencements	35
commences	35
commencing	35
commend	35
commendable	35
commendably	50
commendation	35
commendations	35
commendatory	60
commended	35
commending	35
commends	35
commensurable	50
commensurate	50
commensurately	60
comment	35
commentaries	35
commentary	35
commentate	40
commentated	40
commentates	40
commentating	40
commentator	35
commentators	35
commented	35
commenter	50
commenters	50
commenting	35
comments	35
commerce	35
commercial	35
commercialism	35
commercialization	50
commercialize	35
commercialized	35
commercializes	35
commercializing	35
commercially	35
commercials	35
commie	60
commies	60
commingle	50
commingled	50
commingles	50
commingling	50
commiserate	35
commiserated	35
commiserates	35
commiserating	35
commiseration	35
commiserations	35
commiserative	60
commissar	50
commissariat	50
commissariats	50
commissaries	50
commissars	50
commissary	50
commission	35
commissionaire	60
commissionaires	60
commissioned	35
commissioner	35
commissioners	35
commissioning	35
commissions	35
commit	35
commitment	35
commitments	35
commits	35
committal	50
committals	50
committed	35
committee	35
committeeman	60
committeemen	60
committees	35
committeewoman	60
committeewomen	60
committer	60
committers	60
committing	35
commode	50
commodes	50
commodification	60
commodious	50
commodiously	60
commodities	35
commodity	35
commodore	35
commodores	35
common	35
commonalities	60
commonality	60
commonalty	60
commoner	35
commoners	50
commonest	35
commonly	35
commonness	60
commonplace	35
commonplaces	35
commons	35
commonsense	60
commonsensical	60
commonweal	60
commonwealth	35
commonwealths	35
commotion	35
commotions	35
communal	35
communally	50
commune	35
communed	35
communes	35
communicability	60
communicable	35
communicably	60
communicant	50
communicants	50
communicate	35
communicated	35
communicates	35
communicating	35
communication	35
communications	35
communicative	35
communicator	35
communicators	50
communing	35
communion	35
communions	35
communique	35
communiques	35
communism	35
communist	35
communistic	50
communists	35
communities	35
community	35
commutable	60
commutation	50
commutations	50
commutative	35
commutativity	60
commutator	60
commutators	60
commute	35
commuted	35
commuter	35
commuters	35
commutes	35
commuting	35
comorbidity	60
comp	60
compact	35
compacted	35
compacter	35
compactest	35
compacting	35
compaction	35
compactly	50
compactness	50
compactor	50
compactors	50
compacts	35
companies	35
companion	35
companionable	40
companionably	60
companions	35
companionship	35
companionway	50
companionways	50
company	35
comparability	50
comparable	35
comparably	50
comparative	35
comparatively	35
comparatives	35
compare	35
compared	35
compares	35
comparing	35
comparison	35
comparisons	35
compartment	35
compartmental	60
compartmentalization	60
compartmentalize	40
compartmentalized	40
compartmentalizes	40
compartmentalizing	40
compartments	35
compass	35
compassed	35
compasses	35
compassing	35
compassion	35
compassionate	35
compassionately	50
compatibility	35
compatible	35
compatibles	35
compatibly	50
compatriot	35
compatriots	35
comped	60
compeer	60
compeers	60
compel	35
compelled	35
compelling	35
compellingly	50
compels	35
compendious	60
compendium	50
compendiums	50
compensate	35
compensated	35
compensates	35
compensating	35
compensation	35
compensations	35
compensatory	40
compere	60
compered	60
comperes	60
compering	60
compete	35
competed	35
competence	35
competences	35
competencies	50
competency	50
competent	35
competently	35
competes	35
competing	35
competition	35
competitions	35
competitive	35
competitively	40
competitiveness	40
competitor	35
competitors	35
compilation	35
compilations	35
compile	35
compiled	35
compiler	35
compilers	35
compiles	35
compiling	35
comping	60
complacence	50
complacency	35
complacent	35
complacently	50
complain	35
complainant	50
complainants	50
complained	35
complainer	50
complainers	50
complaining	35
complains	35
complaint	35
complaints	35
complaisance	50
complaisant	50
complaisantly	50
complected	50
complement	35
complementary	35
complemented	35
complementing	35
complements	35
complete	35
completed	35
completely	35
completeness	35
completer	35
completes	35
completest	35
completing	35
completion	35
completions	35
complex	35
complexes	35
complexion	35
complexional	60
complexioned	50
complexions	35
complexities	35
complexity	35
complexly	60
compliance	35
compliant	35
compliantly	60
complicate	35
complicated	35
complicatedly	60
complicates	35
complicating	35
complication	35
complications	35
complicit	60
complicity	40
complied	35
complies	35
compliment	35
complimentary	35
complimented	35
complimenting	35
compliments	35
comply	35
complying	35
component	35
components	35
comport	50
comported	50
comporting	50
comportment	50
comports	50
compose	35
composed	35
composedly	60
composer	35
composers	35
composes	35
composing	35
composite	35
composited	60
compositely	60
composites	35
compositing	60
composition	35
compositional	60
compositions	35
compositor	50
compositors	50
compost	35
compostable	60
composted	35
composter	60
composters	60
composting	35
composts	35
composure	35
compote	50
compotes	50
compound	35
compoundable	60
compounded	35
compounding	35
compounds	35
comprehend	35
comprehended	35
comprehending	35
comprehends	35
comprehensibility	50
comprehensible	35
comprehensibly	60
comprehension	35
comprehensions	35
comprehensive	35
comprehensively	35
comprehensiveness	50
comprehensives	35
compress	35
compressed	35
compresses	35
compressible	60
compressing	35
compression	35
compressive	60
compressor	50
compressors	50
comprise	35
comprised	35
comprises	35
comprising	35
compromise	35
compromised	35
compromises	35
compromising	35
comps	60
comptroller	50
comptrollers	50
compulsion	35
compulsions	35
compulsive	35
compulsively	50
compulsiveness	50
compulsories	35
compulsorily	50
compulsory	35
compunction	35
compunctions	35
computation	35
computational	35
computationally	50
computations	35
compute	35
computed	35
computer	35
computerate	60
computerization	50
computerize	40
computerized	35
computerizes	40
computerizing	40
computers	35
computes	35
computing	35
comrade	35
comradely	60
comrades	35
comradeship	35
con	35
concatenate	35
concatenated	35
concatenates	35
concatenating	35
concatenation	35
concatenations	35
concave	35
concavely	60
concaveness	60
concavities	50
concavity	50
conceal	35
concealable	60
concealed	35
concealer	60
concealers	60
concealing	35
concealment	35
conceals	35
concede	35
conceded	35
concedes	35
conceding	35
conceit	35
conceited	35
conceitedly	60
conceitedness	60
conceits	35
conceivable	35
conceivably	35
conceive	35
conceived	35
conceives	35
conceiving	35
concentrate	35
concentrated	35
concentrates	35
concentrating	35
concentration	35
concentrations	35
concentric	35
concentrically	50
concept	35
conception	35
conceptional	60
conceptions	35
concepts	35
conceptual	35
conceptualization	50
conceptualizations	50
conceptualize	50
conceptualized	50
conceptualizes	50
conceptualizing	50
conceptually	35
concern	35
concerned	35
concernedly	60
concerning	35
concerns	35
concert	35
concerted	35
concertedly	60
concertgoer	60
concertgoers	60
concertina	50
concertinaed	50
concertinaing	50
concertinas	50
concerting	35
concertize	60
concertized	60
concertizes	60
concertizing	60
concertmaster	50
concertmasters	50
concerto	35
concertos	35
concerts	35
concession	35
concessionaire	50
concessionaires	50
concessional	60
concessionary	60
concessions	35
conch	50
conchie	60
conchies	60
conchs	50
concierge	40
concierges	40
conciliate	35
conciliated	35
conciliates	35
conciliating	35
conciliation	35
conciliator	50
conciliators	50
conciliatory	40
concise	35
concisely	35
conciseness	35
conciser	35
concisest	35
concision	60
conclave	50
conclaves	50
conclude	35
concluded	35
concludes	35
concluding	35
conclusion	35
conclusions	35
conclusive	35
conclusively	35
conclusiveness	60
concoct	35
concocted	35
concocting	35
concoction	35
concoctions	35
concocts	35
concomitant	50
concomitantly	60
concomitants	50
concord	35
concordance	35
concordances	50
concordant	50
concordat	60
concordats	60
concourse	35
concourses	35
concrete	35
concreted	35
concretely	40
concreteness	60
concretes	35
concreting	35
concretion	60
concretions	60
concubinage	60
concubine	50
concubines	50
concupiscence	60
concupiscent	60
concur	35
concurred	35
concurrence	35
concurrences	35
concurrency	35
concurrent	35
concurrently	35
concurring	35
concurs	35
concuss	60
concussed	60
concusses	60
concussing	60
concussion	35
concussions	35
concussive	60
condemn	35
condemnation	35
condemnations	35
condemnatory	50
condemned	35
condemner	60
condemners	60
condemning	35
condemns	35
condensate	60
condensates	60
condensation	35
condensations	35
condense	35
condensed	35
condenser	50
condensers	50
condenses	35
condensing	35
condescend	35
condescended	35
condescending	35
condescendingly	50
condescends	35
condescension	40
condign	60
condiment	35
condiments	35
condition	35
conditional	35
conditionality	60
conditionally	35
conditionals	35
conditioned	35
conditioner	40
conditioners	40
conditioning	35
conditions	35
condo	40
condole	50
condoled	50
condolence	35
condolences	35
condoles	50
condoling	50
condom	35
condominium	35
condominiums	35
condoms	35
condone	35
condoned	35
condones	35
condoning	35
condor	35
condors	35
condos	40
conduce	50
conduced	50
conduces	50
conducing	50
conducive	35
conduct	35
conductance	60
conducted	35
conductibility	60
conductible	60
conducting	35
conduction	50
conductive	50
conductivity	50
conductor	35
conductors	35
conductress	60
conductresses	60
conducts	35
conduit	50
conduits	50
cone	35
coned	60
coneflower	60
coneflowers	60
cones	35
coney	60
coneys	60
confab	50
confabbed	50
confabbing	50
confabs	50
confabulate	60
confabulated	60
confabulates	60
confabulating	60
confabulation	60
confabulations	60
confection	35
confectioner	50
confectioneries	50
confectioners	50
confectionery	50
confections	35
confederacies	35
confederacy	35
confederate	35
confederated	35
confederates	35
confederating	35
confederation	35
confederations	35
confer	35
conferee	60
conferees	60
conference	35
conferences	35
conferencing	50
conferment	50
conferments	50
conferrable	60
conferral	60
conferred	35
conferrer	60
conferrers	60
conferring	35
confers	35
confess	35
confessed	35
confessedly	50
confesses	35
confessing	35
confession	35
confessional	50
confessionals	50
confessions	35
confessor	50
confessors	50
confetti	35
confidant	35
confidante	50
confidantes	50
confidants	35
confide	35
confided	35
confidence	35
confidences	35
confident	35
confidential	35
confidentiality	35
confidentially	35
confidently	35
confider	60
confiders	60
confides	35
confiding	35
confidingly	60
configurable	35
configuration	35
configurations	35
configure	35
configured	35
configures	60
configuring	35
confine	35
confined	35
confinement	35
confinements	35
confines	35
confining	35
confirm	35
confirmation	35
confirmations	35
confirmatory	50
confirmed	35
confirming	35
confirms	35
confiscate	35
confiscated	35
confiscates	35
confiscating	35
confiscation	35
confiscations	35
confiscator	60
confiscators	60
confiscatory	60
conflagration	50
conflagrations	50
conflate	60
conflated	60
conflates	60
conflating	60
conflation	60
conflations	60
conflict	35
conflicted	35
conflicting	35
conflicts	35
confluence	50
confluences	50
confluent	50
conform	35
conformable	60
conformal	60
conformance	50
conformation	50
conformations	50
conformed	35
conformer	60
conformers	60
conforming	35
conformism	60
conformist	40
conformists	40
conformity	35
conforms	35
confound	35
confounded	35
confounding	35
confounds	35
confraternities	60
confraternity	60
confrere	50
confreres	50
confront	35
confrontation	35
confrontational	50
confrontations	35
confronted	35
confronting	35
confronts	35
confuse	35
confused	35
confusedly	50
confuses	35
confusing	35
confusingly	50
confusion	35
confusions	35
confutation	60
confute	50
confuted	50
confutes	50
confuting	50
conga	50
congaed	50
congaing	50
congas	50
congeal	35
congealed	35
congealing	35
congealment	60
congeals	35
congenial	35
congeniality	50
congenially	50
congenital	40
congenitally	50
conger	60
congeries	60
congers	60
congest	50
congested	40
congesting	50
congestion	35
congestive	50
congests	50
conglomerate	35
conglomerated	35
conglomerates	35
conglomerating	35
conglomeration	50
conglomerations	50
congrats	60
congratulate	35
congratulated	35
congratulates	35
congratulating	35
congratulation	50
congratulations	35
congratulatory	40
congregant	60
congregants	60
congregate	35
congregated	35
congregates	35
congregating	35
congregation	35
congregational	50
congregationalism	60
congregationalist	60
congregationalists	60
congregations	35
congress	35
congresses	35
congressional	40
congressman	35
congressmen	35
congressperson	60
congresspersons	60
congresswoman	35
congresswomen	35
congruence	50
congruent	35
congruently	60
congruities	50
congruity	50
congruous	50
conic	50
conical	35
conically	60
conics	50
conifer	35
coniferous	35
conifers	35
coning	60
conjectural	50
conjecture	35
conjectured	35
conjectures	35
conjecturing	35
conjoin	50
conjoined	50
conjoiner	60
conjoiners	60
conjoining	50
conjoins	50
conjoint	50
conjointly	60
conjugal	35
conjugally	60
conjugate	35
conjugated	35
conjugates	35
conjugating	35
conjugation	35
conjugations	35
conjunct	60
conjunction	35
conjunctions	35
conjunctiva	60
conjunctivas	60
conjunctive	50
conjunctives	50
conjunctivitis	50
conjuncts	60
conjuncture	50
conjunctures	50
conjuration	60
conjurations	60
conjure	35
conjured	35
conjurer	50
conjurers	50
conjures	35
conjuring	35
conk	50
conked	50
conker	60
conkers	60
conking	50
conks	50
connect	35
connectable	60
connected	35
connectedness	60
connecting	35
connection	35
connections	35
connective	35
connectives	50
connectivity	35
connector	35
connectors	35
connects	35
conned	35
conning	35
conniption	60
conniptions	60
connivance	40
connive	40
connived	40
conniver	50
connivers	50
connives	40
conniving	40
connoisseur	35
connoisseurs	35
connotation	35
connotations	35
connotative	50
connote	35
connoted	35
connotes	35
connoting	35
connubial	50
conquer	35
conquerable	60
conquered	35
conquering	35
conqueror	35
conquerors	35
conquers	35
conquest	35
conquests	35
conquistador	50
conquistadors	50
cons	35
consanguineous	60
consanguinity	50
conscience	35
conscienceless	60
consciences	35
conscientious	35
conscientiously	40
conscientiousness	50
conscious	35
consciously	35
consciousness	35
consciousnesses	35
conscript	50
conscripted	50
conscripting	50
conscription	50
conscripts	50
consecrate	35
consecrated	35
consecrates	35
consecrating	35
consecration	40
consecrations	40
consecutive	35
consecutively	40
consensual	60
consensus	35
consensuses	35
consent	35
consented	35
consenting	35
consents	35
consequence	35
consequences	35
consequent	35
consequential	35
consequentially	60
consequently	35
conservancies	60
conservancy	60
conservation	35
conservationism	60
conservationist	40
conservationists	40
conservatism	35
conservative	35
conservatively	40
conservatives	35
conservatoire	60
conservatoires	60
conservator	40
conservatories	35
conservators	40
conservatorship	60
conservatory	35
conserve	35
conserved	35
conserves	35
conserving	35
consider	35
considerable	35
considerably	35
considerate	35
considerately	40
considerateness	60
consideration	35
considerations	35
considered	35
considering	35
considers	35
consign	35
consigned	35
consignee	60
consignees	60
consigning	35
consignment	35
consignments	35
consignor	60
consignors	60
consigns	35
consist	35
consisted	35
consistence	60
consistences	60
consistencies	35
consistency	35
consistent	35
consistently	35
consisting	35
consistories	60
consistory	60
consists	35
consolable	60
consolation	35
consolations	35
consolatory	60
console	35
consoled	35
consoles	35
consolidate	35
consolidated	35
consolidates	35
consolidating	35
consolidation	35
consolidations	35
consolidator	60
consolidators	60
consoling	35
consolingly	60
consomme	35
consonance	50
consonances	50
consonant	35
consonantly	60
consonants	35
consort	35
consorted	35
consortia	40
consorting	35
consortium	35
consorts	35
conspectus	60
conspectuses	60
conspicuous	35
conspicuously	35
conspicuousness	60
conspiracies	35
conspiracy	35
conspirator	35
conspiratorial	40
conspiratorially	60
conspirators	35
conspire	35
conspired	35
conspires	35
conspiring	35
constable	50
constables	50
constabularies	50
constabulary	50
constancy	35
constant	35
constantly	35
constants	35
constellation	35
constellations	35
consternation	35
constipate	50
constipated	40
constipates	50
constipating	50
constipation	35
constituencies	35
constituency	35
constituent	35
constituents	35
constitute	35
constituted	35
constitutes	35
constituting	35
constitution	35
constitutional	35
constitutionalism	60
constitutionalist	60
constitutionalists	60
constitutionality	50
constitutionally	35
constitutionals	35
constitutions	35
constitutive	60
constrain	35
constrained	35
constraining	35
constrains	35
constraint	35
constraints	35
constrict	35
constricted	35
constricting	35
constriction	35
constrictions	35
constrictive	50
constrictor	50
constrictors	50
constricts	35
construable	60
construct	35
constructed	35
constructing	35
construction	35
constructional	60
constructionist	60
constructionists	60
constructions	35
constructive	35
constructively	40
constructiveness	60
constructivism	60
constructivist	60
constructivists	60
constructor	50
constructors	50
constructs	35
construe	35
construed	35
construes	35
construing	35
consubstantiation	60
consul	35
consular	35
consulate	35
consulates	35
consuls	35
consulship	60
consult	35
consultancies	50
consultancy	35
consultant	35
consultants	35
consultation	35
consultations	35
consultative	50
consulted	35
consulting	35
consults	35
consumable	50
consumables	35
consume	35
consumed	35
consumer	35
consumerism	35
consumerist	60
consumerists	60
consumers	35
consumes	35
consuming	35
consummate	35
consummated	35
consummately	60
consummates	35
consummating	35
consummation	40
consummations	40
consumption	35
consumptive	50
consumptives	50
contact	35
contactable	50
contacted	35
contacting	35
contactless	60
contacts	35
contagion	35
contagions	35
contagious	35
contagiously	60
contagiousness	60
contain	35
containable	60
contained	35
container	35
containerization	60
containerize	60
containerized	60
containerizes	60
containerizing	60
containers	35
containing	35
containment	50
contains	35
contaminant	50
contaminants	50
contaminate	35
contaminated	35
contaminates	35
contaminating	35
contamination	35
contaminator	60
contaminators	60
contemn	60
contemned	60
contemning	60
contemns	60
contemplate	35
contemplated	35
contemplates	35
contemplating	35
contemplation	35
contemplative	35
contemplatively	60
contemplatives	35
contemporaneity	60
contemporaneous	50
contemporaneously	50
contemporaries	35
contemporary	35
contempt	35
contemptible	35
contemptibly	50
contemptuous	35
contemptuously	50
contemptuousness	60
contend	35
contended	35
contender	35
contenders	35
contending	35
contends	35
content	35
contented	35
contentedly	40
contentedness	50
contenting	35
contention	35
contentions	35
contentious	35
contentiously	50
contentiousness	60
contently	60
contentment	35
contents	35
conterminous	60
conterminously	60
contest	35
contestable	60
contestant	35
contestants	35
contested	35
contesting	35
contests	35
context	35
contexts	35
contextual	35
contextualization	60
contextualize	60
contextualized	60
contextualizes	60
contextualizing	60
contextually	60
contiguity	50
contiguous	35
contiguously	60
continence	50
continent	35
continental	35
continentals	35
continents	35
contingencies	35
contingency	35
contingent	35
contingently	60
contingents	35
continua	50
continual	35
continually	35
continuance	50
continuances	50
continuation	35
continuations	35
continue	35
continued	35
continues	35
continuing	35
continuities	35
continuity	35
continuous	35
continuously	35
continuum	35
contort	35
contorted	35
contorting	35
contortion	35
contortionist	50
contortionists	50
contortions	35
contorts	35
contour	35
contoured	35
contouring	35
contours	35
contra	60
contraband	35
contrabassoon	60
contrabassoons	60
contraception	35
contraceptive	35
contraceptives	35
contract	35
contracted	35
contractible	60
contractile	50
contractility	60
contracting	35
contraction	35
contractions	35
contractor	35
contractors	35
contracts	35
contractual	35
contractually	50
contradict	35
contradicted	35
contradicting	35
contradiction	35
contradictions	35
contradictory	35
contradicts	35
contradistinction	50
contradistinctions	50
contraflow	60
contraflows	60
contrail	50
contrails	50
contraindicate	60
contraindicated	60
contraindicates	60
contraindicating	60
contraindication	60
contraindications	60
contralto	50
contraltos	50
contraption	35
contraptions	35
contrapuntal	50
contrapuntally	60
contrarian	60
contrarianism	60
contrarians	60
contraries	35
contrariety	60
contrarily	50
contrariness	50
contrariwise	50
contrary	35
contrast	35
contrasted	35
contrasting	35
contrasts	35
contravene	35
contravened	40
contravenes	35
contravening	40
contravention	35
contraventions	40
contretemps	50
contribute	35
contributed	35
contributes	35
contributing	35
contribution	35
contributions	35
contributor	35
contributors	35
contributory	35
contrite	35
contritely	50
contriteness	60
contrition	40
contrivance	50
contrivances	50
contrive	35
contrived	35
contriver	60
contrivers	60
contrives	35
contriving	35
control	35
controllable	35
controlled	35
controller	35
controllers	35
controlling	35
controls	35
controversial	35
controversially	50
controversies	35
controversy	35
controvert	50
controverted	50
controvertible	60
controverting	50
controverts	50
contumacious	50
contumaciously	60
contumacy	60
contumelies	50
contumelious	60
contumely	50
contuse	50
contused	50
contuses	50
contusing	50
contusion	50
contusions	50
conundrum	50
conundrums	50
conurbation	50
conurbations	50
convalesce	35
convalesced	35
convalescence	35
convalescences	35
convalescent	35
convalescents	35
convalesces	35
convalescing	35
convection	35
convectional	60
convective	60
convector	60
convectors	60
convene	35
convened	35
convener	60
conveners	60
convenes	35
convenience	35
conveniences	35
convenient	35
conveniently	35
convening	35
convent	35
conventicle	60
conventicles	60
convention	35
conventional	35
conventionality	50
conventionalize	60
conventionalized	60
conventionalizes	60
conventionalizing	60
conventionally	35
conventioneer	60
conventioneers	60
conventions	35
convents	35
converge	35
converged	35
convergence	35
convergences	50
convergent	50
converges	35
converging	35
conversant	35
conversation	35
conversational	35
conversationalist	50
conversationalists	50
conversationally	50
conversations	35
converse	35
conversed	35
conversely	35
converses	35
conversing	35
conversion	35
conversions	35
convert	35
converted	35
converter	35
converters	35
convertibility	60
convertible	35
convertibles	35
converting	35
converts	35
convex	35
convexity	50
convexly	60
convey	35
conveyable	60
conveyance	35
conveyances	35
conveyancing	60
conveyed	35
conveying	35
conveyor	50
conveyors	50
conveys	35
convict	35
convicted	35
convicting	35
conviction	35
convictions	35
convicts	35
convince	35
convinced	35
convinces	35
convincing	35
convincingly	35
convivial	40
conviviality	50
convivially	60
convocation	50
convocations	50
convoke	50
convoked	50
convokes	50
convoking	50
convoluted	35
convolution	50
convolutions	50
convoy	35
convoyed	35
convoying	35
convoys	35
convulse	35
convulsed	35
convulses	35
convulsing	35
convulsion	35
convulsions	35
convulsive	35
convulsively	50
coo	35
cooed	35
cooing	35
cook	35
cookbook	35
cookbooks	35
cooked	35
cooker	35
cookeries	50
cookers	50
cookery	50
cookhouse	60
cookhouses	60
cookie	35
cookies	35
cooking	35
cookout	40
cookouts	40
cooks	35
cooktop	60
cooktops	60
cookware	60
cookwares	60
cool	35
coolant	50
coolants	50
cooldown	60
cooled	35
cooler	35
coolers	35
coolest	35
coolie	50
coolies	50
cooling	35
coolly	35
coolness	40
cools	35
coon	50
coons	50
coonskin	60
coonskins	60
coop	35
cooped	35
cooper	35
cooperage	60
cooperate	35
cooperated	35
cooperates	35
cooperating	35
cooperation	35
cooperative	35
cooperatively	60
cooperativeness	60
cooperatives	35
cooperator	60
cooperators	60
coopered	50
coopering	50
coopers	50
cooping	35
coops	35
coordinate	35
coordinated	35
coordinately	60
coordinates	35
coordinating	35
coordination	35
coordinator	35
coordinators	40
coos	35
coot	50
cootie	50
cooties	50
coots	50
cop	35
copacetic	60
coparent	60
coparents	60
copay	60
copayment	60
copayments	60
cope	35
coped	35
copes	35
copied	35
copier	35
copiers	35
copies	35
copilot	40
copilots	40
coping	35
copings	50
copious	35
copiously	35
copiousness	60
copped	35
copper	35
copperhead	35
copperheads	35
copperplate	60
coppers	35
coppery	50
copping	35
copra	50
coproducer	60
coproducers	60
cops	35
copse	50
copses	50
copter	40
copters	40
copula	50
copulas	50
copulate	35
copulated	40
copulates	40
copulating	40
copulation	35
copulative	60
copulatives	60
copy	35
copybook	60
copybooks	60
copycat	50
copycats	50
copycatted	50
copycatting	50
copying	35
copyist	60
copyists	60
copyright	35
copyrighted	35
copyrighting	35
copyrights	35
copywriter	50
copywriters	50
coquetries	60
coquetry	60
coquette	50
coquetted	50
coquettes	50
coquetting	50
coquettish	50
coquettishly	60
cor	60
coracle	60
coracles	60
coral	35
corals	35
corbel	60
corbels	60
cord	35
cordage	60
corded	35
cordial	35
cordiality	40
cordially	35
cordials	35
cordillera	60
cordilleras	60
cording	35
cordite	50
cordless	35
cordon	35
cordoned	35
cordoning	35
cordons	35
cordovan	60
cords	35
corduroy	35
corduroys	50
core	35
cored	35
coreligionist	60
coreligionists	60
corer	60
corers	60
cores	35
corespondent	50
corespondents	50
corgi	60
corgis	60
coriander	50
coring	35
cork	35
corkage	60
corkboard	60
corked	35
corker	60
corkers	60
corking	35
corks	35
corkscrew	35
corkscrewed	35
corkscrewing	35
corkscrews	35
corm	50
cormorant	50
cormorants	50
corms	50
corn	35
cornball	50
cornballs	50
cornbread	40
corncob	50
corncobs	50
corncrake	60
corncrakes	60
cornea	35
corneal	50
corneas	35
corned	35
corner	35
cornerback	50
cornerbacks	50
cornered	35
cornering	35
corners	35
cornerstone	40
cornerstones	40
cornet	35
cornets	35
cornfield	60
cornfields	60
cornflakes	35
cornflour	60
cornflower	50
cornflowers	50
cornice	50
cornices	50
cornier	35
corniest	35
cornily	60
corniness	60
corning	35
cornmeal	35
cornpone	60
cornrow	50
cornrowed	50
cornrowing	50
cornrows	50
corns	35
cornstalk	50
cornstalks	50
cornstarch	35
cornucopia	50
cornucopias	50
corny	35
corolla	50
corollaries	50
corollary	35
corollas	50
corona	50
coronal	60
coronals	60
coronaries	35
coronary	35
coronas	50
coronation	35
coronations	35
coronavirus	50
coronaviruses	50
coroner	35
coroners	35
coronet	50
coronets	50
corpora	50
corporal	35
corporals	35
corporate	35
corporately	60
corporation	35
corporations	35
corporatism	60
corporeal	50
corporeality	60
corporeally	60
corps	35
corpse	35
corpses	35
corpsman	60
corpsmen	60
corpulence	50
corpulent	35
corpus	35
corpuscle	35
corpuscles	35
corpuscular	60
corral	35
corralled	35
corralling	35
corrals	35
correct	35
correctable	50
corrected	35
correcter	35
correctest	35
correcting	35
correction	35
correctional	50
corrections	35
corrective	35
correctives	40
correctly	35
correctness	35
corrector	35
corrects	35
correlate	35
correlated	35
correlates	35
correlating	35
correlation	35
correlational	60
correlations	35
correlative	50
correlatives	50
correspond	35
corresponded	35
correspondence	35
correspondences	35
correspondent	35
correspondents	35
corresponding	35
correspondingly	35
corresponds	35
corridor	35
corridors	35
corrie	60
corries	60
corroborate	35
corroborated	35
corroborates	35
corroborating	35
corroboration	35
corroborations	40
corroborative	50
corroborator	60
corroborators	60
corroboratory	60
corrode	35
corroded	35
corrodes	35
corroding	35
corrosion	35
corrosive	35
corrosively	60
corrosives	35
corrugate	50
corrugated	40
corrugates	50
corrugating	50
corrugation	50
corrugations	50
corrupt	35
corrupted	35
corrupter	35
corruptest	35
corruptibility	60
corruptible	35
corrupting	35
corruption	35
corruptions	35
corruptly	50
corruptness	50
corrupts	35
corsage	35
corsages	35
corsair	50
corsairs	50
corset	35
corseted	35
corseting	35
corsets	35
cortege	50
corteges	50
cortex	35
cortical	50
cortices	50
cortisol	60
cortisone	50
corundum	60
coruscate	50
coruscated	50
coruscates	50
coruscating	50
coruscation	60
corvette	60
corvettes	60
cos	60
cosh	60
coshed	60
coshes	60
coshing	60
cosign	50
cosignatories	50
cosignatory	50
cosigned	50
cosigner	50
cosigners	50
cosigning	50
cosigns	50
cosine	50
cosines	60
cosmetic	35
cosmetically	50
cosmetician	60
cosmeticians	60
cosmetics	35
cosmetologist	50
cosmetologists	50
cosmetology	50
cosmic	35
cosmically	50
cosmogonies	50
cosmogonist	60
cosmogonists	60
cosmogony	50
cosmological	50
cosmologies	50
cosmologist	60
cosmologists	50
cosmology	35
cosmonaut	35
cosmonauts	35
cosmopolitan	35
cosmopolitanism	60
cosmopolitans	35
cosmos	35
cosmoses	35
cosplay	50
cosplayer	60
cosplayers	60
cosponsor	60
cosponsored	60
cosponsoring	60
cosponsors	60
cosset	60
cosseted	60
cosseting	60
cossets	60
cost	35
costar	40
costarred	40
costarring	40
costars	40
costed	35
costing	35
costings	35
costlier	35
costliest	35
costliness	50
costly	35
costs	35
costume	35
costumed	35
costumer	60
costumers	60
costumes	35
costumier	60
costumiers	60
costuming	35
cot	35
cotangent	60
cotangents	60
cote	50
coterie	50
coteries	50
coterminous	60
cotes	50
cotillion	50
cotillions	50
cots	35
cottage	35
cottager	60
cottagers	60
cottages	35
cottaging	60
cottar	50
cottars	50
cotter	50
cotters	50
cotton	35
cottoned	35
cottoning	35
cottonmouth	50
cottonmouths	50
cottons	35
cottonseed	50
cottonseeds	50
cottontail	35
cottontails	35
cottonwood	35
cottonwoods	35
cottony	60
cotyledon	50
cotyledons	50
couch	35
couched	35
couches	35
couchette	60
couchettes	60
couching	35
cougar	35
cougars	35
cough	35
coughed	35
coughing	35
coughs	35
could	35
coulee	60
coulees	60
coulis	60
coulomb	60
coulombs	60
council	35
councilman	50
councilmen	50
councilor	35
councilors	35
councilperson	60
councilpersons	60
councils	35
councilwoman	50
councilwomen	50
counsel	35
counseled	35
counseling	35
counselings	40
counselor	35
counselors	35
counsels	35
count	35
countable	35
countably	50
countdown	35
countdowns	35
counted	35
countenance	35
countenanced	35
countenances	35
countenancing	35
counter	35
counteract	35
counteracted	35
counteracting	35
counteraction	50
counteractions	50
counteractive	60
counteracts	35
counterargument	60
counterarguments	60
counterattack	35
counterattacked	35
counterattacking	35
counterattacks	35
counterbalance	35
counterbalanced	35
counterbalances	35
counterbalancing	35
counterblast	60
counterblasts	60
counterclaim	50
counterclaimed	50
counterclaiming	50
counterclaims	50
counterclockwise	35
countercultural	60
counterculture	50
countercultures	50
countered	35
counterespionage	50
counterexample	35
counterexamples	50
counterfactual	60
counterfeit	35
counterfeited	35
counterfeiter	40
counterfeiters	40
counterfeiting	35
counterfeits	35
counterfoil	60
counterfoils	60
countering	35
counterinsurgencies	60
counterinsurgency	60
counterintelligence	50
counterintuitive	60
counterintuitively	60
counterman	60
countermand	50
countermanded	50
countermanding	50
countermands	50
countermeasure	60
countermeasures	60
countermelodies	60
countermelody	60
countermen	60
countermove	60
countermoves	60
counteroffensive	60
counteroffensives	60
counteroffer	60
counteroffers	60
counterpane	50
counterpanes	50
counterpart	35
counterparts	35
counterpetition	60
counterpoint	50
counterpointed	60
counterpointing	60
counterpoints	50
counterpoise	60
counterpoised	60
counterpoises	60
counterpoising	60
counterproductive	40
counterproposal	60
counterproposals	60
counterrevolution	50
counterrevolutionaries	50
counterrevolutionary	50
counterrevolutions	50
counters	35
countersign	35
countersignature	60
countersignatures	60
countersigned	35
countersigning	35
countersigns	35
countersink	50
countersinking	50
countersinks	50
counterspies	60
counterspy	60
counterstroke	60
counterstrokes	60
countersunk	50
countertenor	50
countertenors	50
counterterrorism	60
countertop	60
countertops	60
countervail	60
countervailed	60
countervailing	60
countervails	60
counterweight	50
counterweights	50
countess	35
countesses	35
counties	35
counting	35
countless	35
countries	35
countrified	50
country	35
countryman	35
countrymen	35
countryside	35
countrysides	35
countrywide	60
countrywoman	40
countrywomen	40
counts	35
county	35
countywide	60
coup	35
coupe	50
coupes	50
couple	35
coupled	35
coupler	60
couplers	60
couples	35
couplet	50
couplets	50
coupling	35
couplings	50
coupon	35
coupons	35
coups	35
courage	35
courageous	35
courageously	35
courageousness	60
courgette	60
courgettes	60
courier	35
couriered	35
couriering	35
couriers	35
course	35
coursebook	60
coursebooks	60
coursed	35
courser	60
coursers	60
courses	35
coursework	60
coursing	35
court	35
courted	35
courteous	35
courteously	35
courteousness	50
courtesan	50
courtesans	50
courtesies	35
courtesy	35
courthouse	35
courthouses	35
courtier	50
courtiers	50
courting	35
courtlier	50
courtliest	50
courtliness	50
courtly	50
courtroom	35
courtrooms	35
courts	35
courtship	35
courtships	35
courtside	60
courtyard	35
courtyards	35
couscous	60
cousin	35
cousins	35
couture	60
couturier	60
couturiers	60
covalent	60
covariance	60
covariant	60
covariate	60
covariates	60
cove	35
coven	50
covenant	35
covenanted	35
covenanting	35
covenants	35
covens	50
cover	35
coverage	35
coverall	50
coveralls	40
covered	35
covering	35
coverings	40
coverlet	50
coverlets	50
covers	35
covert	35
covertly	35
covertness	60
coverts	35
coves	35
covet	35
coveted	35
coveting	35
covetous	35
covetously	50
covetousness	50
covets	35
covey	50
coveys	50
cow	35
coward	35
cowardice	35
cowardliness	50
cowardly	35
cowards	35
cowbell	60
cowbells	60
cowbird	50
cowbirds	50
cowboy	35
cowboys	35
cowcatcher	60
cowcatchers	60
cowed	35
cower	35
cowered	35
cowering	35
cowers	35
cowgirl	35
cowgirls	35
cowhand	50
cowhands	50
cowherd	60
cowherds	60
cowhide	35
cowhides	35
cowing	35
cowl	50
cowlick	50
cowlicks	50
cowling	50
cowlings	50
cowls	50
cowman	60
cowmen	60
coworker	40
coworkers	40
coworking	60
cowpat	60
cowpats	60
cowpoke	50
cowpokes	50
cowpox	50
cowpuncher	50
cowpunchers	50
cowrie	60
cowries	60
cowritten	60
cows	35
cowshed	60
cowsheds	60
cowslip	50
cowslips	50
cox	35
coxcomb	50
coxcombs	50
coxed	60
coxes	60
coxing	60
coxswain	50
coxswains	50
coy	35
coyer	35
coyest	35
coyly	50
coyness	50
coyote	35
coyotes	35
coypu	60
coypus	60
cozen	50
cozenage	60
cozened	50
cozening	50
cozens	50
cozied	60
cozier	35
cozies	35
coziest	35
cozily	35
coziness	35
cozy	35
cozying	60
crab	35
crabbed	35
crabber	60
crabbers	60
crabbier	35
crabbiest	35
crabbily	50
crabbiness	50
crabbing	35
crabby	35
crabgrass	60
crablike	60
crabs	35
crabwise	60
crack	35
crackdown	40
crackdowns	40
cracked	35
cracker	35
crackerjack	50
crackerjacks	50
crackers	35
crackhead	60
crackheads	60
cracking	35
crackle	35
crackled	35
crackles	35
crackling	35
cracklings	60
crackly	50
crackpot	35
crackpots	35
cracks	35
crackup	50
crackups	50
cradle	35
cradled	35
cradles	35
cradling	35
craft	35
crafted	35
crafter	60
crafters	60
craftier	35
craftiest	35
craftily	35
craftiness	50
crafting	35
crafts	35
craftsman	35
craftsmanship	40
craftsmen	35
craftspeople	60
craftswoman	60
craftswomen	60
crafty	35
crag	35
craggier	35
craggiest	35
cragginess	60
craggy	35
crags	35
cram	35
crammed	35
crammer	60
crammers	60
cramming	35
cramp	35
cramped	35
cramping	35
crampon	60
crampons	60
cramps	35
crams	35
cranberries	35
cranberry	35
crane	35
craned	35
cranes	35
cranial	50
craning	35
cranium	35
craniums	35
crank	35
crankcase	50
crankcases	50
cranked	35
crankier	35
crankiest	35
crankily	60
crankiness	50
cranking	35
cranks	35
crankshaft	50
crankshafts	50
cranky	35
crannied	60
crannies	40
cranny	40
crap	35
crape	50
crapes	50
crapped	40
crapper	60
crappers	60
crappie	60
crappier	40
crappies	60
crappiest	40
crapping	40
crappy	40
craps	40
crapshoot	60
crapshooter	60
crapshooters	60
crash	35
crashed	35
crashes	35
crashing	35
crass	35
crasser	35
crassest	35
crassly	50
crassness	50
crate	35
crated	35
crater	35
cratered	35
cratering	35
craters	35
crates	35
crating	35
cravat	40
cravats	40
crave	35
craved	35
craven	50
cravenly	50
cravenness	60
cravens	50
craves	35
craving	35
cravings	35
craw	50
crawdad	60
crawdads	60
crawfish	60
crawl	35
crawled	35
crawler	60
crawlers	60
crawlier	60
crawlies	60
crawliest	60
crawling	35
crawls	35
crawly	60
craws	50
crayfish	35
crayfishes	35
crayon	35
crayoned	35
crayoning	35
crayons	35
craze	35
crazed	35
crazes	35
crazier	35
crazies	35
craziest	35
crazily	35
craziness	35
crazing	35
crazy	35
creak	35
creaked	35
creakier	35
creakiest	35
creakily	60
creakiness	60
creaking	35
creaks	35
creaky	35
cream	35
creamed	35
creamer	50
creameries	50
creamers	50
creamery	50
creamier	35
creamiest	35
creamily	60
creaminess	50
creaming	35
creams	35
creamy	35
crease	35
creased	35
creases	35
creasing	35
create	35
created	35
creates	35
creatine	60
creating	35
creation	35
creationism	50
creationist	60
creationists	60
creations	35
creative	35
creatively	35
creativeness	50
creatives	35
creativity	35
creator	35
creators	35
creature	35
creatures	35
creche	50
creches	50
cred	60
credence	35
credential	50
credentialed	60
credentialing	60
credentials	35
credenza	50
credenzas	50
credibility	35
credible	35
credibly	40
credit	35
creditable	35
creditably	50
credited	35
crediting	35
creditor	35
creditors	35
credits	35
creditworthiness	60
creditworthy	60
credo	40
credos	40
credulity	50
credulous	35
credulously	50
credulousness	60
creed	35
creeds	35
creek	35
creeks	35
creel	50
creels	50
creep	35
creeper	50
creepers	50
creepier	35
creepiest	35
creepily	50
creepiness	50
creeping	35
creeps	35
creepy	35
cremains	60
cremate	35
cremated	35
cremates	35
cremating	35
cremation	35
cremations	35
crematories	50
crematorium	40
crematoriums	40
crematory	50
creme	60
cremes	60
crenelate	60
crenelated	60
crenelates	60
crenelating	60
crenelation	60
crenelations	60
creole	40
creoles	40
creosote	50
creosoted	50
creosotes	50
creosoting	50
crepe	35
crepes	35
crept	35
crepuscular	60
crescendo	35
crescendos	35
crescent	35
crescents	35
cress	50
crest	35
crested	35
crestfallen	35
cresting	35
crestless	60
crests	35
cretaceous	60
cretin	35
cretinism	60
cretinous	35
cretins	35
cretonne	60
crevasse	35
crevasses	35
crevice	35
crevices	35
crew	35
crewed	35
crewel	60
crewelwork	60
crewing	35
crewman	60
crewmate	60
crewmates	60
crewmen	60
crewneck	60
crewnecks	60
crews	35
crib	35
cribbage	50
cribbed	35
cribber	60
cribbers	60
cribbing	35
cribs	35
crick	40
cricked	40
cricket	35
cricketer	50
cricketers	50
cricketing	60
crickets	35
cricking	40
cricks	40
cried	35
crier	50
criers	50
cries	35
crikey	60
crime	35
crimes	35
criminal	35
criminality	60
criminalization	60
criminalize	60
criminalized	60
criminalizes	60
criminalizing	60
criminally	35
criminals	35
criminologist	50
criminologists	50
criminology	50
crimp	40
crimped	40
crimping	40
crimps	40
crimson	35
crimsoned	35
crimsoning	35
crimsons	35
cringe	35
cringed	35
cringes	35
cringing	35
crinkle	35
crinkled	35
crinkles	35
crinklier	40
crinkliest	40
crinkling	35
crinkly	40
crinoline	50
crinolines	50
cripes	60
cripple	35
crippled	35
crippler	60
cripplers	60
cripples	35
crippling	35
cripplingly	60
crises	35
crisis	35
crisp	35
crispbread	60
crispbreads	60
crisped	35
crisper	35
crispest	35
crispier	40
crispiest	40
crispiness	60
crisping	35
crisply	35
crispness	50
crisps	35
crispy	35
crisscross	35
crisscrossed	35
crisscrosses	35
crisscrossing	35
criteria	35
criterion	35
critic	35
critical	35
criticality	60
critically	35
criticism	35
criticisms	35
criticize	35
criticized	35
criticizer	60
criticizers	60
criticizes	35
criticizing	35
critics	35
critique	35
critiqued	35
critiques	35
critiquing	35
critter	40
critters	40
croak	35
croaked	35
croakier	60
croakiest	60
croaking	35
croaks	35
croaky	60
crochet	35
crocheted	35
crocheter	60
crocheters	60
crocheting	35
crochets	35
crock	35
crocked	50
crockery	35
crocks	35
crocodile	35
crocodiles	35
crocodilian	60
crocodilians	60
crocus	35
crocuses	35
croft	60
crofter	60
crofters	60
crofting	60
crofts	35
croissant	40
croissants	40
crone	50
crones	50
cronies	35
crony	35
cronyism	60
crook	35
crooked	35
crookeder	35
crookedest	35
crookedly	50
crookedness	50
crooking	35
crookneck	60
crooknecks	60
crooks	35
croon	35
crooned	35
crooner	40
crooners	40
crooning	35
croons	35
crop	35
cropland	60
croplands	60
cropped	35
cropper	50
croppers	50
cropping	35
crops	35
croquet	35
croquette	50
croquettes	50
crosier	50
crosiers	50
cross	35
crossbar	50
crossbars	50
crossbeam	50
crossbeams	50
crossbones	50
crossbow	35
crossbowman	60
crossbowmen	60
crossbows	35
crossbred	50
crossbreed	50
crossbreeding	50
crossbreeds	50
crosscheck	40
crosschecked	40
crosschecking	40
crosschecks	40
crosscurrent	60
crosscurrents	60
crosscut	60
crosscuts	60
crosscutting	60
crossed	35
crosser	35
crosses	35
crossest	35
crossfire	40
crossfires	40
crosshair	60
crosshairs	60
crosshatch	60
crosshatched	60
crosshatches	60
crosshatching	60
crossing	35
crossings	35
crossly	50
crossness	50
crossover	40
crossovers	40
crosspatch	60
crosspatches	60
crosspiece	50
crosspieces	50
crossroad	50
crossroads	40
crosstalk	60
crosstown	40
crosswalk	35
crosswalks	35
crosswind	60
crosswinds	60
crosswise	50
crossword	35
crosswords	35
crostini	60
crotch	35
crotches	35
crotchet	50
crotchets	50
crotchety	50
crouch	35
crouched	35
crouches	35
crouching	35
croup	50
croupier	50
croupiers	50
croupiest	60
croupy	60
crouton	50
croutons	50
crow	35
crowbar	35
crowbars	35
crowd	35
crowded	35
crowdfund	50
crowdfunded	50
crowdfunding	50
crowdfunds	50
crowding	35
crowds	35
crowed	35
crowfoot	60
crowfoots	60
crowing	35
crown	35
crowned	35
crowning	35
crowns	35
crows	35
crucial	35
crucially	35
crucible	50
crucibles	50
crucified	35
crucifies	35
crucifix	35
crucifixes	35
crucifixion	35
crucifixions	35
cruciform	50
cruciforms	50
crucify	35
crucifying	35
crud	40
cruddier	40
cruddiest	40
cruddy	40
crude	35
crudely	35
crudeness	50
cruder	35
crudest	35
crudites	50
crudities	50
crudity	35
cruel	35
crueler	35
cruelest	35
cruelly	35
cruelness	60
cruelties	35
cruelty	35
cruet	50
cruets	50
cruise	35
cruised	35
cruiser	35
cruisers	35
cruises	35
cruising	35
cruller	50
crullers	50
crumb	35
crumbed	35
crumbier	50
crumbiest	50
crumbing	35
crumble	35
crumbled	35
crumbles	35
crumblier	35
crumbliest	35
crumbliness	60
crumbling	35
crumbly	35
crumbs	35
crumby	50
crummier	35
crummiest	35
crumminess	60
crummy	35
crumpet	50
crumpets	50
crumple	35
crumpled	35
crumples	35
crumpling	35
crunch	35
crunched	35
cruncher	50
crunches	35
crunchier	40
crunchiest	40
crunchiness	60
crunching	35
crunchy	35
crupper	60
cruppers	60
crusade	35
crusaded	35
crusader	35
crusaders	35
crusades	35
crusading	35
cruse	60
cruses	60
crush	35
crushed	35
crusher	60
crushers	60
crushes	35
crushing	35
crushingly	60
crust	35
crustacean	35
crustaceans	35
crustal	60
crusted	35
crustier	35
crustiest	35
crustily	60
crustiness	60
crusting	35
crustless	60
crusts	35
crusty	35
crutch	35
crutches	35
crux	35
cruxes	35
cry	35
crybabies	35
crybaby	35
crying	35
cryings	40
cryogenic	60
cryogenics	50
cryonics	60
cryosurgery	60
crypt	35
cryptanalysis	60
cryptic	35
cryptically	40
crypto	60
cryptocurrencies	50
cryptocurrency	50
cryptogram	50
cryptograms	50
cryptographer	50
cryptographers	50
cryptography	50
crypts	35
crystal	35
crystalline	50
crystallization	35
crystallize	35
crystallized	35
crystallizes	35
crystallizing	35
crystallographic	50
crystallography	50
crystals	35
cub	35
cubbies	60
cubby	60
cubbyhole	50
cubbyholes	50
cube	35
cubed	35
cuber	60
cubers	60
cubes	35
cubic	35
cubical	50
cubicle	35
cubicles	35
cubing	35
cubism	50
cubist	50
cubists	50
cubit	50
cubits	50
cuboid	60
cuboids	60
cubs	35
cuckold	50
cuckolded	50
cuckolding	50
cuckoldry	60
cuckolds	50
cuckoo	35
cuckoos	35
cucumber	35
cucumbers	35
cud	50
cuddle	35
cuddled	35
cuddles	35
cuddlier	40
cuddliest	40
cuddling	35
cuddly	35
cudgel	50
cudgeled	50
cudgeling	50
cudgels	50
cuds	50
cue	35
cued	35
cues	35
cuff	35
cuffed	35
cuffing	35
cuffs	35
cuing	35
cuisine	35
cuisines	35
culinary	35
cull	35
culled	35
culling	35
culls	35
culminate	35
culminated	35
culminates	35
culminating	35
culmination	35
culminations	35
culotte	60
culottes	50
culpability	40
culpable	35
culpably	60
culprit	35
culprits	35
cult	35
cultish	60
cultism	60
cultist	60
cultists	60
cultivable	60
cultivar	60
cultivars	60
cultivatable	60
cultivate	35
cultivated	35
cultivates	35
cultivating	35
cultivation	35
cultivator	50
cultivators	50
cultlike	60
cults	35
cultural	35
culturally	35
culture	35
cultured	35
cultures	35
culturing	35
culvert	50
culverts	50
cum	60
cumber	60
cumbered	60
cumbering	60
cumbers	60
cumbersome	35
cumbersomeness	60
cumbrous	60
cumin	50
cummerbund	50
cummerbunds	50
cumming	60
cums	60
cumulative	35
cumulatively	50
cumuli	50
cumulonimbi	60
cumulonimbus	60
cumulus	50
cuneiform	50
cunnilingus	60
cunning	35
cunninger	35
cunningest	35
cunningly	35
cunt	60
cunts	60
cup	35
cupboard	35
cupboards	35
cupcake	40
cupcakes	40
cupful	35
cupfuls	35
cupid	50
cupidity	50
cupids	50
cupola	50
cupolaed	60
cupolas	50
cuppa	60
cuppas	60
cupped	35
cupping	35
cupric	60
cups	35
cur	35
curability	60
curable	35
curacao	60
curacies	50
curacy	50
curare	60
curate	50
curated	50
curates	50
curating	50
curation	60
curative	50
curatives	50
curator	35
curatorial	60
curators	35
curb	35
curbed	35
curbing	35
curbs	35
curbside	60
curbstone	60
curbstones	60
curd	35
curdle	35
curdled	35
curdles	35
curdling	35
curds	35
cure	35
cured	35
curer	60
curers	60
cures	35
curettage	60
curfew	35
curfews	35
curia	60
curiae	60
curie	50
curies	50
curing	35
curio	35
curios	35
curiosities	35
curiosity	35
curious	35
curiously	35
curiousness	60
curium	60
curl	35
curled	35
curler	40
curlers	40
curlew	50
curlews	50
curlicue	50
curlicued	50
curlicues	50
curlicuing	50
curlier	40
curliest	40
curliness	50
curling	35
curls	35
curly	35
curmudgeon	60
curmudgeonly	60
curmudgeons	60
currant	35
currants	35
currencies	35
currency	35
current	35
currently	35
currents	35
curricula	35
curricular	60
curriculum	35
curried	35
curries	35
curry	35
currycomb	50
currycombed	50
currycombing	50
currycombs	50
currying	35
curs	50
curse	35
cursed	35
cursedly	60
curses	35
cursing	35
cursive	50
cursively	60
cursor	35
cursorily	50
cursoriness	60
cursors	40
cursory	35
curt	35
curtail	35
curtailed	35
curtailing	35
curtailment	50
curtailments	50
curtails	35
curtain	35
curtained	35
curtaining	35
curtains	35
curter	35
curtest	35
curtly	50
curtness	50
curtsied	35
curtsies	35
curtsy	35
curtsying	35
curvaceous	50
curvaceousness	60
curvature	35
curvatures	35
curve	35
curveball	60
curveballs	60
curved	35
curves	35
curvier	40
curviest	40
curving	35
curvy	40
cushier	50
cushiest	50
cushion	35
cushioned	35
cushioning	35
cushions	35
cushy	50
cusp	50
cuspid	50
cuspidor	60
cuspidors	60
cuspids	50
cusps	50
cuss	40
cussed	40
cussedly	60
cussedness	60
cusses	40
cussing	40
custard	35
custards	35
custodial	40
custodian	35
custodians	35
custodianship	60
custody	35
custom	35
customarily	40
customary	35
customer	35
customers	35
customhouse	60
customhouses	60
customizable	60
customization	35
customize	35
customized	35
customizes	40
customizing	35
customs	35
cut	35
cutaneous	60
cutaway	60
cutaways	60
cutback	35
cutbacks	35
cute	35
cutely	40
cuteness	40
cuter	35
cutest	35
cutesy	50
cutey	60
cuteys	60
cuticle	35
cuticles	35
cutie	60
cuties	60
cutlass	50
cutlasses	50
cutler	60
cutlers	60
cutlery	35
cutlet	35
cutlets	35
cutoff	40
cutoffs	40
cutout	50
cutouts	50
cuts	35
cutter	35
cutters	35
cutthroat	35
cutthroats	35
cutting	35
cuttingly	60
cuttings	35
cuttlefish	50
cuttlefishes	50
cutup	50
cutups	50
cutworm	60
cutworms	60
cyan	60
cyanide	35
cyanobacteria	60
cyber	60
cyberattack	60
cyberattacks	60
cyberbullies	50
cyberbully	50
cybercafe	60
cybercafes	60
cybercrime	60
cybernetic	50
cybernetics	35
cyberpunk	50
cyberpunks	50
cybersecurity	60
cybersex	50
cyberspace	40
cyberterrorism	60
cyborg	60
cyborgs	60
cyclamen	50
cyclamens	50
cycle	35
cycled	35
cycles	35
cyclic	35
cyclical	40
cyclically	50
cycling	35
cyclist	35
cyclists	35
cyclometer	60
cyclometers	60
cyclone	35
cyclones	35
cyclonic	50
cyclopedia	60
cyclopedias	60
cyclopes	60
cyclops	60
cyclotron	50
cyclotrons	50
cygnet	50
cygnets	50
cylinder	35
cylinders	35
cylindrical	35
cymbal	35
cymbalist	60
cymbalists	60
cymbals	35
cynic	35
cynical	35
cynically	40
cynicism	35
cynics	35
cynosure	50
cynosures	50
cypress	35
cypresses	35
cyst	35
cystic	50
cystitis	60
cysts	35
cytokines	60
cytologist	60
cytologists	60
cytology	50
cytoplasm	50
cytoplasmic	60
cytosine	60
czar	35
czarina	50
czarinas	50
czarism	60
czarist	60
czarists	60
czars	35
dab	35
dabbed	35
dabber	60
dabbers	60
dabbing	35
dabble	35
dabbled	35
dabbler	50
dabblers	50
dabbles	35
dabbling	35
dabs	35
dace	60
daces	60
dacha	50
dachas	50
dachshund	35
dachshunds	35
dactyl	50
dactylic	50
dactylics	50
dactyls	50
dad	35
dadaism	60
dadaist	60
dadaists	60
daddies	35
daddy	35
dado	50
dadoes	50
dads	35
daemon	35
daemonic	60
daemons	50
daffier	50
daffiest	50
daffiness	60
daffodil	35
daffodils	35
daffy	50
daft	35
dafter	50
daftest	50
daftly	60
daftness	60
dag	60
dagger	35
daggers	35
dago	60
dagoes	60
dagos	60
dags	60
daguerreotype	50
daguerreotyped	50
daguerreotypes	50
daguerreotyping	50
dahlia	50
dahlias	50
daikon	60
dailies	35
dailiness	60
daily	35
daintier	35
dainties	35
daintiest	35
daintily	35
daintiness	50
dainty	35
daiquiri	50
daiquiris	50
dairies	35
dairy	35
dairying	50
dairymaid	50
dairymaids	50
dairyman	50
dairymen	50
dairywoman	60
dairywomen	60
dais	35
daises	35
daisies	35
daisy	35
dale	50
dales	50
dalliance	50
dalliances	50
dallied	35
dallier	60
dalliers	60
dallies	35
dally	35
dallying	35
dalmatian	50
dalmatians	50
dam	35
damage	35
damageable	60
damaged	35
damages	35
damaging	35
damask	50
damasked	50
damasking	50
damasks	50
dame	35
dames	35
dammed	35
damming	35
dammit	60
damn	35
damnable	50
damnably	50
damnation	35
damned	35
damnedest	35
damning	35
damns	35
damp	35
damped	35
dampen	35
dampened	35
dampener	60
dampeners	60
dampening	35
dampens	35
damper	35
dampers	40
dampest	35
damping	35
damply	50
dampness	35
damps	35
dams	35
damsel	35
damselflies	60
damselfly	60
damsels	35
damson	50
damsons	50
dance	35
danceable	60
danced	35
dancer	35
dancers	35
dances	35
dancing	35
dandelion	35
dandelions	35
dander	50
dandier	35
dandies	35
dandiest	35
dandified	60
dandifies	60
dandify	60
dandifying	60
dandle	50
dandled	50
dandles	50
dandling	50
dandruff	35
dandy	35
dang	60
danged	60
danger	35
dangerous	35
dangerously	35
dangers	35
danging	60
dangle	35
dangled	35
dangler	60
danglers	60
dangles	35
dangling	35
dangs	60
danish	60
danishes	60
dank	35
danker	35
dankest	35
dankly	50
dankness	50
danseuse	60
danseuses	60
dapper	35
dapperer	35
dapperest	35
dapple	50
dappled	50
dapples	50
dappling	50
dare	35
dared	35
daredevil	35
daredevilry	60
daredevils	35
darer	60
darers	60
dares	35
daresay	60
daring	35
daringly	50
dark	35
darken	35
darkened	35
darkener	60
darkeners	60
darkening	35
darkens	35
darker	35
darkest	35
darkie	60
darkies	60
darkish	60
darkly	35
darkness	35
darkroom	40
darkrooms	40
darling	35
darlings	35
darn	35
darndest	60
darned	35
darneder	40
darnedest	40
darner	60
darners	60
darning	35
darns	35
dart	35
dartboard	60
dartboards	60
darted	35
darter	60
darters	60
darting	35
darts	35
dash	35
dashboard	35
dashboards	35
dashed	35
dasher	60
dashers	60
dashes	35
dashiki	50
dashikis	50
dashing	35
dashingly	50
dastard	60
dastardliness	60
dastardly	35
dastards	60
data	35
database	35
databases	35
dataset	60
datasets	60
datatype	50
date	35
datebook	60
datebooks	60
dated	35
dateless	60
dateline	50
datelined	50
datelines	50
datelining	50
dater	60
daters	60
dates	35
dateset	60
dating	35
dative	50
datives	50
datum	35
daub	35
daubed	35
dauber	50
daubers	50
daubing	35
daubs	35
daughter	35
daughterly	60
daughters	35
daunt	35
daunted	35
daunting	35
dauntingly	60
dauntless	35
dauntlessly	50
dauntlessness	50
daunts	35
dauphin	50
dauphins	50
davenport	50
davenports	50
davit	50
davits	50
dawdle	35
dawdled	35
dawdler	50
dawdlers	50
dawdles	35
dawdling	35
dawn	35
dawned	35
dawning	35
dawns	35
day	35
daybed	50
daybeds	50
daybreak	35
daycare	40
daydream	35
daydreamed	35
daydreamer	40
daydreamers	40
daydreaming	35
daydreams	35
daylight	35
daylights	50
daylilies	60
daylily	60
daylong	60
daypack	60
daypacks	60
days	35
daytime	35
daytripper	60
daytrippers	60
daze	35
dazed	35
dazedly	60
dazes	35
dazing	35
dazzle	35
dazzled	35
dazzler	60
dazzlers	60
dazzles	35
dazzling	35
dazzlingly	60
deacon	35
deaconess	40
deaconesses	40
deacons	35
deactivate	50
deactivated	50
deactivates	50
deactivating	50
deactivation	60
dead	35
deadbeat	50
deadbeats	50
deadbolt	50
deadbolts	50
deaden	35
deadened	35
deadening	35
deadens	35
deader	35
deadest	35
deadhead	60
deadheaded	60
deadheading	60
deadheads	60
deadlier	35
deadliest	35
deadlift	60
deadlifts	60
deadline	35
deadlines	35
deadliness	50
deadlock	35
deadlocked	35
deadlocking	35
deadlocks	35
deadly	35
deadpan	40
deadpanned	40
deadpanning	40
deadpans	40
deadwood	50
deaf	35
deafen	40
deafened	40
deafening	40
deafeningly	60
deafens	40
deafer	35
deafest	35
deafness	35
deal	35
dealer	35
dealers	35
dealership	40
dealerships	40
dealing	35
dealings	35
dealmaker	60
dealmakers	60
dealmaking	60
deals	35
dealt	35
dean	35
deaneries	60
deanery	60
deans	35
deanship	60
dear	35
dearer	35
dearest	35
dearests	60
dearies	60
dearly	35
dearness	50
dears	35
dearth	35
dearths	35
deary	60
death	35
deathbed	35
deathbeds	35
deathblow	50
deathblows	50
deathless	50
deathlessly	60
deathlike	50
deathly	50
deaths	35
deathtrap	40
deathtraps	40
deathwatch	60
deathwatches	60
deb	50
debacle	50
debacles	50
debar	50
debark	50
debarkation	50
debarked	50
debarking	50
debarks	50
debarment	50
debarred	50
debarring	50
debars	50
debase	35
debased	35
debasement	35
debasements	35
debases	35
debasing	35
debatable	35
debate	35
debated	35
debater	50
debaters	50
debates	35
debating	35
debauch	50
debauched	50
debauchee	60
debauchees	60
debaucheries	35
debauchery	35
debauches	50
debauching	50
debenture	50
debentures	50
debilitate	35
debilitated	35
debilitates	35
debilitating	35
debilitation	50
debilities	35
debility	35
debit	35
debited	35
debiting	35
debits	35
debonair	35
debonairly	50
debonairness	60
debouch	60
debouched	60
debouches	60
debouching	60
debridement	60
debrief	35
debriefed	35
debriefing	35
debriefings	40
debriefs	35
debris	35
debs	50
debt	35
debtor	35
debtors	35
debts	35
debug	35
debugged	35
debugger	35
debuggers	50
debugging	35
debugs	40
debunk	35
debunked	35
debunker	60
debunkers	60
debunking	35
debunks	35
debut	35
debutante	35
debutantes	35
debuted	35
debuting	35
debuts	35
decade	35
decadence	35
decadency	60
decadent	35
decadently	50
decadents	35
decades	35
decaf	40
decaff	60
decaffeinate	60
decaffeinated	40
decaffeinates	60
decaffeinating	60
decaffs	60
decafs	40
decagon	60
decagons	60
decal	40
decals	40
decamp	50
decamped	50
decamping	50
decampment	60
decamps	50
decant	50
decanted	50
decanter	35
decanters	35
decanting	50
decants	50
decapitate	35
decapitated	35
decapitates	35
decapitating	35
decapitation	50
decapitations	50
decapitator	60
decapitators	60
decathlete	60
decathletes	60
decathlon	40
decathlons	40
decay	35
decayed	35
decaying	35
decays	35
decease	50
deceased	35
deceases	50
deceasing	50
decedent	50
decedents	50
deceit	35
deceitful	35
deceitfully	35
deceitfulness	40
deceits	35
deceive	35
deceived	35
deceiver	50
deceivers	50
deceives	35
deceiving	35
deceivingly	60
decelerate	50
decelerated	50
decelerates	50
decelerating	50
deceleration	50
decelerator	60
decelerators	60
decencies	35
decency	35
decennial	60
decennials	60
decent	35
decently	35
decentralization	35
decentralize	35
decentralized	35
decentralizes	35
decentralizing	35
deception	35
deceptions	35
deceptive	35
deceptively	40
deceptiveness	50
decibel	35
decibels	35
decidable	60
decide	35
decided	35
decidedly	35
decider	60
deciders	60
decides	35
deciding	35
deciduous	35
deciliter	60
deciliters	60
decimal	35
decimalization	60
decimals	35
decimate	35
decimated	35
decimates	35
decimating	35
decimation	50
decimeter	60
decimeters	60
decipher	35
decipherable	50
deciphered	35
deciphering	35
deciphers	35
decision	35
decisions	35
decisive	35
decisively	35
decisiveness	50
deck	35
deckchair	60
deckchairs	60
decked	35
deckhand	60
deckhands	60
decking	35
decks	35
declaim	50
declaimed	50
declaimer	60
declaimers	60
declaiming	50
declaims	50
declamation	50
declamations	50
declamatory	50
declarable	60
declaration	35
declarations	35
declarative	50
declaratory	60
declare	35
declared	35
declarer	60
declarers	60
declares	35
declaring	35
declassification	60
declassified	50
declassifies	50
declassify	50
declassifying	50
declaw	60
declawed	60
declawing	60
declaws	60
declension	35
declensions	50
declination	50
decline	35
declined	35
decliner	60
decliners	60
declines	35
declining	35
declivities	50
declivity	50
decode	35
decoded	35
decoder	35
decoders	60
decodes	35
decoding	35
decoherence	60
decolletage	60
decolletages	60
decollete	50
decolonization	50
decolonize	50
decolonized	50
decolonizes	50
decolonizing	50
decommission	60
decommissioned	50
decommissioning	60
decommissions	60
decompose	35
decomposed	35
decomposer	60
decomposers	60
decomposes	35
decomposing	35
decomposition	35
decompress	50
decompressed	50
decompresses	50
decompressing	50
decompression	50
decongestant	50
decongestants	50
deconstruct	60
deconstructed	60
deconstructing	60
deconstruction	60
deconstructionism	60
deconstructionist	60
deconstructionists	60
deconstructions	60
deconstructs	60
decontaminate	50
decontaminated	50
decontaminates	50
decontaminating	50
decontamination	50
decontrol	60
decontrolled	60
decontrolling	60
decontrols	60
decor	40
decorate	35
decorated	35
decorates	35
decorating	35
decoration	35
decorations	35
decorative	35
decoratively	60
decorator	35
decorators	35
decorous	35
decorously	50
decorousness	60
decors	40
decorum	35
decoupage	60
decoupaged	60
decoupages	60
decoupaging	60
decouple	60
decoupled	60
decouples	60
decoupling	60
decoy	35
decoyed	35
decoying	35
decoys	35
decrease	35
decreased	35
decreases	35
decreasing	35
decreasingly	60
decree	35
decreed	35
decreeing	35
decrees	35
decrement	60
decremented	50
decrementing	60
decrements	50
decrepit	35
decrepitude	50
decrescendo	50
decrescendos	50
decried	35
decries	35
decriminalization	60
decriminalize	40
decriminalized	40
decriminalizes	40
decriminalizing	40
decry	35
decrying	35
decrypt	60
decrypted	60
decrypting	60
decryption	50
decrypts	60
dedicate	35
dedicated	35
dedicates	35
dedicating	35
dedication	35
dedications	35
dedicator	60
dedicators	60
dedicatory	60
deduce	35
deduced	35
deduces	35
deducible	50
deducing	35
deduct	35
deducted	35
deductible	40
deductibles	40
deducting	35
deduction	35
deductions	35
deductive	35
deductively	60
deducts	35
deduplicate	60
deduplicated	60
deduplicates	60
deduplicating	60
deduplication	60
deduplications	60
deed	35
deeded	35
deeding	35
deeds	35
deejay	50
deejays	50
deem	35
deemed	35
deeming	35
deemphasize	60
deemphasized	60
deemphasizes	60
deemphasizing	60
deems	35
deep	35
deepen	35
deepened	35
deepening	35
deepens	35
deeper	35
deepest	35
deepfake	50
deepfakes	50
deeply	35
deepness	50
deeps	35
deer	35
deerskin	50
deerstalker	60
deerstalkers	60
def	60
deface	35
defaced	35
defacement	50
defacer	60
defacers	60
defaces	35
defacing	35
defalcate	60
defalcated	60
defalcates	60
defalcating	60
defalcation	60
defalcations	60
defamation	35
defamatory	35
defame	35
defamed	35
defamer	60
defamers	60
defames	35
defaming	35
defang	60
defanged	60
defanging	60
defangs	60
default	35
defaulted	35
defaulter	50
defaulters	50
defaulting	35
defaults	35
defeat	35
defeated	35
defeater	60
defeaters	60
defeating	35
defeatism	50
defeatist	35
defeatists	40
defeats	35
defecate	35
defecated	35
defecates	35
defecating	35
defecation	50
defect	35
defected	35
defecting	35
defection	40
defections	40
defective	35
defectively	60
defectiveness	60
defectives	35
defector	40
defectors	40
defects	35
defend	35
defendable	60
defendant	35
defendants	35
defended	35
defender	35
defenders	35
defending	35
defends	35
defense	35
defensed	35
defenseless	35
defenselessly	60
defenselessness	60
defenseman	60
defensemen	60
defenses	35
defensible	35
defensibly	60
defensing	35
defensive	35
defensively	40
defensiveness	50
defer	35
deference	35
deferential	35
deferentially	50
deferment	50
deferments	50
deferral	60
deferrals	60
deferred	35
deferring	35
defers	35
deffer	60
deffest	60
defiance	35
defiant	35
defiantly	35
defibrillation	60
defibrillator	60
defibrillators	60
deficiencies	35
deficiency	35
deficient	35
deficit	35
deficits	35
defied	35
defies	35
defile	35
defiled	35
defilement	50
defiler	60
defilers	60
defiles	35
defiling	35
definable	35
define	35
defined	35
definer	50
definers	50
defines	35
defining	35
definite	35
definitely	35
definiteness	50
definition	35
definitional	60
definitions	35
definitive	35
definitively	40
deflate	35
deflated	35
deflates	35
deflating	35
deflation	35
deflationary	60
deflect	35
deflected	35
deflecting	35
deflection	35
deflections	35
deflective	60
deflector	50
deflectors	50
deflects	35
deflower	60
deflowered	60
deflowering	60
deflowers	60
defog	60
defogged	60
defogger	50
defoggers	50
defogging	60
defogs	60
defoliant	50
defoliants	50
defoliate	50
defoliated	50
defoliates	50
defoliating	50
defoliation	50
defoliator	60
defoliators	60
deforest	50
deforestation	40
deforested	50
deforesting	50
deforests	50
deform	35
deformation	40
deformations	40
deformed	35
deforming	35
deformities	35
deformity	35
deforms	35
defraud	35
defrauded	35
defrauder	60
defrauders	60
defrauding	35
defrauds	35
defray	50
defrayal	50
defrayed	50
defraying	50
defrays	50
defrock	60
defrocked	60
defrocking	60
defrocks	60
defrost	35
defrosted	35
defroster	50
defrosters	50
defrosting	35
defrosts	35
deft	35
defter	35
deftest	35
deftly	35
deftness	50
defunct	35
defund	60
defunded	60
defunding	60
defunds	60
defuse	40
defused	40
defuses	40
defusing	40
defy	35
defying	35
degas	60
degases	60
degassed	60
degassing	60
degeneracy	50
degenerate	35
degenerated	35
degenerates	35
degenerating	35
degeneration	40
degenerative	50
deglaze	60
degradable	60
degradation	35
degrade	35
degraded	35
degrades	35
degrading	35
degree	35
degrees	35
dehumanization	50
dehumanize	50
dehumanized	50
dehumanizes	50
dehumanizing	50
dehumidified	50
dehumidifier	50
dehumidifiers	50
dehumidifies	50
dehumidify	50
dehumidifying	50
dehydrate	35
dehydrated	35
dehydrates	35
dehydrating	35
dehydration	40
dehydrator	60
dehydrators	60
dehydrogenase	60
dehydrogenate	60
dehydrogenated	60
dehydrogenates	60
dehydrogenating	60
deice	50
deiced	50
deicer	50
deicers	50
deices	50
deicing	50
deification	50
deified	35
deifies	35
deify	35
deifying	35
deign	35
deigned	35
deigning	35
deigns	35
deism	50
deist	60
deistic	60
deists	60
deities	35
deity	35
deject	60
dejected	35
dejectedly	40
dejecting	60
dejection	35
dejects	60
delay	35
delayed	35
delayer	60
delayers	60
delaying	35
delays	35
delectable	35
delectably	60
delectation	50
delegate	35
delegated	35
delegates	35
delegating	35
delegation	35
delegations	35
delegitimize	60
delegitimized	60
delegitimizes	60
delegitimizing	60
delete	35
deleted	35
deleterious	35
deletes	35
deleting	35
deletion	35
deletions	35
deleverage	50
deleveraged	50
deleverages	50
deleveraging	50
delft	60
delftware	60
deli	35
deliberate	35
deliberated	35
deliberately	35
deliberateness	60
deliberates	35
deliberating	35
deliberation	35
deliberations	35
deliberative	60
delicacies	35
delicacy	35
delicate	35
delicately	35
delicateness	60
delicatessen	35
delicatessens	35
delicious	35
deliciously	35
deliciousness	50
delight	35
delighted	35
delightedly	60
delightful	35
delightfully	40
delighting	35
delights	35
delimit	35
delimitation	60
delimited	50
delimiter	35
delimiters	35
delimiting	50
delimits	50
delineate	40
delineated	40
delineates	40
delineating	40
delineation	50
delineations	50
delinquencies	35
delinquency	35
delinquent	35
delinquently	50
delinquents	35
deliquesce	60
deliquesced	60
deliquescent	50
deliquesces	60
deliquescing	60
delirious	35
deliriously	35
deliriousness	60
delirium	35
deliriums	35
delis	35
deliver	35
deliverable	60
deliverables	60
deliverance	35
delivered	35
deliverer	50
deliverers	50
deliveries	35
delivering	35
delivers	35
delivery	35
deliveryman	60
deliverymen	60
dell	50
dells	50
delouse	60
deloused	60
delouses	60
delousing	60
delphinium	50
delphiniums	50
delta	35
deltas	35
delude	35
deluded	35
deludes	35
deluding	35
deluge	35
deluged	35
deluges	35
deluging	35
delusion	35
delusional	60
delusions	35
delusive	50
delusively	60
deluxe	35
delve	35
delved	35
delver	60
delvers	60
delves	35
delving	35
demagnetization	50
demagnetize	50
demagnetized	50
demagnetizes	50
demagnetizing	50
demagogic	40
demagogically	60
demagogue	35
demagoguery	50
demagogues	35
demagogy	50
demand	35
demanded	35
demanding	35
demands	35
demarcate	50
demarcated	50
demarcates	50
demarcating	50
demarcation	50
demarcations	50
demean	35
demeaned	35
demeaning	35
demeanor	35
demeans	35
demented	35
dementedly	50
dementia	35
demerit	35
demerits	35
demesne	50
demesnes	50
demigod	50
demigoddess	60
demigoddesses	60
demigods	50
demijohn	50
demijohns	50
demilitarization	50
demilitarize	50
demilitarized	50
demilitarizes	50
demilitarizing	50
demimondaine	60
demimondaines	60
demimonde	60
demise	35
demised	35
demises	35
demising	35
demist	60
demisted	60
demister	60
demisters	60
demisting	60
demists	60
demitasse	50
demitasses	50
demo	40
demob	60
demobbed	60
demobbing	60
demobilization	50
demobilize	50
demobilized	50
demobilizes	50
demobilizing	50
demobs	60
democracies	35
democracy	35
democrat	35
democratic	35
democratically	35
democratization	50
democratize	50
democratized	50
democratizes	50
democratizing	50
democrats	35
demode	60
demodulate	60
demodulated	60
demodulates	60
demodulating	60
demodulation	60
demographer	50
demographers	50
demographic	50
demographically	50
demographics	40
demography	50
demolish	35
demolished	35
demolishes	35
demolishing	35
demolition	35
demolitions	35
demon	35
demonetization	60
demonetize	60
demonetized	60
demonetizes	60
demonetizing	60
demoniac	50
demoniacal	50
demoniacally	60
demonic	40
demonically	60
demonization	60
demonizations	60
demonize	60
demonized	60
demonizes	60
demonizing	60
demonologies	60
demonology	60
demons	35
demonstrability	60
demonstrable	50
demonstrably	35
demonstrate	35
demonstrated	35
demonstrates	35
demonstrating	35
demonstration	35
demonstrations	35
demonstrative	35
demonstratively	50
demonstrativeness	60
demonstratives	35
demonstrator	35
demonstrators	35
demonym	60
demonyms	60
demoralization	50
demoralize	35
demoralized	35
demoralizes	35
demoralizing	35
demos	40
demote	35
demoted	35
demotes	35
demotic	60
demoting	35
demotion	35
demotions	35
demotivate	60
demotivated	60
demotivates	60
demotivating	60
demount	35
demulcent	60
demulcents	60
demur	50
demure	35
demurely	35
demureness	60
demurer	35
demurest	35
demurral	60
demurrals	60
demurred	50
demurrer	60
demurrers	60
demurring	50
demurs	50
demystification	60
demystified	60
demystifies	60
demystify	60
demystifying	60
den	35
denationalization	60
denationalize	60
denationalized	60
denationalizes	60
denationalizing	60
denaturation	60
denature	50
denatured	50
denatures	50
denaturing	50
dendrite	50
dendrites	50
dengue	60
deniability	50
deniable	60
denial	35
denials	35
denied	35
denier	50
deniers	50
denies	35
denigrate	35
denigrated	40
denigrates	40
denigrating	40
denigration	50
denim	35
denims	35
denitrification	60
denizen	50
denizens	50
denominate	50
denominated	50
denominates	50
denominating	50
denomination	35
denominational	50
denominations	35
denominator	35
denominators	35
denotation	50
denotations	50
denotative	60
denote	35
denoted	35
denotes	35
denoting	35
denouement	50
denouements	50
denounce	35
denounced	35
denouncement	50
denouncements	50
denounces	35
denouncing	35
dens	35
dense	35
densely	35
denseness	50
denser	35
densest	35
densities	35
density	35
dent	35
dental	35
dentally	60
dented	35
dentifrice	50
dentifrices	50
dentin	50
denting	35
dentist	35
dentistry	35
dentists	35
dentition	60
dents	35
denture	50
dentures	40
denuclearize	60
denuclearized	60
denuclearizes	60
denuclearizing	60
denudation	60
denude	50
denuded	50
denudes	50
denuding	50
denunciation	35
denunciations	35
deny	35
denying	35
deodorant	35
deodorants	35
deodorization	60
deodorize	35
deodorized	35
deodorizer	50
deodorizers	50
deodorizes	35
deodorizing	35
depart	35
departed	35
departing	35
department	35
departmental	35
departmentalization	60
departmentalize	50
departmentalized	50
departmentalizes	50
departmentalizing	50
departmentally	60
departments	35
departs	35
departure	35
departures	35
depend	35
dependability	50
dependable	35
dependably	50
depended	35
dependence	35
dependencies	35
dependency	35
dependent	35
dependently	60
dependents	35
depending	35
depends	35
depersonalize	60
depersonalized	60
depersonalizes	60
depersonalizing	60
depict	35
depicted	35
depicting	35
depiction	35
depictions	50
depicts	35
depilatories	50
depilatory	50
deplane	50
deplaned	50
deplanes	50
deplaning	50
deplatform	60
deplatformed	60
deplatforming	60
deplatforms	60
deplete	35
depleted	35
depletes	35
depleting	35
depletion	40
deplorable	35
deplorably	40
deplore	35
deplored	35
deplores	35
deploring	35
deploy	40
deployed	40
deploying	40
deployment	40
deployments	40
deploys	40
depolarization	60
depolarize	60
depolarized	60
depolarizes	60
depolarizing	60
depoliticize	50
depoliticized	50
depoliticizes	50
depoliticizing	50
deponent	60
deponents	60
depopulate	50
depopulated	50
depopulates	50
depopulating	50
depopulation	50
deport	35
deportation	35
deportations	35
deported	35
deportee	60
deportees	60
deporting	35
deportment	35
deports	35
depose	40
deposed	35
deposes	40
deposing	40
deposit	35
deposited	35
depositing	35
deposition	50
depositions	50
depositor	50
depositories	50
depositors	50
depository	50
deposits	35
depot	35
depots	35
deprave	50
depraved	40
depraves	50
depraving	50
depravities	35
depravity	35
deprecate	50
deprecated	35
deprecates	50
deprecating	50
deprecatingly	60
deprecation	50
deprecatory	50
depreciate	35
depreciated	35
depreciates	35
depreciating	35
depreciation	35
depredation	50
depredations	50
depress	35
depressant	50
depressants	50
depressed	35
depresses	35
depressing	35
depressingly	35
depression	35
depressions	35
depressive	50
depressives	50
depressor	60
depressors	60
depressurization	60
depressurize	60
depressurized	60
depressurizes	60
depressurizing	60
deprivation	35
deprivations	35
deprive	35
deprived	35
deprives	35
depriving	35
deprogram	50
deprogrammed	50
deprogramming	50
deprograms	50
depth	35
depths	35
deputation	50
deputations	50
depute	50
deputed	50
deputes	50
deputies	35
deputing	50
deputize	50
deputized	50
deputizes	50
deputizing	50
deputy	35
dequeue	60
dequeued	60
dequeues	60
derail	35
derailed	35
derailing	35
derailleur	50
derailleurs	50
derailment	35
derailments	35
derails	35
derange	50
deranged	35
derangement	50
deranges	50
deranging	50
derbies	40
derby	40
deregulate	50
deregulated	50
deregulates	50
deregulating	50
deregulation	50
derelict	35
dereliction	50
derelicts	35
deride	35
derided	35
derides	35
deriding	35
derision	35
derisive	50
derisively	50
derisiveness	60
derisory	50
derivable	50
derivation	35
derivations	35
derivative	35
derivatives	35
derive	35
derived	35
derives	35
deriving	35
dermal	60
dermatitis	50
dermatological	60
dermatologist	50
dermatologists	50
dermatology	50
dermis	50
derogate	50
derogated	50
derogates	50
derogating	50
derogation	50
derogatorily	60
derogatory	35
derrick	35
derricks	35
derriere	50
derrieres	50
derringer	50
derringers	50
derv	60
dervish	50
dervishes	50
desalinate	50
desalinated	50
desalinates	50
desalinating	50
desalination	50
desalinization	60
desalinize	60
desalinized	60
desalinizes	60
desalinizing	60
desalt	60
desalted	60
desalting	60
desalts	60
descale	60
descaled	60
descales	60
descaling	60
descant	50
descanted	50
descanting	50
descants	50
descend	35
descendant	35
descendants	35
descended	35
descender	50
descending	35
descends	35
descent	35
descents	35
describable	35
describe	35
described	35
describer	60
describers	60
describes	35
describing	35
descried	50
descries	50
description	35
descriptions	35
descriptive	35
descriptively	50
descriptiveness	60
descriptor	35
descriptors	35
descry	50
descrying	50
desecrate	35
desecrated	35
desecrates	35
desecrating	35
desecration	35
desegregate	40
desegregated	40
desegregates	40
desegregating	40
desegregation	35
deselect	60
deselected	60
deselecting	60
deselection	60
deselects	60
desensitization	50
desensitize	50
desensitized	50
desensitizes	50
desensitizing	50
deserialization	60
deserializations	60
deserialize	60
deserialized	60
deserializes	60
deserializing	60
desert	35
deserted	35
deserter	35
deserters	35
desertification	60
deserting	35
desertion	50
desertions	50
deserts	35
deserve	35
deserved	35
deservedly	50
deserves	35
deserving	35
desiccant	60
desiccants	60
desiccate	50
desiccated	50
desiccates	50
desiccating	50
desiccation	50
desiccator	60
desiccators	60
desiderata	50
desideratum	50
design	35
designate	35
designated	35
designates	35
designating	35
designation	35
designations	35
designed	35
designee	60
designees	60
designer	35
designers	35
designing	35
designs	35
desirability	35
desirable	35
desirableness	60
desirably	50
desire	35
desired	35
desires	35
desiring	35
desirous	35
desist	35
desisted	35
desisting	35
desists	35
desk	35
deskill	60
deskilled	60
deskilling	60
deskills	60
desks	35
desktop	35
desktops	40
desolate	35
desolated	35
desolately	50
desolateness	50
desolates	35
desolating	35
desolation	35
despair	35
despaired	35
despairing	35
despairingly	60
despairs	35
desperado	50
desperadoes	50
desperate	35
desperately	35
desperateness	60
desperation	35
despicable	35
despicably	50
despise	35
despised	35
despises	35
despising	35
despite	35
despoil	50
despoiled	50
despoiler	60
despoilers	60
despoiling	50
despoilment	60
despoils	50
despoliation	60
despondence	60
despondency	50
despondent	35
despondently	40
despot	35
despotic	35
despotically	60
despotism	50
despots	35
dessert	35
desserts	35
dessertspoon	60
dessertspoonful	60
dessertspoonfuls	60
dessertspoons	60
destabilization	60
destabilize	35
destabilized	60
destabilizes	60
destabilizing	60
destination	35
destinations	35
destine	50
destined	35
destines	50
destinies	35
destining	50
destiny	35
destitute	35
destitution	35
destroy	35
destroyed	35
destroyer	35
destroyers	35
destroying	35
destroys	35
destruct	50
destructed	50
destructibility	60
destructible	50
destructing	50
destruction	35
destructive	35
destructively	50
destructiveness	50
destructs	50
desuetude	60
desultorily	60
desultory	50
detach	35
detachable	35
detached	35
detaches	35
detaching	35
detachment	35
detachments	35
detail	35
detailed	35
detailing	35
details	35
detain	35
detained	35
detainee	50
detainees	50
detaining	35
detainment	50
detains	35
detect	35
detectable	35
detected	35
detecting	35
detection	35
detections	35
detective	35
detectives	35
detector	35
detectors	35
detects	35
detente	40
detention	35
detentions	35
deter	35
detergent	35
detergents	35
deteriorate	35
deteriorated	35
deteriorates	35
deteriorating	35
deterioration	35
determent	60
determinable	35
determinant	50
determinants	50
determinate	50
determination	35
determinations	35
determine	35
determined	35
determinedly	60
determiner	40
determiners	40
determines	35
determining	35
determinism	35
deterministic	35
deterministically	60
deterred	35
deterrence	40
deterrent	35
deterrents	35
deterring	35
deters	35
detest	35
detestable	50
detestably	60
detestation	50
detested	35
detesting	35
detests	35
dethrone	35
dethroned	35
dethronement	50
dethrones	35
dethroning	35
detonate	35
detonated	35
detonates	35
detonating	35
detonation	35
detonations	35
detonator	35
detonators	35
detour	35
detoured	35
detouring	35
detours	35
detox	40
detoxed	40
detoxes	40
detoxification	50
detoxified	50
detoxifies	50
detoxify	50
detoxifying	50
detoxing	40
detract	35
detracted	35
detracting	35
detraction	50
detractor	50
detractors	50
detracts	35
detriment	35
detrimental	35
detrimentally	60
detriments	35
detritus	50
deuce	50
deuces	50
deuterium	50
devaluation	40
devaluations	40
devalue	35
devalued	40
devalues	40
devaluing	40
devastate	35
devastated	35
devastates	35
devastating	35
devastatingly	60
devastation	35
devastator	60
devastators	60
develop	35
developed	35
developer	35
developers	35
developing	35
development	35
developmental	50
developmentally	60
developments	35
develops	35
deviance	50
deviancy	60
deviant	35
deviants	40
deviate	35
deviated	35
deviates	35
deviating	35
deviation	35
deviations	35
device	35
devices	35
devil	35
deviled	35
deviling	35
devilish	40
devilishly	50
devilishness	60
devilment	50
devilries	50
devilry	50
devils	35
deviltries	50
deviltry	50
devious	35
deviously	50
deviousness	50
devise	35
devised	35
devises	35
devising	35
devitalize	60
devitalized	60
devitalizes	60
devitalizing	60
devoid	35
devolution	35
devolve	50
devolved	35
devolves	50
devolving	50
devote	35
devoted	35
devotedly	40
devotee	35
devotees	35
devotes	35
devoting	35
devotion	35
devotional	50
devotionals	50
devotions	35
devour	35
devoured	35
devouring	35
devours	35
devout	35
devouter	35
devoutest	35
devoutly	35
devoutness	50
dew	35
dewberries	50
dewberry	50
dewclaw	60
dewclaws	60
dewdrop	50
dewdrops	50
dewier	50
dewiest	50
dewiness	60
dewlap	50
dewlaps	50
dewy	50
dexterity	35
dexterous	35
dexterously	50
dexterousness	60
dextrose	50
dharma	50
dhoti	50
dhotis	50
dhow	60
dhows	60
diabetes	35
diabetic	35
diabetics	35
diabolic	50
diabolical	35
diabolically	50
diacritic	50
diacritical	50
diacritics	50
diadem	50
diadems	50
diaereses	60
diaeresis	60
diagnose	35
diagnosed	35
diagnoses	35
diagnosing	35
diagnosis	35
diagnostic	35
diagnostically	60
diagnostician	50
diagnosticians	50
diagnostics	35
diagonal	35
diagonally	35
diagonals	35
diagram	35
diagrammatic	50
diagrammatically	60
diagrammed	35
diagramming	35
diagrams	35
dial	35
dialect	35
dialectal	50
dialectic	50
dialectical	60
dialectics	60
dialects	35
dialed	35
dialer	60
dialers	60
dialing	35
dialog	35
dialogue	35
dialogues	35
dials	35
dialyses	50
dialysis	50
diamagnetic	60
diamagnetism	60
diamante	60
diameter	35
diameters	35
diametric	60
diametrical	50
diametrically	35
diamond	35
diamondback	60
diamondbacks	60
diamonds	35
diapason	60
diapasons	60
diaper	35
diapered	35
diapering	35
diapers	35
diaphanous	50
diaphragm	35
diaphragmatic	60
diaphragms	35
diaries	35
diarist	50
diarists	50
diarrhea	35
diary	35
diaspora	60
diasporas	60
diastase	60
diastole	60
diastolic	60
diathermy	60
diatom	50
diatomic	60
diatoms	50
diatonic	60
diatribe	35
diatribes	50
diazepam	60
dibble	50
dibbled	50
dibbles	50
dibbling	50
dibs	60
dice	35
diced	35
dices	35
dicey	40
dichotomies	40
dichotomous	60
dichotomy	40
dicier	40
diciest	40
dicing	35
dick	40
dickens	60
dicker	50
dickered	50
dickering	50
dickers	50
dickey	50
dickeys	50
dickhead	60
dickheads	60
dicks	40
dickybird	60
dickybirds	60
dicotyledon	60
dicotyledonous	60
dicotyledons	60
dicta	50
dictate	35
dictated	35
dictates	35
dictating	35
dictation	35
dictations	35
dictator	35
dictatorial	35
dictatorially	60
dictators	35
dictatorship	35
dictatorships	35
diction	35
dictionaries	35
dictionary	35
dictum	50
did	35
didactic	50
didactically	60
diddle	50
diddled	50
diddler	60
diddlers	60
diddles	50
diddling	50
diddly	60
diddlysquat	60
diddums	60
didgeridoo	60
didgeridoos	60
dido	60
didoes	60
die	35
died	35
dielectric	60
dielectrics	60
diereses	50
dieresis	50
dies	35
diesel	35
dieseled	35
dieseling	35
diesels	35
diet	35
dietaries	35
dietary	35
dieted	35
dieter	50
dieters	50
dietetic	50
dietetics	50
dieting	35
dietitian	50
dietitians	50
diets	35
differ	35
differed	35
difference	35
differences	35
different	35
differentiable	60
differential	35
differentials	50
differentiate	35
differentiated	35
differentiates	35
differentiating	35
differentiation	35
differently	35
differing	35
differs	35
difficult	35
difficulties	35
difficultly	60
difficulty	35
diffidence	50
diffident	50
diffidently	50
diffract	60
diffracted	60
diffracting	60
diffraction	50
diffracts	60
diffuse	35
diffused	35
diffusely	50
diffuseness	50
diffuser	60
diffusers	60
diffuses	35
diffusing	35
diffusion	35
diffusive	60
diffusivity	60
dig	35
digerati	60
digest	35
digested	35
digestibility	60
digestible	35
digesting	35
digestion	35
digestions	35
digestive	35
digestives	60
digests	35
digger	50
diggers	50
digging	35
diggings	60
digicam	60
digicams	60
digit	35
digital	35
digitalis	50
digitally	35
digitization	50
digitize	50
digitized	35
digitizes	60
digitizing	60
digits	35
dignified	35
dignifies	35
dignify	35
dignifying	35
dignitaries	35
dignitary	35
dignities	35
dignity	35
digraph	50
digraphs	50
digress	35
digressed	35
digresses	35
digressing	35
digression	35
digressions	35
digressive	50
digs	35
dike	35
diked	35
dikes	35
diking	35
diktat	60
diktats	60
dilapidated	35
dilapidation	40
dilatation	60
dilate	35
dilated	35
dilates	35
dilating	35
dilation	35
dilator	60
dilators	60
dilatory	50
dildo	60
dildos	60
dilemma	35
dilemmas	35
dilettante	50
dilettantes	50
dilettantish	60
dilettantism	50
diligence	35
diligent	35
diligently	35
dill	35
dillies	50
dills	35
dilly	50
dillydallied	50
dillydallies	50
dillydally	50
dillydallying	50
diluent	60
dilute	35
diluted	35
dilutes	35
diluting	35
dilution	35
dilutions	35
dim	35
dime	35
dimension	35
dimensional	35
dimensionless	50
dimensions	35
dimes	35
diminish	35
diminished	35
diminishes	35
diminishing	35
diminuendo	50
diminuendos	50
diminution	50
diminutions	50
diminutive	35
diminutives	35
dimity	60
dimly	35
dimmed	35
dimmer	35
dimmers	50
dimmest	35
dimming	35
dimness	50
dimple	35
dimpled	35
dimples	35
dimpling	35
dimply	60
dims	35
dimwit	50
dimwits	50
dimwitted	60
din	35
dinar	60
dinars	60
dine	35
dined	35
diner	35
diners	35
dines	35
dinette	50
dinettes	50
ding	50
dingbat	60
dingbats	60
dinged	50
dinghies	35
dinghy	35
dingier	35
dingiest	35
dingily	60
dinginess	50
dinging	50
dingle	60
dingles	60
dingo	50
dingoes	50
dings	50
dingus	60
dinguses	60
dingy	35
dining	35
dinkier	50
dinkies	50
dinkiest	50
dinky	50
dinned	35
dinner	35
dinnered	35
dinnering	35
dinners	35
dinnertime	60
dinnerware	60
dinning	35
dinosaur	35
dinosaurs	35
dins	35
dint	50
diocesan	50
diocesans	50
diocese	35
dioceses	35
diode	50
diodes	50
diorama	50
dioramas	50
dioxide	35
dioxides	60
dioxin	50
dioxins	50
dip	35
diphtheria	35
diphthong	35
diphthongs	35
diploid	60
diploids	60
diploma	35
diplomacy	35
diplomas	35
diplomat	35
diplomata	35
diplomatic	35
diplomatically	35
diplomatist	60
diplomatists	60
diplomats	35
diplopia	60
dipole	50
dipoles	60
dipped	35
dipper	50
dippers	50
dippier	60
dippiest	60
dipping	35
dippy	60
dips	35
dipso	60
dipsomania	50
dipsomaniac	50
dipsomaniacs	50
dipsos	60
dipstick	40
dipsticks	40
dipterous	60
diptych	60
diptychs	60
dire	35
direct	35
directed	35
directer	35
directest	35
directing	35
direction	35
directional	50
directionless	60
directions	35
directive	35
directives	35
directly	35
directness	35
director	35
directorate	50
directorates	50
directorial	50
directories	35
directors	35
directorship	50
directorships	50
directory	35
directs	35
direful	60
direly	60
direr	35
direst	35
dirge	35
dirges	35
dirigible	50
dirigibles	50
dirk	50
dirks	50
dirndl	60
dirndls	60
dirt	35
dirtbag	60
dirtbags	60
dirtied	35
dirtier	35
dirties	35
dirtiest	35
dirtily	60
dirtiness	50
dirty	35
dirtying	35
dis	40
disabilities	35
disability	35
disable	35
disabled	35
disablement	50
disables	35
disabling	35
disabuse	50
disabused	50
disabuses	50
disabusing	50
disadvantage	35
disadvantaged	35
disadvantageous	35
disadvantageously	50
disadvantages	35
disadvantaging	35
disaffect	50
disaffected	40
disaffecting	50
disaffection	50
disaffects	50
disaffiliate	60
disaffiliated	60
disaffiliates	60
disaffiliating	60
disaffiliation	60
disafforest	60
disafforested	60
disafforesting	60
disafforests	60
disagree	35
disagreeable	35
disagreeableness	60
disagreeably	35
disagreed	35
disagreeing	35
disagreement	35
disagreements	35
disagrees	35
disallow	35
disallowed	35
disallowing	35
disallows	40
disambiguate	35
disambiguation	50
disappear	35
disappearance	35
disappearances	35
disappeared	35
disappearing	35
disappears	35
disappoint	35
disappointed	35
disappointing	35
disappointingly	40
disappointment	35
disappointments	35
disappoints	35
disapprobation	50
disapproval	35
disapprove	35
disapproved	35
disapproves	35
disapproving	35
disapprovingly	40
disarm	35
disarmament	35
disarmed	35
disarming	35
disarmingly	60
disarms	35
disarrange	50
disarranged	50
disarrangement	50
disarranges	50
disarranging	50
disarray	35
disarrayed	35
disarraying	35
disarrays	35
disassemble	50
disassembled	50
disassembles	50
disassemblies	60
disassembling	50
disassembly	60
disassociate	50
disassociated	50
disassociates	50
disassociating	50
disassociation	60
disaster	35
disasters	35
disastrous	35
disastrously	40
disavow	35
disavowal	40
disavowals	40
disavowed	35
disavowing	35
disavows	35
disband	35
disbanded	35
disbanding	35
disbandment	60
disbands	35
disbar	50
disbarment	50
disbarred	50
disbarring	50
disbars	50
disbelief	35
disbelieve	35
disbelieved	35
disbeliever	60
disbelievers	60
disbelieves	35
disbelieving	35
disbelievingly	60
disbursal	60
disburse	35
disbursed	35
disbursement	35
disbursements	35
disburses	35
disbursing	35
disc	35
discard	35
discarded	35
discarding	35
discards	35
discern	35
discerned	35
discernible	35
discernibly	60
discerning	35
discerningly	60
discernment	50
discerns	35
discharge	35
discharged	35
discharges	35
discharging	35
disciple	35
disciples	35
discipleship	60
disciplinarian	35
disciplinarians	35
disciplinary	35
discipline	35
disciplined	35
disciplines	35
disciplining	35
disclaim	35
disclaimed	35
disclaimer	35
disclaimers	40
disclaiming	35
disclaims	35
disclose	35
disclosed	35
discloses	35
disclosing	35
disclosure	35
disclosures	35
disco	35
discoed	40
discographies	60
discography	60
discoing	40
discolor	35
discoloration	35
discolorations	35
discolored	35
discoloring	35
discolors	35
discombobulate	50
discombobulated	50
discombobulates	50
discombobulating	50
discombobulation	60
discomfit	50
discomfited	50
discomfiting	50
discomfits	50
discomfiture	50
discomfort	35
discomforted	35
discomforting	35
discomforts	35
discommode	50
discommoded	50
discommodes	50
discommoding	50
discompose	50
discomposed	50
discomposes	50
discomposing	50
discomposure	50
disconcert	35
disconcerted	35
disconcerting	35
disconcertingly	60
disconcerts	35
disconnect	35
disconnected	35
disconnectedly	50
disconnectedness	60
disconnecting	35
disconnection	40
disconnections	40
disconnects	35
disconsolate	35
disconsolately	35
discontent	35
discontented	35
discontentedly	50
discontenting	35
discontentment	50
discontents	35
discontinuance	50
discontinuances	50
discontinuation	40
discontinuations	40
discontinue	35
discontinued	35
discontinues	35
discontinuing	35
discontinuities	50
discontinuity	35
discontinuous	50
discontinuously	60
discord	35
discordance	60
discordant	35
discordantly	60
discorded	35
discording	35
discords	35
discos	35
discotheque	50
discotheques	50
discount	35
discounted	35
discountenance	50
discountenanced	50
discountenances	50
discountenancing	50
discounter	60
discounters	60
discounting	35
discounts	35
discourage	35
discouraged	35
discouragement	35
discouragements	35
discourages	35
discouraging	35
discouragingly	60
discourse	35
discoursed	35
discourses	35
discoursing	35
discourteous	35
discourteously	50
discourtesies	35
discourtesy	35
discover	35
discoverable	60
discovered	35
discoverer	40
discoverers	40
discoveries	35
discovering	35
discovers	35
discovery	35
discredit	35
discreditable	50
discreditably	60
discredited	35
discrediting	35
discredits	35
discreet	35
discreeter	35
discreetest	35
discreetly	35
discreetness	60
discrepancies	35
discrepancy	35
discrepant	60
discrete	35
discretely	60
discreteness	60
discretion	35
discretionary	35
discriminant	50
discriminate	35
discriminated	35
discriminates	35
discriminating	35
discrimination	35
discriminator	60
discriminators	60
discriminatory	35
discs	35
discursive	50
discursively	60
discursiveness	60
discus	35
discuses	35
discuss	35
discussant	50
discussants	50
discussed	35
discusses	35
discussing	35
discussion	35
discussions	35
disdain	35
disdained	35
disdainful	35
disdainfully	50
disdaining	35
disdains	35
disease	35
diseased	35
diseases	35
disembark	35
disembarkation	35
disembarked	35
disembarking	35
disembarks	35
disembodied	50
disembodies	60
disembodiment	60
disembody	60
disembodying	60
disembowel	50
disemboweled	50
disemboweling	50
disembowelment	60
disembowels	50
disempower	60
disempowered	60
disempowering	60
disempowers	60
disenchant	50
disenchanted	40
disenchanting	50
disenchantment	35
disenchants	50
disencumber	50
disencumbered	50
disencumbering	50
disencumbers	50
disenfranchise	40
disenfranchised	40
disenfranchisement	50
disenfranchises	40
disenfranchising	40
disengage	35
disengaged	35
disengagement	50
disengagements	50
disengages	35
disengaging	35
disentangle	35
disentangled	35
disentanglement	50
disentangles	35
disentangling	35
disequilibrium	60
disestablish	50
disestablished	50
disestablishes	50
disestablishing	50
disestablishment	60
disesteem	60
disesteemed	60
disesteeming	60
disesteems	60
disfavor	35
disfavored	35
disfavoring	35
disfavors	35
disfigure	35
disfigured	35
disfigurement	40
disfigurements	40
disfigures	35
disfiguring	35
disfranchise	50
disfranchised	50
disfranchisement	50
disfranchises	50
disfranchising	50
disgorge	50
disgorged	50
disgorgement	60
disgorges	50
disgorging	50
disgrace	35
disgraced	35
disgraceful	35
disgracefully	40
disgracefulness	60
disgraces	35
disgracing	35
disgruntle	50
disgruntled	35
disgruntlement	60
disgruntles	50
disgruntling	50
disguise	35
disguised	35
disguises	35
disguising	35
disgust	35
disgusted	35
disgustedly	50
disgusting	35
disgustingly	35
disgusts	35
dish	35
dishabille	60
disharmonious	50
disharmony	50
dishcloth	50
dishcloths	50
dishearten	35
disheartened	35
disheartening	35
dishearteningly	60
disheartens	35
dished	35
dishes	35
dishevel	60
disheveled	40
disheveling	60
dishevelment	60
dishevels	60
dishing	35
dishonest	35
dishonestly	35
dishonesty	35
dishonor	35
dishonorable	35
dishonorably	40
dishonored	35
dishonoring	35
dishonors	35
dishpan	50
dishpans	50
dishrag	50
dishrags	50
dishtowel	40
dishtowels	40
dishware	60
dishwasher	35
dishwashers	35
dishwashing	60
dishwater	60
dishy	60
disillusion	35
disillusioned	35
disillusioning	35
disillusionment	35
disillusions	35
disincentive	35
disincentives	60
disinclination	50
disincline	60
disinclined	50
disinclines	60
disinclining	60
disinfect	35
disinfectant	35
disinfectants	35
disinfected	35
disinfecting	35
disinfection	60
disinfects	35
disinflation	60
disinformation	50
disingenuous	35
disingenuously	60
disinherit	35
disinheritance	60
disinherited	35
disinheriting	35
disinherits	35
disintegrate	35
disintegrated	35
disintegrates	35
disintegrating	35
disintegration	35
disinter	50
disinterest	40
disinterested	35
disinterestedly	50
disinterestedness	60
disinterests	40
disinterment	50
disinterred	50
disinterring	50
disinters	50
disinvestment	60
disinvite	60
disinvited	60
disinvites	60
disinviting	60
disjoint	35
disjointed	35
disjointedly	50
disjointedness	60
disjointing	50
disjoints	50
disjunctive	60
disjuncture	60
disk	35
diskette	40
diskettes	40
disks	35
dislike	35
disliked	35
dislikes	35
disliking	35
dislocate	35
dislocated	35
dislocates	35
dislocating	35
dislocation	35
dislocations	35
dislodge	35
dislodged	35
dislodges	35
dislodging	35
disloyal	35
disloyally	50
disloyalty	35
dismal	35
dismally	35
dismantle	35
dismantled	35
dismantlement	60
dismantles	35
dismantling	35
dismay	35
dismayed	35
dismaying	35
dismays	35
dismember	35
dismembered	35
dismembering	35
dismemberment	50
dismembers	35
dismiss	35
dismissal	35
dismissals	35
dismissed	35
dismisses	35
dismissing	35
dismissive	35
dismissively	60
dismount	35
dismounted	35
dismounting	35
dismounts	35
disobedience	35
disobedient	35
disobediently	50
disobey	35
disobeyed	35
disobeying	35
disobeys	35
disoblige	50
disobliged	50
disobliges	50
disobliging	50
disorder	35
disordered	35
disordering	35
disorderliness	50
disorderly	35
disorders	35
disorganization	40
disorganize	50
disorganized	40
disorganizes	50
disorganizing	50
disorient	40
disorientate	60
disorientated	60
disorientates	60
disorientating	60
disorientation	40
disoriented	40
disorienting	40
disorients	40
disown	35
disowned	35
disowning	35
disowns	35
disparage	35
disparaged	35
disparagement	50
disparages	35
disparaging	35
disparagingly	60
disparate	35
disparately	60
disparities	35
disparity	35
dispassion	60
dispassionate	35
dispassionately	35
dispatch	35
dispatched	35
dispatcher	50
dispatchers	50
dispatches	35
dispatching	35
dispel	35
dispelled	35
dispelling	35
dispels	35
dispensable	40
dispensaries	35
dispensary	35
dispensation	35
dispensations	35
dispense	35
dispensed	35
dispenser	35
dispensers	35
dispenses	35
dispensing	35
dispersal	35
disperse	35
dispersed	35
disperses	35
dispersing	35
dispersion	35
dispirit	50
dispirited	40
dispiriting	50
dispirits	50
displace	35
displaced	35
displacement	35
displacements	35
displaces	35
displacing	35
display	35
displayable	50
displayed	35
displaying	35
displays	35
displease	35
displeased	35
displeases	35
displeasing	35
displeasure	35
disport	50
disported	50
disporting	50
disports	50
disposable	35
disposables	35
disposal	35
disposals	35
dispose	35
disposed	35
disposer	60
disposers	60
disposes	35
disposing	35
disposition	35
dispositional	60
dispositions	35
dispossess	35
dispossessed	35
dispossesses	35
dispossessing	35
dispossession	50
dispraise	60
dispraised	60
dispraises	60
dispraising	60
disproof	50
disproofs	60
disproportion	50
disproportional	60
disproportionate	35
disproportionately	40
disproportions	50
disprovable	60
disprove	35
disproved	35
disproven	35
disproves	35
disproving	35
disputable	50
disputably	60
disputant	50
disputants	50
disputation	50
disputations	50
disputatious	50
disputatiously	60
dispute	35
disputed	35
disputer	60
disputers	60
disputes	35
disputing	35
disqualification	40
disqualifications	40
disqualified	35
disqualifies	35
disqualify	35
disqualifying	35
disquiet	35
disquieted	35
disquieting	35
disquiets	35
disquietude	60
disquisition	50
disquisitions	50
disregard	35
disregarded	35
disregardful	60
disregarding	35
disregards	35
disrepair	35
disreputable	35
disreputably	50
disrepute	35
disrespect	35
disrespected	35
disrespectful	35
disrespectfully	40
disrespecting	35
disrespects	35
disrobe	50
disrobed	50
disrobes	50
disrobing	50
disrupt	35
disrupted	35
disrupting	35
disruption	35
disruptions	35
disruptive	35
disruptively	60
disruptor	60
disruptors	60
disrupts	35
dissatisfaction	35
dissatisfied	35
dissatisfies	35
dissatisfy	35
dissatisfying	35
dissect	35
dissected	35
dissecting	35
dissection	35
dissections	35
dissector	60
dissectors	60
dissects	35
dissed	40
dissemblance	60
dissemble	50
dissembled	50
dissembler	60
dissemblers	60
dissembles	50
dissembling	50
disseminate	35
disseminated	35
disseminates	35
disseminating	35
dissemination	35
dissension	35
dissensions	35
dissent	35
dissented	35
dissenter	35
dissenters	35
dissenting	35
dissents	35
dissertation	35
dissertations	35
disservice	35
disservices	35
disses	40
dissever	60
dissevered	60
dissevering	60
dissevers	60
dissidence	40
dissident	35
dissidents	35
dissimilar	35
dissimilarities	35
dissimilarity	35
dissimilitude	60
dissimilitudes	60
dissimulate	50
dissimulated	50
dissimulates	50
dissimulating	50
dissimulation	50
dissimulator	60
dissimulators	60
dissing	40
dissipate	35
dissipated	35
dissipates	35
dissipating	35
dissipation	35
dissociate	35
dissociated	35
dissociates	35
dissociating	35
dissociation	35
dissociative	60
dissoluble	60
dissolute	35
dissolutely	50
dissoluteness	50
dissolution	35
dissolve	35
dissolved	35
dissolves	35
dissolving	35
dissonance	35
dissonances	35
dissonant	50
dissuade	35
dissuaded	35
dissuades	35
dissuading	35
dissuasion	50
dissuasive	60
distaff	50
distaffs	50
distal	60
distally	60
distance	35
distanced	35
distances	35
distancing	35
distant	35
distantly	35
distaste	35
distasteful	35
distastefully	40
distastefulness	60
distastes	35
distemper	50
distend	35
distended	35
distending	35
distends	35
distension	50
distensions	50
distention	40
distentions	40
distill	35
distillate	50
distillates	50
distillation	35
distillations	35
distilled	35
distiller	35
distilleries	35
distillers	35
distillery	35
distilling	35
distills	35
distinct	35
distincter	35
distinctest	35
distinction	35
distinctions	35
distinctive	35
distinctively	35
distinctiveness	50
distinctly	35
distinctness	60
distinguish	35
distinguishable	35
distinguished	35
distinguishes	35
distinguishing	35
distort	35
distorted	35
distorter	35
distorting	35
distortion	35
distortions	35
distorts	35
distract	35
distracted	35
distractedly	60
distracting	35
distraction	35
distractions	35
distracts	35
distrait	50
distraught	35
distress	35
distressed	35
distresses	35
distressful	50
distressing	35
distressingly	35
distribute	35
distributed	35
distributes	35
distributing	35
distribution	35
distributional	60
distributions	35
distributive	50
distributively	60
distributor	35
distributors	35
distributorship	60
distributorships	60
district	35
districts	35
distrust	35
distrusted	35
distrustful	35
distrustfully	40
distrusting	35
distrusts	35
disturb	35
disturbance	35
disturbances	35
disturbed	35
disturber	60
disturbers	60
disturbing	35
disturbingly	50
disturbs	35
disunion	60
disunite	50
disunited	50
disunites	50
disuniting	50
disunity	50
disuse	35
disused	35
disuses	35
disusing	35
disyllabic	60
ditch	35
ditched	35
ditches	35
ditching	35
dither	35
dithered	35
ditherer	60
ditherers	60
dithering	35
dithers	35
ditransitive	60
ditsy	60
ditties	35
ditto	35
dittoed	35
dittoing	35
dittos	35
ditty	35
ditz	60
ditzes	60
diuretic	50
diuretics	50
diurnal	50
diurnally	50
diva	50
divalent	60
divan	50
divans	50
divas	35
dive	35
dived	35
diver	35
diverge	35
diverged	35
divergence	35
divergences	35
divergent	35
diverges	35
diverging	35
divers	35
diverse	35
diversely	50
diverseness	60
diversification	40
diversified	35
diversifies	35
diversify	35
diversifying	35
diversion	35
diversionary	50
diversions	35
diversities	35
diversity	35
divert	35
diverted	35
diverticulitis	60
diverting	35
diverts	35
dives	35
divest	35
divested	35
divesting	35
divestiture	60
divestitures	60
divestment	60
divests	35
dividable	60
divide	35
divided	35
dividend	35
dividends	35
divider	40
dividers	40
divides	35
dividing	35
divination	50
divine	35
divined	35
divinely	40
diviner	35
diviners	50
divines	35
divinest	35
diving	35
divining	35
divinities	35
divinity	35
divisibility	50
divisible	35
division	35
divisional	50
divisions	35
divisive	35
divisively	50
divisiveness	50
divisor	35
divisors	35
divorce	35
divorced	35
divorcee	35
divorcees	35
divorcement	60
divorcements	60
divorces	35
divorcing	35
divot	50
divots	50
divulge	35
divulged	35
divulges	35
divulging	35
divvied	50
divvies	50
divvy	50
divvying	50
dixieland	60
dizzied	35
dizzier	35
dizzies	35
dizziest	35
dizzily	50
dizziness	35
dizzy	35
dizzying	35
dizzyingly	60
djellaba	60
djellabas	60
do	35
doable	50
dob	60
dobbed	60
dobbin	60
dobbing	60
dobbins	60
doberman	60
dobermans	60
dobro	60
dobros	60
dobs	60
doc	50
docent	50
docents	50
docile	35
docilely	50
docility	50
dock	35
docked	35
docker	60
dockers	60
docket	40
docketed	40
docketing	40
dockets	40
docking	35
dockland	60
docklands	60
docks	35
dockside	60
dockworker	60
dockworkers	60
dockyard	50
dockyards	50
docs	50
doctor	35
doctoral	50
doctorate	35
doctorates	40
doctored	35
doctoring	35
doctors	35
doctrinaire	50
doctrinaires	50
doctrinal	50
doctrine	35
doctrines	35
docudrama	50
docudramas	50
document	35
documentaries	35
documentary	35
documentation	35
documented	35
documenting	35
documents	35
dodder	50
doddered	50
doddering	50
dodders	50
doddery	60
doddle	60
dodge	35
dodgeball	60
dodged	35
dodgem	60
dodgems	60
dodger	50
dodgers	50
dodges	35
dodgier	60
dodgiest	60
dodging	35
dodgy	60
dodo	35
dodos	50
doe	35
doer	35
doers	35
does	35
doeskin	60
doeskins	60
doff	50
doffed	50
doffing	50
doffs	50
dog	35
dogcart	60
dogcarts	60
dogcatcher	50
dogcatchers	50
doge	60
dogeared	60
doges	60
dogfight	50
dogfights	50
dogfish	50
dogfishes	50
dogged	35
doggedly	35
doggedness	50
doggerel	35
doggier	50
doggies	50
doggiest	50
dogging	35
doggone	40
doggoner	40
doggones	40
doggonest	40
doggoning	40
doggy	50
doghouse	35
doghouses	35
dogie	50
dogies	50
dogleg	60
doglegged	60
doglegging	60
doglegs	60
doglike	60
dogma	35
dogmas	35
dogmatic	35
dogmatically	50
dogmatism	50
dogmatist	50
dogmatists	50
dognapper	60
dognappers	60
dogs	35
dogsbodies	60
dogsbody	60
dogsled	60
dogsleds	60
dogtrot	50
dogtrots	50
dogtrotted	50
dogtrotting	50
dogwood	35
dogwoods	35
doilies	35
doily	35
doing	35
doings	50
dojo	60
doldrums	35
dole	35
doled	35
doleful	35
dolefully	35
dolefulness	60
doles	35
doling	35
doll	35
dollar	35
dollars	35
dolled	35
dollhouse	40
dollhouses	40
dollies	35
dolling	35
dollop	40
dolloped	40
dolloping	40
dollops	40
dolls	35
dolly	35
dolmen	50
dolmens	50
dolomite	60
dolor	60
dolorous	50
dolorously	60
dolors	60
dolphin	35
dolphins	35
dolt	50
doltish	50
doltishly	60
doltishness	60
dolts	50
domain	35
domains	35
dome	35
domed	35
domes	35
domestic	35
domestically	50
domesticate	35
domesticated	35
domesticates	35
domesticating	35
domestication	50
domesticity	35
domestics	35
domicile	35
domiciled	35
domiciles	35
domiciliary	60
domiciling	35
dominance	35
dominant	35
dominantly	50
dominants	35
dominate	35
dominated	35
dominates	35
dominating	35
domination	35
dominator	60
dominators	60
dominatrices	60
dominatrix	60
domineer	50
domineered	50
domineering	40
domineeringly	60
domineers	50
doming	35
dominion	35
dominions	35
domino	35
dominoes	35
don	35
dona	60
donas	60
donate	35
donated	35
donates	35
donating	35
donation	35
donations	35
done	35
doneness	60
dong	60
dongle	60
dongles	60
dongs	60
donkey	35
donkeys	35
donned	50
donning	50
donnish	60
donnybrook	60
donnybrooks	60
donor	35
donors	35
dons	35
donut	35
donuts	35
doodad	40
doodads	40
doodah	60
doodahs	60
doodle	35
doodlebug	60
doodlebugs	60
doodled	35
doodler	50
doodlers	50
doodles	35
doodling	35
doofus	60
doofuses	60
doohickey	40
doohickeys	40
doolally	60
doom	35
doomed	35
doomer	60
doomers	60
dooming	35
dooms	35
doomsayer	60
doomsayers	60
doomscrolling	60
doomsday	40
doomster	60
doomsters	60
door	35
doorbell	40
doorbells	40
doorjamb	60
doorjambs	60
doorkeeper	60
doorkeepers	60
doorknob	40
doorknobs	40
doorknocker	60
doorknockers	60
doorman	35
doormat	40
doormats	40
doormen	35
doornail	60
doorplate	60
doorplates	60
doorpost	60
doorposts	60
doors	35
doorsill	60
doorsills	60
doorstep	35
doorstepped	35
doorstepping	35
doorsteps	35
doorstop	60
doorstops	60
doorway	35
doorways	35
dooryard	60
dooryards	60
doozies	60
doozy	60
dopa	60
dopamine	60
dope	35
doped	35
doper	60
dopers	60
dopes	35
dopey	35
dopier	35
dopiest	35
dopiness	60
doping	35
doppelganger	60
doppelgangers	60
dories	50
dork	40
dorkier	40
dorkiest	40
dorks	40
dorky	40
dorm	40
dormancy	50
dormant	35
dormer	50
dormers	50
dormice	50
dormitories	35
dormitory	35
dormouse	50
dorms	40
dorsal	35
dorsally	60
dory	50
dos	35
dosage	40
dosages	40
dose	35
dosed	35
doses	35
dosh	60
dosimeter	60
dosimeters	60
dosing	35
doss	60
dossed	60
dosser	60
dossers	60
dosses	60
dosshouse	60
dosshouses	60
dossier	40
dossiers	40
dossing	60
dost	35
dot	35
dotage	50
dotard	60
dotards	60
dotcom	50
dotcoms	50
dote	35
doted	35
doter	60
doters	60
dotes	35
doth	35
doting	35
dotingly	50
dots	35
dotted	35
dottier	60
dottiest	60
dotting	35
dotty	50
double	35
doubled	35
doubleheader	60
doubleheaders	60
doubles	35
doublespeak	60
doublet	50
doublets	50
doubling	35
doubloon	50
doubloons	50
doubly	35
doubt	35
doubted	35
doubter	50
doubters	50
doubtful	35
doubtfully	35
doubtfulness	60
doubting	35
doubtingly	60
doubtless	35
doubtlessly	50
doubts	35
douche	50
douched	50
douches	50
douching	50
dough	35
doughier	50
doughiest	50
doughnut	35
doughnuts	35
doughtier	50
doughtiest	50
doughty	50
doughy	50
doula	60
doulas	60
dour	35
dourer	35
dourest	35
dourly	50
dourness	60
douse	35
doused	35
douses	35
dousing	35
dove	35
dovecot	60
dovecote	60
dovecotes	60
dovecots	60
doves	35
dovetail	50
dovetailed	50
dovetailing	50
dovetails	50
dovish	60
dowager	50
dowagers	50
dowdier	35
dowdiest	35
dowdily	50
dowdiness	50
dowdy	35
dowel	50
doweled	50
doweling	50
dowels	50
dower	60
dowered	60
dowering	60
dowers	60
down	35
downbeat	50
downbeats	50
downcast	35
downdraft	60
downdrafts	60
downed	35
downer	40
downers	40
downfall	35
downfallen	60
downfalls	35
downfield	60
downgrade	35
downgraded	35
downgrades	35
downgrading	35
downhearted	35
downheartedly	60
downheartedness	60
downhill	35
downhills	35
downier	35
downiest	35
downing	35
download	40
downloadable	50
downloaded	40
downloading	40
downloads	40
downmarket	60
downplay	40
downplayed	40
downplaying	40
downplays	40
downpour	35
downpours	35
downrange	60
downright	35
downriver	60
downs	35
downscale	50
downscaled	50
downscales	50
downscaling	50
downshift	60
downshifted	60
downshifting	60
downshifts	60
downside	60
downsides	60
downsize	40
downsized	40
downsizes	40
downsizing	40
downspout	60
downspouts	60
downstage	50
downstairs	35
downstate	40
downstream	35
downswing	50
downswings	50
downtempo	60
downtime	40
downtown	35
downtrend	60
downtrends	60
downtrodden	40
downturn	40
downturns	40
downward	35
downwards	35
downwind	40
downy	35
dowries	35
dowry	35
dowse	50
dowsed	50
dowser	60
dowsers	60
dowses	50
dowsing	50
dox	50
doxed	50
doxes	50
doxing	50
doxings	50
doxologies	50
doxology	50
doxx	50
doxxed	50
doxxes	50
doxxing	50
doxxings	50
doyen	50
doyenne	60
doyennes	60
doyens	50
doze	35
dozed	35
dozen	35
dozens	35
dozenth	60
dozer	60
dozers	60
dozes	35
dozier	60
doziest	60
dozily	60
doziness	60
dozing	35
dozy	60
drab	35
drabber	35
drabbest	35
drably	50
drabness	50
drabs	35
drachma	50
drachmas	50
draconian	35
draft	35
drafted	35
draftee	50
draftees	50
drafter	60
drafters	60
draftier	35
draftiest	35
draftily	60
draftiness	50
drafting	35
drafts	35
draftsman	35
draftsmanship	50
draftsmen	35
draftswoman	60
draftswomen	60
drafty	35
drag	35
dragged	35
draggier	60
draggiest	60
dragging	35
draggy	60
dragnet	50
dragnets	50
dragon	35
dragonflies	35
dragonfly	35
dragons	35
dragoon	50
dragooned	50
dragooning	50
dragoons	50
drags	35
dragster	60
dragsters	60
drain	35
drainage	35
drainboard	60
drainboards	60
drained	35
drainer	50
drainers	50
draining	35
drainpipe	50
drainpipes	50
drains	35
drake	40
drakes	40
dram	50
drama	35
dramas	35
dramatic	35
dramatically	35
dramatics	40
dramatist	35
dramatists	35
dramatization	35
dramatizations	35
dramatize	35
dramatized	35
dramatizes	35
dramatizing	35
dramedies	60
dramedy	60
drams	50
drank	35
drape	35
draped	35
draper	60
draperies	35
drapers	60
drapery	35
drapes	35
draping	35
drastic	35
drastically	35
drat	60
dratted	60
draughtboard	60
draughtboards	60
draw	35
drawback	35
drawbacks	35
drawbridge	35
drawbridges	35
drawdown	60
drawdowns	60
drawer	35
drawers	35
drawing	35
drawings	35
drawl	35
drawled	35
drawling	35
drawls	35
drawn	35
draws	35
drawstring	50
drawstrings	50
dray	50
drays	50
dread	35
dreaded	35
dreadful	35
dreadfully	35
dreadfulness	60
dreading	35
dreadlocked	60
dreadlocks	40
dreadnought	50
dreadnoughts	50
dreads	35
dream	35
dreamboat	60
dreamboats	60
dreamed	35
dreamer	35
dreamers	35
dreamier	35
dreamiest	35
dreamily	50
dreaminess	60
dreaming	35
dreamland	50
dreamless	50
dreamlike	50
dreams	35
dreamscape	60
dreamscapes	60
dreamworld	60
dreamworlds	60
dreamy	35
drear	60
drearier	35
dreariest	35
drearily	50
dreariness	50
dreary	35
dredge	35
dredged	35
dredger	50
dredgers	50
dredges	35
dredging	35
dregs	35
dreidel	60
dreidels	60
drench	35
drenched	35
drenches	35
drenching	35
dress	35
dressage	50
dressed	35
dresser	35
dressers	35
dresses	35
dressier	35
dressiest	35
dressiness	50
dressing	35
dressings	35
dressmaker	35
dressmakers	35
dressmaking	50
dressy	35
drew	35
dribble	35
dribbled	35
dribbler	50
dribblers	50
dribbles	35
dribbling	35
driblet	50
driblets	50
dried	35
drier	35
dries	35
driest	35
drift	35
drifted	35
drifter	40
drifters	40
drifting	35
driftnet	60
driftnets	60
drifts	35
driftwood	35
drill	35
drilled	35
driller	60
drillers	60
drilling	35
drillmaster	60
drillmasters	60
drills	35
drink	35
drinkable	35
drinker	35
drinkers	35
drinking	35
drinkings	40
drinks	35
drip	35
dripped	35
drippier	60
drippiest	60
dripping	35
drippings	50
drippy	60
drips	35
drivable	60
drive	35
drivel	35
driveled	40
driveler	60
drivelers	60
driveling	35
drivels	40
driven	35
driver	35
driverless	60
drivers	35
drives	35
driveshaft	60
driveshafts	60
drivetrain	60
drivetrains	60
driveway	35
driveways	35
driving	35
drivings	40
drizzle	35
drizzled	35
drizzles	35
drizzling	35
drizzly	50
drogue	60
drogues	60
droid	60
droids	60
droll	35
droller	35
drolleries	50
drollery	50
drollest	35
drollness	50
drolly	50
dromedaries	50
dromedary	50
drone	35
droned	35
drones	35
droning	35
drool	35
drooled	35
drooling	35
drools	35
droop	35
drooped	35
droopier	50
droopiest	50
droopiness	60
drooping	35
droops	35
droopy	50
drop	35
dropkick	60
dropkicks	60
droplet	50
droplets	50
dropout	35
dropouts	35
dropped	35
dropper	50
droppers	50
dropping	35
droppings	35
drops	35
dropsical	60
dropsy	50
dross	35
drought	35
droughts	35
drove	35
drover	50
drovers	50
droves	35
drown	35
drowned	35
drowning	35
drownings	40
drowns	35
drowse	35
drowsed	35
drowses	35
drowsier	35
drowsiest	35
drowsily	40
drowsiness	35
drowsing	35
drowsy	35
drub	50
drubbed	50
drubber	60
drubbers	60
drubbing	50
drubbings	50
drubs	50
drudge	35
drudged	35
drudgery	35
drudges	35
drudging	35
drug	35
drugged	35
druggie	60
druggies	60
drugging	35
druggist	35
druggists	35
drugmaker	60
drugmakers	60
drugs	35
drugstore	35
drugstores	35
druid	50
druidism	60
druids	50
drum	35
drumbeat	60
drumbeats	60
drumhead	60
drumheads	60
drumlin	60
drumlins	60
drummed	35
drummer	35
drummers	35
drumming	35
drums	35
drumstick	35
drumsticks	35
drunk	35
drunkard	35
drunkards	35
drunken	35
drunkenly	35
drunkenness	35
drunker	35
drunkest	35
drunks	35
drupe	60
drupes	60
druthers	60
dry	35
dryad	50
dryads	50
dryer	35
dryers	35
drying	35
dryly	35
dryness	35
drys	35
drywall	50
dual	35
dualism	35
duality	50
dub	35
dubbed	35
dubber	60
dubbers	60
dubbin	60
dubbing	35
dubiety	50
dubious	35
dubiously	35
dubiousness	50
dubs	35
ducal	50
ducat	50
ducats	50
duchess	35
duchesses	35
duchies	50
duchy	50
duck	35
duckbill	50
duckbills	50
duckboards	60
ducked	35
duckier	60
duckies	60
duckiest	60
ducking	35
duckling	35
ducklings	35
duckpins	60
ducks	35
duckweed	60
ducky	60
duct	35
ductile	50
ductility	50
ducting	50
ductless	50
ducts	35
ductwork	60
dud	35
dude	35
duded	35
dudes	35
dudgeon	50
duding	35
duds	35
due	35
duel	35
dueled	35
dueler	60
duelers	60
dueling	35
duelist	50
duelists	50
duels	35
duenna	60
duennas	60
dues	35
duet	35
duets	35
duff	35
duffed	60
duffel	60
duffels	60
duffer	50
duffers	50
duffing	60
duffle	60
duffles	60
duffs	60
dug	35
dugout	35
dugouts	35
duh	60
duke	35
dukedom	50
dukedoms	50
dukes	35
dulcet	50
dulcimer	50
dulcimers	50
dull	35
dullard	50
dullards	50
dulled	35
duller	35
dullest	35
dulling	35
dullness	35
dulls	35
dully	35
duly	35
dumb	35
dumbass	60
dumbbell	35
dumbbells	35
dumbed	60
dumber	35
dumbest	35
dumbfound	35
dumbfounded	35
dumbfounding	35
dumbfounds	35
dumbing	60
dumbly	50
dumbness	50
dumbo	60
dumbos	60
dumbs	60
dumbstruck	60
dumbwaiter	50
dumbwaiters	50
dumdum	60
dumdums	60
dummies	35
dummy	35
dump	35
dumped	35
dumper	60
dumpers	60
dumpier	35
dumpiest	35
dumpiness	60
dumping	35
dumpling	35
dumplings	35
dumps	35
dumpsite	60
dumpsites	60
dumpster	40
dumpsters	40
dumpy	35
dun	50
dunce	35
dunces	35
dunderhead	60
dunderheads	60
dune	35
dunes	35
dung	35
dungaree	50
dungarees	50
dunged	35
dungeon	35
dungeons	35
dunghill	60
dunghills	60
dunging	35
dungs	35
dunk	35
dunked	35
dunking	35
dunks	35
dunned	50
dunner	50
dunnest	50
dunning	50
dunno	35
duns	50
duo	35
duodecimal	60
duodena	50
duodenal	50
duodenum	50
duopolies	60
duopoly	60
duos	40
dupe	35
duped	35
duper	60
dupers	60
dupes	35
duping	35
duple	60
duplex	35
duplexes	35
duplicate	35
duplicated	35
duplicates	35
duplicating	35
duplication	35
duplications	35
duplicative	60
duplicator	50
duplicators	50
duplicitous	60
duplicity	35
durability	35
durable	35
durably	50
durance	60
duration	35
durations	35
duress	35
durian	60
durians	60
during	35
durum	60
dusk	35
duskier	35
duskiest	35
duskiness	60
dusky	35
dust	35
dustbin	35
dustbins	50
dustcart	60
dustcarts	60
dusted	35
duster	50
dusters	50
dustier	35
dustiest	35
dustiness	50
dusting	35
dustless	50
dustman	50
dustmen	35
dustpan	35
dustpans	35
dusts	35
dustsheet	60
dustsheets	60
dustup	60
dustups	60
dusty	35
dutch	60
duteous	50
duteously	60
dutiable	50
duties	35
dutiful	35
dutifully	35
dutifulness	60
duty	35
duvet	35
duvets	60
dwarf	35
dwarfed	35
dwarfing	35
dwarfish	50
dwarfism	50
dwarfs	35
dweeb	50
dweebs	50
dwell	35
dweller	35
dwellers	35
dwelling	35
dwellings	35
dwells	35
dwelt	35
dwindle	35
dwindled	35
dwindles	35
dwindling	35
dyad	60
dyadic	50
dyads	60
dybbuk	60
dybbukim	60
dye	35
dyed	35
dyeing	35
dyer	50
dyers	50
dyes	35
dyestuff	50
dyestuffs	50
dying	35
dyke	35
dykes	35
dynamic	35
dynamical	35
dynamically	35
dynamics	35
dynamism	40
dynamite	35
dynamited	35
dynamiter	60
dynamiters	60
dynamites	35
dynamiting	35
dynamo	35
dynamos	35
dynastic	50
dynasties	35
dynasty	35
dysentery	35
dysfunction	40
dysfunctional	40
dysfunctions	40
dyslectic	60
dyslectics	60
dyslexia	35
dyslexic	40
dyslexics	40
dyspepsia	50
dyspeptic	50
dyspeptics	50
dysphagia	60
dysphoria	60
dysphoric	60
dysprosium	60
dysregulation	60
dystonia	60
dystopi	60
dystopia	60
dystopian	60
dystopias	60
each	35
eager	35
eagerer	35
eagerest	35
eagerly	35
eagerness	35
eagle	35
eagles	35
eaglet	50
eaglets	50
ear	35
earache	35
earaches	35
earbud	50
earbuds	50
eardrum	35
eardrums	35
eared	60
earful	50
earfuls	50
earl	35
earldom	50
earldoms	50
earlier	35
earliest	35
earliness	50
earlobe	40
earlobes	40
earls	35
early	35
earmark	35
earmarked	35
earmarking	35
earmarks	35
earmuff	50
earmuffs	40
earn	35
earned	35
earner	35
earners	35
earnest	35
earnestly	35
earnestness	35
earnests	35
earning	35
earnings	35
earns	35
earphone	50
earphones	40
earpiece	60
earpieces	60
earplug	40
earplugs	40
earring	35
earrings	35
ears	35
earshot	35
earsplitting	40
earth	35
earthbound	60
earthed	35
earthen	50
earthenware	50
earthier	35
earthiest	35
earthiness	40
earthing	35
earthlier	35
earthliest	35
earthlike	60
earthling	50
earthlings	50
earthly	35
earthquake	35
earthquakes	35
earths	35
earthshaking	40
earthward	50
earthwards	60
earthwork	50
earthworks	50
earthworm	35
earthworms	35
earthy	35
earwax	40
earwig	50
earwigs	50
earworm	60
earworms	60
ease	35
eased	35
easel	35
easels	35
easement	60
easements	60
eases	35
easier	35
easiest	35
easily	35
easiness	50
easing	35
east	35
eastbound	40
easterlies	35
easterly	35
eastern	35
easterner	40
easterners	40
easternmost	50
eastward	35
eastwards	40
easy	35
easygoing	35
eat	35
eatable	50
eatables	50
eaten	35
eater	35
eateries	40
eaters	40
eatery	40
eating	35
eats	35
eave	60
eaves	35
eavesdrop	35
eavesdropped	35
eavesdropper	40
eavesdroppers	40
eavesdropping	35
eavesdrops	35
ebb	35
ebbed	35
ebbing	35
ebbs	35
ebonies	35
ebony	35
ebullience	40
ebullient	40
ebulliently	60
ebullition	60
eccentric	35
eccentrically	50
eccentricities	35
eccentricity	35
eccentrics	35
ecclesial	60
ecclesiastic	50
ecclesiastical	35
ecclesiastically	60
ecclesiastics	50
echelon	50
echelons	50
echidna	60
echidnas	60
echinacea	60
echinoderm	60
echinoderms	60
echo	35
echoed	35
echoes	35
echoic	60
echoing	35
echolocation	60
eclair	35
eclairs	35
eclat	50
eclectic	35
eclectically	50
eclecticism	50
eclectics	50
eclipse	35
eclipsed	35
eclipses	35
eclipsing	35
ecliptic	50
eclogue	60
eclogues	60
ecocide	60
ecologic	60
ecological	35
ecologically	35
ecologist	35
ecologists	35
ecology	35
econometric	50
econometrics	60
economic	35
economical	35
economically	35
economics	35
economies	35
economist	35
economists	35
economize	35
economized	35
economizer	60
economizers	60
economizes	35
economizing	35
economy	35
ecosystem	35
ecosystems	35
ecotourism	50
ecotourist	60
ecotourists	60
ecru	50
ecstasies	35
ecstasy	35
ecstatic	35
ecstatically	50
ecu	60
ecumenical	35
ecumenically	50
ecumenicism	60
ecumenism	60
ecus	60
eczema	35
ed	60
edamame	50
eddied	35
eddies	35
eddy	35
eddying	35
edelweiss	50
edema	50
edge	35
edged	35
edger	60
edgers	60
edges	35
edgewise	35
edgier	35
edgiest	35
edgily	60
edginess	50
edging	35
edgings	50
edgy	35
edibility	50
edible	35
edibleness	60
edibles	35
edict	35
edicts	35
edification	40
edifice	35
edifices	35
edified	40
edifier	60
edifiers	60
edifies	40
edify	40
edifying	40
edit	35
editable	50
edited	35
editing	35
edition	35
editions	35
editor	35
editorial	35
editorialize	50
editorialized	50
editorializes	50
editorializing	50
editorially	50
editorials	35
editors	35
editorship	35
editorships	60
edits	35
educability	60
educable	50
educate	35
educated	35
educates	35
educating	35
education	35
educational	35
educationalist	60
educationalists	60
educationally	40
educationist	60
educationists	60
educations	35
educative	60
educator	35
educators	35
educe	60
educed	60
educes	60
educing	60
edutainment	60
eek	60
eel	35
eels	35
eerie	35
eerier	35
eeriest	35
eerily	40
eeriness	50
eff	60
efface	50
effaced	50
effacement	50
effaces	50
effacing	50
effect	35
effected	35
effecting	35
effective	35
effectively	35
effectiveness	35
effects	35
effectual	35
effectually	50
effectuate	50
effectuated	50
effectuates	50
effectuating	50
effed	60
effeminacy	50
effeminate	35
effeminately	60
effendi	60
effendis	60
efferent	60
effervesce	50
effervesced	50
effervescence	40
effervescent	35
effervescently	60
effervesces	50
effervescing	50
effete	50
effetely	60
effeteness	60
efficacious	50
efficaciously	50
efficacy	50
efficiencies	35
efficiency	35
efficient	35
efficiently	35
effigies	35
effigy	35
effing	60
efflorescence	60
efflorescent	60
effluence	60
effluent	50
effluents	50
effluvia	60
effluvium	60
efflux	60
effort	35
effortful	60
effortless	35
effortlessly	35
effortlessness	60
efforts	35
effrontery	50
effs	60
effulgence	50
effulgent	50
effuse	60
effused	60
effuses	60
effusing	60
effusion	50
effusions	50
effusive	35
effusively	35
effusiveness	50
egad	60
egalitarian	35
egalitarianism	40
egalitarians	40
egg	35
eggbeater	60
eggbeaters	60
eggcup	60
eggcups	60
egged	35
egghead	40
eggheads	40
egging	35
eggnog	50
eggplant	35
eggplants	35
eggs	35
eggshell	40
eggshells	40
eglantine	50
eglantines	50
ego	35
egocentric	35
egocentrically	60
egocentricity	60
egocentrics	40
egoism	35
egoist	50
egoistic	50
egoistical	60
egoistically	60
egoists	50
egomania	60
egomaniac	60
egomaniacs	60
egos	35
egotism	35
egotist	35
egotistic	50
egotistical	40
egotistically	50
egotists	35
egregious	40
egregiously	40
egregiousness	60
egress	50
egresses	50
egret	50
egrets	50
eh	35
eider	50
eiderdown	50
eiderdowns	50
eiders	50
eigenvalue	35
eigenvalues	50
eigenvector	60
eigenvectors	60
eight	35
eighteen	35
eighteens	35
eighteenth	35
eighteenths	35
eighth	35
eighths	35
eighties	35
eightieth	35
eightieths	35
eights	35
eighty	35
einsteinium	60
eisteddfod	60
eisteddfods	60
either	35
ejaculate	35
ejaculated	35
ejaculates	35
ejaculating	35
ejaculation	35
ejaculations	35
ejaculatory	60
eject	35
ejected	35
ejecting	35
ejection	35
ejections	35
ejector	60
ejectors	60
ejects	35
eke	35
eked	35
ekes	35
eking	35
elaborate	35
elaborated	35
elaborately	35
elaborateness	50
elaborates	35
elaborating	35
elaboration	35
elaborations	35
elan	50
eland	60
elands	60
elapse	35
elapsed	35
elapses	35
elapsing	35
elastic	35
elastically	60
elasticated	60
elasticity	35
elasticize	60
elasticized	60
elasticizes	60
elasticizing	60
elastics	35
elate	50
elated	40
elatedly	60
elates	50
elating	50
elation	35
elbow	35
elbowed	35
elbowing	35
elbowroom	40
elbows	35
elder	35
elderberries	50
elderberry	50
eldercare	50
elderly	35
elders	35
eldest	35
eldritch	60
elect	35
electability	60
electable	60
elected	35
electing	35
election	35
electioneer	50
electioneered	50
electioneering	50
electioneers	50
elections	35
elective	35
electives	35
elector	35
electoral	35
electorally	60
electorate	35
electorates	35
electors	35
electric	35
electrical	35
electrically	35
electrician	35
electricians	35
electricity	35
electrics	60
electrification	50
electrified	35
electrifier	60
electrifiers	60
electrifies	35
electrify	35
electrifying	35
electrocardiogram	50
electrocardiograms	50
electrocardiograph	50
electrocardiographs	50
electrocardiography	60
electrochemical	60
electrocute	35
electrocuted	35
electrocutes	35
electrocuting	35
electrocution	35
electrocutions	35
electrode	35
electrodes	35
electrodynamics	50
electroencephalogram	50
electroencephalograms	50
electroencephalograph	50
electroencephalographic	60
electroencephalographs	50
electroencephalography	60
electrologist	60
electrologists	60
electrolysis	35
electrolyte	50
electrolytes	50
electrolytic	50
electromagnet	50
electromagnetic	35
electromagnetically	60
electromagnetism	50
electromagnets	50
electromotive	60
electron	35
electronic	35
electronica	50
electronically	35
electronics	35
electrons	35
electroplate	50
electroplated	50
electroplates	50
electroplating	50
electroscope	60
electroscopes	60
electroscopic	60
electroshock	60
electrostatic	35
electrostatics	60
electrotype	60
electrotypes	60
electroweak	60
elects	35
eleemosynary	60
elegance	35
elegant	35
elegantly	35
elegiac	50
elegiacal	60
elegiacs	50
elegies	35
elegy	35
element	35
elemental	35
elementally	60
elementary	35
elements	35
elephant	35
elephantiasis	60
elephantine	50
elephants	35
elevate	35
elevated	35
elevates	35
elevating	35
elevation	35
elevations	35
elevator	35
elevators	35
eleven	35
elevens	35
eleventh	35
elevenths	35
elf	35
elfin	40
elfish	50
elicit	35
elicitation	60
elicited	35
eliciting	35
elicits	35
elide	50
elided	50
elides	50
eliding	50
eligibility	35
eligible	35
eliminate	35
eliminated	35
eliminates	35
eliminating	35
elimination	35
eliminations	35
eliminator	60
eliminators	60
elision	50
elisions	50
elite	35
elites	35
elitism	35
elitist	35
elitists	40
elixir	50
elixirs	50
elk	35
elks	35
ell	50
ellipse	35
ellipses	35
ellipsis	50
ellipsoid	60
ellipsoidal	60
ellipsoids	60
elliptic	35
elliptical	35
elliptically	50
ellipticals	60
ells	50
elm	35
elms	35
elocution	50
elocutionary	60
elocutionist	50
elocutionists	50
elodea	60
elodeas	60
elongate	35
elongated	35
elongates	35
elongating	35
elongation	50
elongations	50
elope	35
eloped	35
elopement	35
elopements	35
elopes	35
eloping	35
eloquence	35
eloquent	35
eloquently	35
else	35
elsewhere	35
elucidate	35
elucidated	40
elucidates	40
elucidating	40
elucidation	50
elucidations	50
elude	35
eluded	35
eludes	35
eluding	35
elusive	35
elusively	50
elusiveness	50
elver	60
elvers	60
elves	35
elvish	60
em	35
emaciate	50
emaciated	40
emaciates	50
emaciating	50
emaciation	50
email	35
emailed	35
emailing	35
emails	35
emanate	35
emanated	35
emanates	35
emanating	35
emanation	50
emanations	50
emancipate	35
emancipated	35
emancipates	35
emancipating	35
emancipation	35
emancipator	50
emancipators	50
emasculate	50
emasculated	50
emasculates	50
emasculating	50
emasculation	50
embalm	35
embalmed	35
embalmer	50
embalmers	50
embalming	35
embalms	35
embank	60
embanked	60
embanking	60
embankment	35
embankments	35
embanks	60
embargo	35
embargoed	35
embargoes	35
embargoing	35
embark	35
embarkation	50
embarkations	50
embarked	35
embarking	35
embarks	35
embarrass	35
embarrassed	35
embarrasses	35
embarrassing	35
embarrassingly	40
embarrassment	35
embarrassments	35
embassies	35
embassy	35
embattled	40
embed	35
embedded	35
embedding	35
embeds	35
embellish	35
embellished	35
embellishes	35
embellishing	35
embellishment	35
embellishments	35
ember	35
embers	35
embezzle	35
embezzled	35
embezzlement	35
embezzler	40
embezzlers	40
embezzles	35
embezzling	35
embitter	35
embittered	35
embittering	35
embitterment	60
embitters	35
emblazon	40
emblazoned	40
emblazoning	40
emblazonment	60
emblazons	40
emblem	35
emblematic	50
emblematically	60
emblems	35
embodied	35
embodies	35
embodiment	35
embodiments	35
embody	35
embodying	35
embolden	50
emboldened	50
emboldening	50
emboldens	50
embolism	50
embolisms	50
embolization	60
emboss	35
embossed	35
embosser	60
embossers	60
embosses	35
embossing	35
embouchure	60
embower	60
embowered	60
embowering	60
embowers	60
embrace	35
embraceable	60
embraced	35
embraces	35
embracing	35
embrasure	60
embrasures	60
embrocation	60
embrocations	60
embroider	35
embroidered	35
embroiderer	60
embroiderers	60
embroideries	35
embroidering	35
embroiders	35
embroidery	35
embroil	40
embroiled	40
embroiling	40
embroilment	60
embroils	40
embryo	35
embryological	60
embryologist	50
embryologists	50
embryology	50
embryonic	35
embryos	35
emcee	40
emceed	40
emceeing	40
emcees	40
emend	50
emendation	50
emendations	50
emended	50
emending	50
emends	50
emerald	35
emeralds	35
emerge	35
emerged	35
emergence	35
emergencies	35
emergency	35
emergent	35
emerges	35
emerging	35
emerita	60
emeritus	40
emery	50
emetic	50
emetics	50
emigrant	35
emigrants	35
emigrate	35
emigrated	35
emigrates	35
emigrating	35
emigration	35
emigrations	35
emigre	50
emigres	50
eminence	35
eminences	35
eminent	35
eminently	35
emir	35
emirate	40
emirates	40
emirs	35
emissaries	35
emissary	35
emission	35
emissions	35
emit	35
emits	35
emitted	35
emitter	60
emitters	60
emitting	35
emo	50
emoji	50
emojis	50
emollient	50
emollients	50
emolument	50
emoluments	50
emos	50
emote	50
emoted	50
emotes	50
emoticon	60
emoticons	60
emoting	50
emotion	35
emotional	35
emotionalism	50
emotionalize	60
emotionalized	60
emotionalizes	60
emotionalizing	60
emotionally	35
emotionless	60
emotions	35
emotive	35
emotively	60
empanada	60
empanadas	60
empathetic	50
empathetically	60
empathic	60
empathically	60
empathize	40
empathized	40
empathizes	40
empathizing	40
empathy	35
emperor	35
emperors	35
emphases	35
emphasis	35
emphasize	35
emphasized	35
emphasizes	35
emphasizing	35
emphatic	35
emphatically	35
emphysema	35
empire	35
empires	35
empiric	60
empirical	35
empirically	50
empiricism	50
empiricist	60
empiricists	60
emplacement	50
emplacements	50
employ	35
employability	60
employable	50
employed	35
employee	35
employees	35
employer	35
employers	35
employing	35
employment	35
employments	35
employs	35
emporium	35
emporiums	35
empower	35
empowered	35
empowering	35
empowerment	40
empowers	35
empress	35
empresses	35
emptied	35
emptier	35
empties	35
emptiest	35
emptily	50
emptiness	35
empty	35
emptying	35
empyrean	60
ems	50
emu	50
emulate	35
emulated	35
emulates	35
emulating	35
emulation	35
emulations	35
emulative	60
emulator	35
emulators	35
emulsification	50
emulsified	50
emulsifier	60
emulsifiers	60
emulsifies	50
emulsify	50
emulsifying	50
emulsion	35
emulsions	35
emus	50
en	60
enable	35
enabled	35
enabler	60
enablers	60
enables	35
enabling	35
enact	35
enacted	35
enacting	35
enactment	35
enactments	35
enacts	35
enamel	35
enameled	35
enameler	60
enamelers	60
enameling	35
enamels	35
enamelware	60
enamor	50
enamored	40
enamoring	50
enamors	50
encamp	50
encamped	50
encamping	50
encampment	50
encampments	50
encamps	50
encapsulate	50
encapsulated	35
encapsulates	50
encapsulating	50
encapsulation	50
encapsulations	50
encase	35
encased	35
encasement	60
encases	35
encasing	35
encephalitic	60
encephalitis	50
enchain	60
enchained	60
enchaining	60
enchains	60
enchant	35
enchanted	35
enchanter	50
enchanters	50
enchanting	35
enchantingly	50
enchantment	35
enchantments	35
enchantress	50
enchantresses	50
enchants	35
enchilada	40
enchiladas	40
encipher	60
enciphered	60
enciphering	60
enciphers	60
encircle	35
encircled	35
encirclement	50
encircles	35
encircling	35
enclave	40
enclaves	40
enclose	35
enclosed	35
encloses	35
enclosing	35
enclosure	35
enclosures	35
encode	35
encoded	35
encoder	50
encoders	50
encodes	50
encoding	35
encomium	60
encomiums	60
encompass	35
encompassed	35
encompasses	35
encompassing	35
encore	35
encored	35
encores	35
encoring	35
encounter	35
encountered	35
encountering	35
encounters	35
encourage	35
encouraged	35
encouragement	35
encouragements	35
encourages	35
encouraging	35
encouragingly	60
encroach	35
encroached	35
encroaches	35
encroaching	35
encroachment	50
encroachments	50
encrust	50
encrustation	50
encrustations	50
encrusted	50
encrusting	50
encrusts	50
encrypt	50
encrypted	35
encrypting	60
encryption	35
encrypts	50
encumber	35
encumbered	35
encumbering	35
encumbers	35
encumbrance	35
encumbrances	35
encyclical	50
encyclicals	50
encyclopedia	35
encyclopedias	35
encyclopedic	50
encyst	60
encysted	60
encysting	60
encystment	60
encysts	60
end	35
endanger	35
endangered	35
endangering	35
endangerment	60
endangers	35
endear	35
endeared	35
endearing	35
endearingly	50
endearment	35
endearments	35
endears	35
endeavor	35
endeavored	35
endeavoring	35
endeavors	35
ended	35
endemic	35
endemically	60
endemics	35
endgame	60
endgames	60
ending	35
endings	35
endive	35
endives	35
endless	35
endlessly	35
endlessness	50
endmost	60
endnote	60
endnotes	60
endocarditis	60
endocrine	50
endocrines	50
endocrinologist	60
endocrinologists	60
endocrinology	60
endogenous	60
endogenously	60
endometrial	60
endometriosis	60
endometrium	60
endorphin	60
endorphins	60
endorse	35
endorsed	35
endorsement	35
endorsements	35
endorser	50
endorsers	50
endorses	35
endorsing	35
endoscope	60
endoscopes	60
endoscopic	60
endoscopy	60
endothelial	60
endothermic	60
endotracheal	60
endow	35
endowed	35
endowing	35
endowment	35
endowments	35
endows	35
endpoint	60
endpoints	60
ends	35
endue	50
endued	50
endues	50
enduing	50
endurable	50
endurance	35
endure	35
endured	35
endures	35
enduring	35
endways	35
enema	35
enemas	35
enemies	35
enemy	35
energetic	35
energetically	35
energies	35
energize	40
energized	40
energizer	50
energizers	50
energizes	40
energizing	40
energy	35
enervate	50
enervated	50
enervates	50
enervating	50
enervation	50
enfeeble	50
enfeebled	50
enfeeblement	60
enfeebles	50
enfeebling	50
enfilade	60
enfiladed	60
enfilades	60
enfilading	60
enfold	50
enfolded	50
enfolding	50
enfolds	50
enforce	35
enforceable	40
enforced	35
enforcement	35
enforcer	50
enforcers	50
enforces	35
enforcing	35
enfranchise	40
enfranchised	40
enfranchisement	50
enfranchises	40
enfranchising	40
engage	35
engaged	35
engagement	35
engagements	35
engages	35
engaging	35
engagingly	50
engender	35
engendered	35
engendering	35
engenders	35
engine	35
engineer	35
engineered	35
engineering	35
engineers	35
engines	35
engorge	50
engorged	50
engorgement	60
engorges	50
engorging	50
engram	60
engrams	60
engrave	35
engraved	35
engraver	35
engravers	35
engraves	35
engraving	35
engravings	35
engross	35
engrossed	35
engrosses	35
engrossing	35
engrossment	60
engulf	35
engulfed	35
engulfing	35
engulfment	60
engulfs	35
enhance	35
enhanced	35
enhancement	35
enhancements	35
enhancer	50
enhancers	60
enhances	35
enhancing	35
enigma	35
enigmas	35
enigmatic	35
enigmatically	50
enjambment	60
enjambments	60
enjoin	50
enjoined	50
enjoining	50
enjoins	50
enjoy	35
enjoyable	35
enjoyably	60
enjoyed	35
enjoying	35
enjoyment	35
enjoyments	35
enjoys	35
enlarge	35
enlargeable	60
enlarged	35
enlargement	35
enlargements	35
enlarger	50
enlargers	50
enlarges	35
enlarging	35
enlighten	35
enlightened	35
enlightening	35
enlightenment	35
enlightens	35
enlist	35
enlisted	35
enlistee	60
enlistees	60
enlisting	35
enlistment	35
enlistments	35
enlists	35
enliven	35
enlivened	35
enlivening	35
enlivenment	60
enlivens	35
enmesh	50
enmeshed	50
enmeshes	50
enmeshing	50
enmeshment	60
enmities	35
enmity	35
ennoble	50
ennobled	50
ennoblement	50
ennobles	50
ennobling	50
ennui	50
enormities	35
enormity	35
enormous	35
enormously	35
enormousness	50
enough	35
enplane	60
enplaned	60
enplanes	60
enplaning	60
enqueue	60
enqueued	60
enqueues	60
enquirer	60
enquirers	60
enquiringly	60
enrage	35
enraged	35
enrages	35
enraging	35
enrapture	50
enraptured	50
enraptures	50
enrapturing	50
enrich	35
enriched	35
enriches	35
enriching	35
enrichment	35
enroll	35
enrolled	35
enrollee	60
enrollees	60
enrolling	35
enrollment	35
enrollments	35
enrolls	35
ens	60
ensconce	40
ensconced	40
ensconces	40
ensconcing	40
ensemble	35
ensembles	35
enshittification	60
enshittified	60
enshittifies	60
enshittify	60
enshittifying	60
enshrine	35
enshrined	35
enshrinement	60
enshrines	35
enshrining	35
enshroud	50
enshrouded	50
enshrouding	50
enshrouds	50
ensign	35
ensigns	35
ensilage	60
enslave	35
enslaved	35
enslavement	50
enslaves	35
enslaving	35
ensnare	50
ensnared	50
ensnarement	60
ensnares	50
ensnaring	50
ensue	35
ensued	35
ensues	35
ensuing	35
ensure	35
ensured	35
ensurer	60
ensurers	60
ensures	35
ensuring	35
entail	35
entailed	35
entailing	35
entailment	60
entails	35
entangle	35
entangled	35
entanglement	35
entanglements	35
entangles	35
entangling	35
entente	50
ententes	50
enter	35
enteral	60
entered	35
enteric	60
entering	35
enteritis	60
enterprise	35
enterprises	35
enterprising	35
enterprisingly	60
enters	35
entertain	35
entertained	35
entertainer	35
entertainers	35
entertaining	35
entertainingly	60
entertainment	35
entertainments	35
entertains	35
enthrall	35
enthralled	35
enthralling	35
enthrallment	60
enthralls	35
enthrone	50
enthroned	50
enthronement	50
enthronements	50
enthrones	50
enthroning	50
enthuse	40
enthused	40
enthuses	40
enthusiasm	35
enthusiasms	35
enthusiast	35
enthusiastic	35
enthusiastically	35
enthusiasts	35
enthusing	40
entice	35
enticed	35
enticement	35
enticements	35
entices	35
enticing	35
enticingly	60
entire	35
entirely	35
entirety	35
entities	35
entitle	35
entitled	35
entitlement	40
entitlements	40
entitles	35
entitling	35
entity	35
entomb	50
entombed	50
entombing	50
entombment	50
entombs	50
entomological	50
entomologist	35
entomologists	35
entomology	35
entourage	40
entourages	40
entrails	35
entrained	60
entrance	35
entranced	35
entrancement	60
entrances	35
entranceway	60
entranceways	60
entrancing	35
entrancingly	60
entrant	35
entrants	35
entrap	35
entrapment	40
entrapped	35
entrapping	35
entraps	35
entreat	35
entreated	35
entreaties	35
entreating	35
entreatingly	60
entreats	35
entreaty	35
entree	35
entrees	35
entrench	50
entrenched	50
entrenches	50
entrenching	50
entrenchment	50
entrenchments	50
entrepreneur	40
entrepreneurial	40
entrepreneurs	40
entrepreneurship	60
entries	35
entropy	35
entrust	35
entrusted	35
entrusting	35
entrusts	35
entry	35
entryphone	60
entryphones	60
entryway	40
entryways	40
entwine	35
entwined	35
entwines	35
entwining	35
enumerable	50
enumerate	35
enumerated	35
enumerates	35
enumerating	35
enumeration	35
enumerations	50
enumerator	60
enumerators	60
enunciate	35
enunciated	35
enunciates	35
enunciating	35
enunciation	35
enuresis	60
envelop	35
envelope	35
enveloped	35
enveloper	60
envelopers	60
envelopes	35
enveloping	35
envelopment	50
envelops	35
envenom	60
envenomed	60
envenoming	60
envenoms	60
enviable	35
enviably	50
envied	35
envies	35
envious	35
enviously	35
enviousness	50
environment	35
environmental	35
environmentalism	50
environmentalist	40
environmentalists	40
environmentally	35
environments	35
environs	35
envisage	35
envisaged	35
envisages	40
envisaging	40
envision	40
envisioned	40
envisioning	40
envisions	40
envoy	35
envoys	35
envy	35
envying	35
envyingly	60
enzymatic	60
enzyme	35
enzymes	35
eolian	60
eon	35
eons	35
eosinophil	60
eosinophilic	60
eosinophils	60
epaulet	35
epaulets	35
epee	50
epees	50
ephedrine	60
ephemera	60
ephemeral	35
ephemerally	60
epic	35
epicenter	40
epicenters	40
epics	35
epicure	50
epicurean	50
epicureans	50
epicures	50
epidemic	35
epidemically	60
epidemics	35
epidemiological	60
epidemiologist	60
epidemiologists	60
epidemiology	50
epidermal	50
epidermic	60
epidermis	35
epidermises	35
epidural	60
epidurals	60
epiglottis	50
epiglottises	50
epigram	40
epigrammatic	50
epigrams	40
epigraph	60
epigraphs	60
epigraphy	60
epilepsy	35
epileptic	35
epileptics	35
epilogue	35
epilogues	35
epinephrine	60
epiphanies	60
epiphany	60
episcopacy	50
episcopal	50
episcopate	50
episode	35
episodes	35
episodic	40
episodically	60
epistemic	60
epistemological	60
epistemologies	60
epistemology	50
epistle	40
epistles	40
epistolary	50
epitaph	35
epitaphs	35
epithelia	60
epithelial	60
epithelium	60
epithet	35
epithets	35
epitome	35
epitomes	35
epitomize	40
epitomized	40
epitomizes	40
epitomizing	40
epoch	35
epochal	50
epochs	35
eponymous	60
epoxied	50
epoxies	50
epoxy	50
epoxying	50
epsilon	35
epsilons	60
equability	50
equable	50
equably	50
equal	35
equaled	35
equaling	35
equality	35
equalization	50
equalize	35
equalized	35
equalizer	50
equalizers	50
equalizes	35
equalizing	35
equally	35
equals	35
equanimity	35
equatable	60
equate	35
equated	35
equates	35
equating	35
equation	35
equations	35
equator	35
equatorial	35
equators	35
equerries	60
equerry	60
equestrian	35
equestrianism	60
equestrians	35
equestrienne	50
equestriennes	50
equidistant	50
equidistantly	60
equilateral	35
equilaterals	35
equilibrium	35
equilibriums	35
equine	35
equines	35
equinoctial	50
equinox	35
equinoxes	35
equip	35
equipage	50
equipages	50
equipment	35
equipoise	50
equipped	35
equipping	35
equips	35
equitable	35
equitably	50
equitation	60
equities	35
equity	35
equivalence	35
equivalences	40
equivalencies	60
equivalency	60
equivalent	35
equivalently	35
equivalents	35
equivocal	35
equivocally	50
equivocalness	60
equivocate	50
equivocated	50
equivocates	50
equivocating	50
equivocation	50
equivocations	50
equivocator	60
equivocators	60
er	60
era	35
eradicable	60
eradicate	35
eradicated	35
eradicates	35
eradicating	35
eradication	40
eradicator	60
eradicators	60
eras	35
erasable	60
erase	35
erased	35
eraser	35
erasers	35
erases	35
erasing	35
erasure	35
erasures	50
erbium	60
ere	50
erect	35
erected	35
erectile	50
erecting	35
erection	35
erections	35
erectly	50
erectness	50
erector	60
erectors	60
erects	35
erelong	60
eremite	60
eremites	60
erg	50
ergo	35
ergonomic	35
ergonomically	60
ergonomics	50
ergosterol	60
ergot	60
ergs	50
ermine	50
ermines	50
erode	35
eroded	35
erodes	35
erodible	60
eroding	35
erogenous	50
erosion	35
erosive	50
erotic	35
erotica	50
erotically	40
eroticism	40
err	35
errand	35
errands	35
errant	35
errata	50
erratas	50
erratic	35
erratically	35
erratum	50
erred	35
erring	35
erroneous	35
erroneously	35
error	35
errors	35
errs	35
ersatz	50
ersatzes	50
erst	60
erstwhile	35
eruct	60
eructation	60
eructations	60
eructed	60
eructing	60
eructs	60
erudite	35
eruditely	50
erudition	40
erupt	35
erupted	35
erupting	35
eruption	35
eruptions	35
eruptive	60
erupts	35
erysipelas	60
erythrocyte	50
erythrocytes	50
erythromycin	60
escalate	35
escalated	35
escalates	35
escalating	35
escalation	35
escalations	40
escalator	35
escalators	35
escallop	60
escalloped	60
escalloping	60
escallops	60
escalope	60
escalopes	60
escapade	35
escapades	35
escape	35
escaped	35
escapee	50
escapees	50
escapement	60
escapements	60
escapes	35
escaping	35
escapism	35
escapist	40
escapists	40
escapologist	60
escapologists	60
escapology	60
escargot	60
escargots	60
escarole	50
escaroles	50
escarpment	50
escarpments	50
eschatological	60
eschatology	50
eschew	40
eschewed	40
eschewing	40
eschews	40
escort	35
escorted	35
escorting	35
escorts	35
escritoire	60
escritoires	60
escrow	50
escrows	50
escudo	60
escudos	60
escutcheon	50
escutcheons	50
esophageal	60
esophagi	35
esophagus	35
esoteric	35
esoterically	50
espadrille	50
espadrilles	50
espalier	60
espaliered	60
espaliering	60
espaliers	60
especial	35
especially	35
espied	50
espies	50
espionage	35
esplanade	50
esplanades	50
espousal	50
espouse	40
espoused	40
espouses	40
espousing	40
espresso	40
espressos	40
esprit	60
espy	50
espying	50
esquire	50
esquires	50
essay	35
essayed	35
essayer	60
essayers	60
essaying	35
essayist	50
essayists	50
essays	35
essence	35
essences	35
essential	35
essentially	35
essentials	35
establish	35
established	35
establishes	35
establishing	35
establishment	35
establishments	35
estate	35
estates	35
esteem	35
esteemed	35
esteeming	35
esteems	35
ester	50
esters	50
esthetician	60
estheticians	60
estimable	40
estimate	35
estimated	35
estimates	35
estimating	35
estimation	35
estimations	35
estimator	50
estimators	50
estoppel	60
estradiol	60
estrange	50
estranged	40
estrangement	35
estrangements	35
estranges	50
estranging	50
estrogen	40
estrogens	40
estrous	60
estrus	60
estruses	60
estuaries	40
estuary	40
eta	50
etas	60
etch	35
etched	35
etcher	50
etchers	50
etches	35
etching	35
etchings	35
eternal	35
eternally	35
eternalness	60
eternities	35
eternity	35
ethane	60
ethanol	60
ether	35
ethereal	35
ethereally	50
ethic	35
ethical	35
ethically	35
ethicist	60
ethicists	60
ethics	35
ethmoid	60
ethnic	35
ethnically	50
ethnicity	50
ethnics	35
ethnocentric	60
ethnocentrism	60
ethnographer	60
ethnographers	60
ethnographic	60
ethnographically	60
ethnography	60
ethnological	50
ethnologically	60
ethnologist	50
ethnologists	50
ethnology	50
ethological	60
ethologist	60
ethologists	60
ethology	60
ethos	35
ethyl	60
ethylene	60
etiolated	60
etiologic	60
etiological	60
etiologies	50
etiology	50
etiquette	35
etude	50
etudes	50
etymological	35
etymologically	60
etymologies	35
etymologist	50
etymologists	50
etymology	35
eucalyptus	50
eucalyptuses	50
euchre	60
euchred	60
euchres	60
euchring	60
euclidean	60
eugenic	60
eugenically	60
eugenicist	60
eugenicists	60
eugenics	50
eukaryote	60
eukaryotes	60
eukaryotic	60
eulogies	35
eulogist	60
eulogistic	50
eulogists	60
eulogize	35
eulogized	35
eulogizer	60
eulogizers	60
eulogizes	35
eulogizing	35
eulogy	35
eunuch	40
eunuchs	40
euphemism	35
euphemisms	35
euphemistic	40
euphemistically	40
euphonious	60
euphoniously	60
euphony	50
euphoria	40
euphoric	40
euphorically	60
eureka	35
euro	50
europium	60
euros	50
eutectic	50
euthanasia	35
euthanize	60
euthanized	60
euthanizes	60
euthanizing	60
euthenics	60
eutrophication	60
evacuate	35
evacuated	35
evacuates	35
evacuating	35
evacuation	35
evacuations	35
evacuee	40
evacuees	40
evade	35
evaded	35
evader	60
evaders	60
evades	35
evading	35
evaluate	35
evaluated	35
evaluates	35
evaluating	35
evaluation	35
evaluations	35
evaluative	60
evaluator	60
evaluators	60
evanescence	60
evanescent	50
evangelic	60
evangelical	35
evangelicalism	60
evangelically	60
evangelicals	35
evangelism	35
evangelist	35
evangelistic	35
evangelists	35
evangelization	60
evangelize	50
evangelized	50
evangelizes	50
evangelizing	50
evaporate	35
evaporated	35
evaporates	35
evaporating	35
evaporation	35
evaporator	60
evaporators	60
evasion	35
evasions	35
evasive	35
evasively	50
evasiveness	50
eve	35
even	35
evened	35
evener	35
evenest	35
evenhanded	40
evenhandedly	60
evenhandedness	60
evening	35
evenings	35
evenly	35
evenness	35
evens	35
evensong	60
event	35
eventful	35
eventfully	50
eventfulness	50
eventide	50
events	35
eventual	35
eventualities	35
eventuality	35
eventually	35
eventuate	50
eventuated	50
eventuates	50
eventuating	50
ever	35
everglade	50
everglades	50
evergreen	35
evergreens	35
everlasting	35
everlastingly	60
everlastings	35
evermore	35
every	35
everybody	35
everyday	35
everyone	35
everyplace	40
everything	35
everywhere	35
eves	35
evict	35
evicted	35
evicting	35
eviction	35
evictions	35
evicts	35
evidence	35
evidenced	35
evidences	35
evidencing	35
evident	35
evidently	35
evil	35
evildoer	50
evildoers	50
evildoing	60
eviler	35
evilest	35
evilly	50
evilness	60
evils	35
evince	50
evinced	50
evinces	50
evincing	50
eviscerate	50
eviscerated	50
eviscerates	50
eviscerating	50
evisceration	50
evocation	50
evocations	50
evocative	35
evocatively	60
evoke	35
evoked	35
evokes	35
evoking	35
evolution	35
evolutionary	35
evolutionist	60
evolutionists	60
evolve	35
evolved	35
evolves	35
evolving	35
ewe	35
ewer	50
ewers	50
ewes	35
ex	40
exabyte	60
exabytes	60
exacerbate	40
exacerbated	35
exacerbates	40
exacerbating	40
exacerbation	50
exact	35
exacted	35
exacter	35
exactest	35
exacting	35
exactingly	50
exaction	60
exactitude	50
exactly	35
exactness	50
exacts	35
exaggerate	35
exaggerated	35
exaggeratedly	60
exaggerates	35
exaggerating	35
exaggeration	35
exaggerations	35
exaggerator	60
exaggerators	60
exajoule	60
exajoules	60
exalt	35
exaltation	35
exalted	35
exalting	35
exalts	35
exam	35
examination	35
examinations	35
examine	35
examined	35
examiner	35
examiners	35
examines	35
examining	35
example	35
exampled	35
examples	35
exampling	35
exams	35
exasperate	35
exasperated	35
exasperatedly	60
exasperates	35
exasperating	35
exasperatingly	60
exasperation	35
excavate	35
excavated	35
excavates	35
excavating	35
excavation	35
excavations	35
excavator	50
excavators	50
exceed	35
exceeded	35
exceeding	35
exceedingly	35
exceeds	35
excel	35
excelled	35
excellence	35
excellencies	60
excellency	60
excellent	35
excellently	35
excelling	35
excels	35
excelsior	60
except	35
excepted	35
excepting	35
exception	35
exceptionable	50
exceptional	35
exceptionalism	60
exceptionally	35
exceptions	35
excepts	35
excerpt	35
excerpted	35
excerpting	35
excerpts	35
excess	35
excesses	35
excessive	35
excessively	35
exchange	35
exchangeable	50
exchanged	35
exchanges	35
exchanging	35
exchequer	50
exchequers	50
excise	35
excised	35
excises	35
excising	35
excision	40
excisions	40
excitability	50
excitable	35
excitably	60
excitation	50
excite	35
excited	35
excitedly	40
excitement	35
excitements	35
exciter	60
exciters	60
excites	35
exciting	35
excitingly	50
exciton	60
exclaim	35
exclaimed	35
exclaiming	35
exclaims	35
exclamation	35
exclamations	35
exclamatory	50
exclude	35
excluded	35
excludes	35
excluding	35
exclusion	35
exclusionary	60
exclusions	35
exclusive	35
exclusively	35
exclusiveness	50
exclusives	35
exclusivity	50
excommunicate	35
excommunicated	35
excommunicates	35
excommunicating	35
excommunication	35
excommunications	35
excoriate	50
excoriated	50
excoriates	50
excoriating	50
excoriation	50
excoriations	50
excrement	35
excremental	60
excrescence	50
excrescences	50
excrescent	60
excreta	50
excrete	35
excreted	35
excretes	35
excreting	35
excretion	50
excretions	50
excretory	50
excruciating	35
excruciatingly	40
exculpate	50
exculpated	50
exculpates	50
exculpating	50
exculpation	60
exculpatory	60
excursion	35
excursionist	60
excursionists	60
excursions	35
excursive	60
excursively	60
excursiveness	60
excusable	35
excusably	60
excuse	35
excused	35
excuses	35
excusing	35
exec	40
execrable	50
execrably	60
execrate	50
execrated	50
execrates	50
execrating	50
execration	60
execs	40
executable	35
execute	35
executed	35
executes	35
executing	35
execution	35
executioner	35
executioners	35
executions	35
executive	35
executives	35
executor	35
executors	35
executrices	50
executrix	50
exegeses	50
exegesis	50
exegetic	60
exegetical	60
exemplar	50
exemplars	50
exemplary	35
exemplification	50
exemplifications	50
exemplified	35
exemplifies	35
exemplify	35
exemplifying	35
exempt	35
exempted	35
exempting	35
exemption	35
exemptions	35
exempts	35
exercise	35
exercised	35
exerciser	60
exercisers	60
exercises	35
exercising	35
exert	35
exerted	35
exerting	35
exertion	35
exertions	35
exerts	35
exes	40
exeunt	60
exfoliate	60
exfoliated	60
exfoliates	60
exfoliating	60
exfoliation	60
exhalation	50
exhalations	50
exhale	35
exhaled	35
exhales	35
exhaling	35
exhaust	35
exhausted	35
exhaustible	50
exhausting	35
exhaustion	35
exhaustive	35
exhaustively	40
exhaustiveness	60
exhausts	35
exhibit	35
exhibited	35
exhibiting	35
exhibition	35
exhibitionism	40
exhibitionist	40
exhibitionists	40
exhibitions	35
exhibitor	40
exhibitors	40
exhibits	35
exhilarate	35
exhilarated	35
exhilarates	35
exhilarating	35
exhilaration	35
exhort	35
exhortation	35
exhortations	35
exhorted	35
exhorting	35
exhorts	35
exhumation	40
exhumations	40
exhume	35
exhumed	35
exhumes	35
exhuming	35
exigence	60
exigences	60
exigencies	50
exigency	50
exigent	50
exiguity	60
exiguous	50
exile	35
exiled	35
exiles	35
exilic	60
exiling	35
exist	35
existed	35
existence	35
existences	35
existent	35
existential	35
existentialism	50
existentialist	50
existentialists	50
existentially	35
existing	35
exists	35
exit	35
exited	35
exiting	35
exits	35
exobiology	60
exodus	35
exoduses	35
exogenous	60
exon	60
exonerate	35
exonerated	35
exonerates	35
exonerating	35
exoneration	35
exons	60
exoplanet	50
exoplanets	50
exorbitance	50
exorbitant	35
exorbitantly	50
exorcise	50
exorcised	50
exorcises	50
exorcising	50
exorcism	40
exorcisms	40
exorcist	40
exorcists	40
exoskeleton	60
exoskeletons	60
exosphere	60
exospheres	60
exothermic	60
exotic	35
exotica	60
exotically	50
exoticism	60
exotics	35
expand	35
expandable	35
expanded	35
expanding	35
expands	35
expanse	35
expanses	35
expansible	60
expansion	35
expansionary	60
expansionism	60
expansionist	40
expansionists	40
expansions	35
expansive	35
expansively	50
expansiveness	50
expat	60
expatiate	50
expatiated	50
expatiates	50
expatiating	50
expatiation	60
expatriate	35
expatriated	35
expatriates	35
expatriating	35
expatriation	50
expats	60
expect	35
expectancy	35
expectant	35
expectantly	40
expectation	35
expectations	35
expected	35
expectedly	60
expecting	35
expectorant	50
expectorants	50
expectorate	50
expectorated	50
expectorates	50
expectorating	50
expectoration	50
expects	35
expedience	50
expediences	50
expediencies	35
expediency	35
expedient	35
expediently	50
expedients	35
expedite	35
expedited	35
expediter	50
expediters	50
expedites	35
expediting	35
expedition	35
expeditionary	50
expeditions	35
expeditious	50
expeditiously	50
expeditiousness	60
expel	35
expelled	35
expelling	35
expels	35
expend	35
expendable	35
expendables	35
expended	35
expending	35
expenditure	35
expenditures	35
expends	35
expense	35
expenses	35
expensive	35
expensively	40
expensiveness	60
experience	35
experienced	35
experiences	35
experiencing	35
experiential	60
experiment	35
experimental	35
experimentally	35
experimentation	35
experimented	35
experimenter	50
experimenters	50
experimenting	35
experiments	35
expert	35
expertise	35
expertly	35
expertness	50
experts	35
expiate	50
expiated	50
expiates	50
expiating	50
expiation	50
expiatory	60
expiration	35
expire	35
expired	35
expires	35
expiring	35
expiry	35
explain	35
explainable	60
explained	35
explainer	60
explainers	60
explaining	35
explains	35
explanation	35
explanations	35
explanatory	35
expletive	35
expletives	35
explicable	35
explicate	50
explicated	50
explicates	50
explicating	50
explication	50
explications	50
explicit	35
explicitly	35
explicitness	50
explode	35
exploded	35
explodes	35
exploding	35
exploit	35
exploitable	60
exploitation	35
exploitative	60
exploited	35
exploiter	50
exploiters	50
exploiting	35
exploits	35
exploration	35
explorations	35
exploratory	40
explore	35
explored	35
explorer	35
explorers	35
explores	35
exploring	35
explosion	35
explosions	35
explosive	35
explosively	50
explosiveness	50
explosives	35
expo	40
exponent	35
exponential	35
exponentially	35
exponentiation	50
exponents	35
export	35
exportable	60
exportation	40
exported	35
exporter	35
exporters	35
exporting	35
exports	35
expos	40
expose	35
exposed	35
exposes	35
exposing	35
exposition	35
expositions	35
expositor	60
expositors	60
expository	50
expostulate	50
expostulated	50
expostulates	50
expostulating	50
expostulation	50
expostulations	50
exposure	35
exposures	35
expound	35
expounded	35
expounder	60
expounders	60
expounding	35
expounds	35
express	35
expressed	35
expresses	35
expressible	50
expressing	35
expression	35
expressionism	50
expressionist	50
expressionistic	60
expressionists	50
expressionless	50
expressionlessly	60
expressions	35
expressive	35
expressively	35
expressiveness	50
expressly	35
expressway	35
expressways	35
expropriate	40
expropriated	40
expropriates	40
expropriating	40
expropriation	40
expropriations	40
expropriator	60
expropriators	60
expulsion	35
expulsions	35
expunge	50
expunged	50
expunges	50
expunging	50
expurgate	50
expurgated	50
expurgates	50
expurgating	50
expurgation	50
expurgations	50
exquisite	35
exquisitely	40
exquisiteness	60
extant	35
extemporaneous	35
extemporaneously	50
extemporaneousness	60
extempore	50
extemporization	60
extemporize	50
extemporized	50
extemporizes	50
extemporizing	50
extend	35
extendable	50
extended	35
extender	60
extenders	60
extending	35
extends	35
extensibility	60
extensible	60
extension	35
extensional	50
extensions	35
extensive	35
extensively	35
extensiveness	50
extent	35
extents	35
extenuate	50
extenuated	50
extenuates	50
extenuating	50
extenuation	50
exterior	35
exteriors	35
exterminate	35
exterminated	35
exterminates	35
exterminating	35
extermination	35
exterminations	35
exterminator	40
exterminators	40
external	35
externalities	60
externality	60
externalization	60
externalizations	60
externalize	60
externalized	60
externalizes	60
externalizing	60
externally	35
externals	35
extinct	35
extincted	35
extincting	35
extinction	35
extinctions	35
extincts	35
extinguish	35
extinguishable	50
extinguished	35
extinguisher	35
extinguishers	35
extinguishes	35
extinguishing	35
extirpate	50
extirpated	50
extirpates	50
extirpating	50
extirpation	50
extol	35
extolled	35
extolling	35
extols	35
extort	35
extorted	35
extorting	35
extortion	35
extortionate	35
extortionately	60
extortioner	60
extortioners	60
extortionist	50
extortionists	50
extorts	35
extra	35
extracellular	60
extract	35
extracted	35
extracting	35
extraction	35
extractions	35
extractive	60
extractor	50
extractors	50
extracts	35
extracurricular	35
extraditable	60
extradite	35
extradited	35
extradites	35
extraditing	35
extradition	35
extraditions	35
extrajudicial	60
extralegal	60
extramarital	50
extramural	60
extraneous	35
extraneously	50
extraordinaire	60
extraordinarily	35
extraordinary	35
extrapolate	35
extrapolated	40
extrapolates	40
extrapolating	35
extrapolation	35
extrapolations	35
extras	35
extrasensory	50
extraterrestrial	35
extraterrestrials	35
extraterritorial	60
extraterritoriality	60
extravagance	35
extravagances	35
extravagant	35
extravagantly	35
extravaganza	50
extravaganzas	50
extravehicular	60
extraversion	60
extreme	35
extremely	35
extremeness	60
extremer	35
extremes	35
extremest	35
extremism	40
extremist	35
extremists	35
extremities	35
extremity	35
extricable	60
extricate	35
extricated	35
extricates	35
extricating	35
extrication	50
extrinsic	50
extrinsically	50
extroversion	50
extrovert	35
extroverted	40
extroverts	35
extrude	50
extruded	50
extrudes	50
extruding	50
extrusion	50
extrusions	50
extrusive	60
exuberance	35
exuberant	35
exuberantly	50
exudation	60
exude	35
exuded	35
exudes	35
exuding	35
exult	35
exultant	35
exultantly	50
exultation	35
exulted	35
exulting	35
exults	35
exurb	60
exurban	60
exurbanite	60
exurbanites	60
exurbia	60
exurbs	60
eye	35
eyeball	35
eyeballed	35
eyeballing	35
eyeballs	35
eyebrow	35
eyebrows	35
eyed	35
eyedropper	60
eyedroppers	60
eyeful	50
eyefuls	50
eyeglass	50
eyeglasses	40
eyeing	35
eyelash	35
eyelashes	35
eyeless	60
eyelet	50
eyelets	50
eyelid	35
eyelids	35
eyeliner	40
eyeliners	40
eyeopening	60
eyepatch	60
eyepiece	50
eyepieces	50
eyes	35
eyesight	35
eyesore	35
eyesores	35
eyestrain	50
eyeteeth	50
eyetooth	50
eyewash	60
eyewear	60
eyewitness	35
eyewitnesses	35
fa	50
fab	60
fable	35
fabled	50
fables	35
fabric	35
fabricate	35
fabricated	35
fabricates	35
fabricating	35
fabrication	35
fabrications	35
fabricator	60
fabricators	60
fabrics	35
fabulous	35
fabulously	50
facade	35
facades	35
face	35
facecloth	60
facecloths	60
faced	35
faceless	35
facepalm	50
facepalmed	50
facepalming	50
facepalms	50
faceplate	60
faceplates	60
faces	35
facet	35
faceted	35
faceting	35
facetious	35
facetiously	40
facetiousness	50
facets	35
facial	35
facially	50
facials	35
facile	35
facilely	60
facilitate	35
facilitated	35
facilitates	35
facilitating	35
facilitation	50
facilitator	60
facilitators	60
facilities	35
facility	35
facing	35
facings	50
facsimile	35
facsimiled	35
facsimileing	35
facsimiles	35
fact	35
faction	35
factional	50
factionalism	50
factions	35
factious	60
factitious	50
factoid	60
factoids	60
factor	35
factored	35
factorial	35
factorials	60
factories	35
factoring	35
factorization	35
factorize	50
factorized	60
factorizes	60
factorizing	50
factors	35
factory	35
factotum	50
factotums	50
facts	35
factual	35
factually	35
faculties	35
faculty	35
fad	35
faddiness	60
faddish	50
faddishness	60
faddist	60
faddists	60
faddy	60
fade	35
faded	35
fadeout	60
fades	35
fading	35
fads	35
faerie	60
faeries	60
faff	60
faffed	60
faffing	60
faffs	60
fag	40
fagged	40
fagging	40
faggot	35
faggots	35
fagot	35
fagoting	60
fagots	35
fags	40
faience	60
fail	35
failed	35
failing	35
failings	35
faille	60
fails	35
failure	35
failures	35
fain	50
fainer	50
fainest	50
faint	35
fainted	35
fainter	35
faintest	35
fainthearted	50
fainting	35
faintly	35
faintness	50
faints	35
fair	35
fairer	35
fairest	35
fairground	40
fairgrounds	40
fairies	35
fairing	60
fairings	60
fairly	35
fairness	35
fairs	35
fairway	50
fairways	50
fairy	35
fairyland	50
fairylands	50
faith	35
faithful	35
faithfully	35
faithfulness	35
faithfuls	35
faithless	35
faithlessly	50
faithlessness	50
faiths	35
fajita	60
fajitas	60
fake	35
faked	35
faker	50
fakers	50
fakery	60
fakes	35
faking	35
fakir	50
fakirs	50
falafel	60
falafels	60
falcon	35
falconer	50
falconers	50
falconry	50
falcons	35
fall	35
fallacies	35
fallacious	35
fallaciously	50
fallacy	35
fallback	60
fallen	35
fallibility	50
fallible	35
fallibleness	60
fallibly	50
falling	35
falloff	50
falloffs	50
fallout	35
fallow	50
fallowed	50
fallowing	50
fallows	50
falls	35
false	35
falsehood	35
falsehoods	35
falsely	35
falseness	50
falser	35
falsest	35
falsetto	35
falsettos	35
falsie	60
falsies	60
falsifiable	50
falsification	35
falsifications	35
falsified	35
falsifier	60
falsifiers	60
falsifies	35
falsify	35
falsifying	35
falsities	35
falsity	35
falter	35
faltered	35
faltering	35
falteringly	50
falterings	40
falters	35
fame	35
famed	35
familial	50
familiar	35
familiarity	35
familiarization	50
familiarize	35
familiarized	35
familiarizes	35
familiarizing	35
familiarly	40
familiars	35
families	35
family	35
famine	35
famines	35
famish	50
famished	40
famishes	50
famishing	50
famous	35
famously	40
fan	35
fanatic	35
fanatical	35
fanatically	40
fanaticism	40
fanatics	35
fanboy	50
fanboys	50
fanciable	60
fancied	35
fancier	35
fanciers	50
fancies	35
fanciest	35
fanciful	35
fancifully	50
fancifulness	60
fancily	50
fanciness	50
fancy	35
fancying	35
fancywork	60
fandango	60
fandangos	60
fandom	50
fandoms	60
fanfare	35
fanfares	35
fanfic	60
fanfics	60
fang	35
fanged	60
fangs	35
fanlight	60
fanlights	60
fanned	35
fannies	40
fanning	35
fanny	40
fans	35
fantail	60
fantails	60
fantasia	60
fantasias	60
fantasied	35
fantasies	35
fantasist	60
fantasists	60
fantasize	40
fantasized	40
fantasizes	40
fantasizing	40
fantastic	35
fantastical	60
fantastically	35
fantasy	35
fantasying	35
fantasyland	60
fanzine	50
fanzines	60
far	35
farad	60
farads	60
faraway	35
farce	35
farces	35
farcical	40
farcically	60
fare	35
fared	35
fares	35
farewell	35
farewells	35
farina	50
farinaceous	50
faring	35
farm	35
farmed	35
farmer	35
farmers	35
farmhand	50
farmhands	50
farmhouse	40
farmhouses	40
farming	35
farmland	35
farmlands	50
farms	35
farmstead	60
farmsteads	60
farmworker	60
farmworkers	60
farmyard	40
farmyards	40
faro	60
farrago	60
farragoes	60
farrier	60
farriers	60
farrow	50
farrowed	50
farrowing	50
farrows	50
farseeing	60
farsighted	40
farsightedness	50
fart	40
farted	40
farther	35
farthermost	60
farthest	35
farthing	50
farthings	50
farting	40
farts	40
fascia	60
fascias	60
fascicle	60
fascicles	60
fascinate	35
fascinated	35
fascinates	35
fascinating	35
fascinatingly	60
fascination	35
fascinations	35
fascism	35
fascist	35
fascistic	60
fascists	35
fashion	35
fashionable	35
fashionably	35
fashioned	35
fashioner	60
fashioners	60
fashioning	35
fashionista	50
fashionistas	50
fashions	35
fast	35
fastback	60
fastbacks	60
fastball	60
fastballs	60
fasted	35
fasten	35
fastened	35
fastener	35
fasteners	35
fastening	35
fastenings	35
fastens	35
faster	35
fastest	35
fastidious	35
fastidiously	50
fastidiousness	50
fasting	35
fastness	50
fastnesses	50
fasts	35
fat	35
fatal	35
fatalism	40
fatalist	50
fatalistic	35
fatalistically	60
fatalists	50
fatalities	35
fatality	35
fatally	35
fatback	60
fate	35
fated	35
fateful	35
fatefully	50
fatefulness	60
fates	35
fathead	50
fatheaded	60
fatheads	50
father	35
fathered	35
fatherhood	35
fathering	35
fatherland	35
fatherlands	35
fatherless	50
fatherly	35
fathers	35
fathom	35
fathomable	50
fathomed	35
fathoming	35
fathomless	50
fathoms	35
fatigue	35
fatigued	35
fatigues	35
fatiguing	35
fating	35
fatness	50
fats	35
fatso	60
fatsos	60
fatten	35
fattened	35
fattening	35
fattens	35
fatter	35
fattest	35
fattier	35
fatties	35
fattiest	35
fattiness	60
fatty	35
fatuity	60
fatuous	35
fatuously	50
fatuousness	50
fatwa	60
fatwas	60
faucet	35
faucets	35
fault	35
faulted	35
faultfinder	60
faultfinders	60
faultfinding	50
faultier	35
faultiest	35
faultily	50
faultiness	50
faulting	35
faultless	35
faultlessly	50
faultlessness	60
faults	35
faulty	35
faun	50
fauna	35
faunas	35
fauns	50
fauvism	60
fauvist	60
fauvists	60
faux	60
fava	60
favas	60
fave	60
favela	60
favelas	60
faves	60
favor	35
favorable	35
favorably	35
favored	35
favoring	35
favorite	35
favorites	35
favoritism	35
favors	35
fawn	35
fawned	35
fawner	60
fawners	60
fawning	35
fawns	35
fax	40
faxed	40
faxes	40
faxing	40
fay	60
fays	60
faze	35
fazed	35
fazes	35
fazing	35
fealty	50
fear	35
feared	35
fearful	35
fearfully	35
fearfulness	50
fearing	35
fearless	35
fearlessly	35
fearlessness	40
fearmongering	60
fears	35
fearsome	35
feasibility	35
feasible	35
feasibly	50
feast	35
feasted	35
feaster	60
feasters	60
feasting	35
feasts	35
feat	35
feather	35
featherbedding	50
featherbrained	60
feathered	35
featherier	35
featheriest	35
feathering	35
featherless	60
feathers	35
featherweight	50
featherweights	50
feathery	35
feats	35
feature	35
featured	35
featureless	50
features	35
featuring	35
febrile	50
fecal	40
feces	35
feckless	50
fecklessly	60
fecklessness	60
fecund	50
fecundate	60
fecundated	60
fecundates	60
fecundating	60
fecundation	60
fecundity	50
fed	35
federal	35
federalism	35
federalist	35
federalists	35
federalization	60
federalize	60
federalized	60
federalizes	60
federalizing	60
federally	50
federals	35
federate	40
federated	40
federates	40
federating	40
federation	35
federations	35
fedora	50
fedoras	50
feds	35
fee	35
feeble	35
feeblemindedness	60
feebleness	50
feebler	35
feeblest	35
feebly	50
feed	35
feedback	35
feedbag	40
feedbags	40
feeder	35
feeders	35
feeding	35
feedings	40
feedlot	60
feedlots	60
feeds	35
feedstock	60
feedstocks	60
feel	35
feeler	35
feelers	35
feelgood	60
feeling	35
feelingly	50
feelings	35
feels	35
fees	35
feet	35
feign	35
feigned	35
feigning	35
feigns	35
feint	35
feinted	35
feinting	35
feints	35
feistier	40
feistiest	40
feistiness	60
feisty	40
feldspar	50
felicitate	60
felicitated	60
felicitates	60
felicitating	60
felicitation	60
felicitations	60
felicities	50
felicitous	50
felicitously	60
felicity	50
feline	35
felines	35
fell	35
fella	60
fellas	60
fellatio	60
felled	35
feller	35
fellers	60
fellest	35
felling	35
fellow	35
fellowman	60
fellowmen	60
fellows	35
fellowship	35
fellowships	35
fells	35
felon	35
felonies	35
felonious	50
felons	35
felony	35
felt	35
felted	35
felting	35
felts	35
female	35
femaleness	60
females	35
feminine	35
femininely	60
feminines	35
femininity	35
feminism	35
feminist	35
feminists	35
feminization	60
feminize	60
feminized	60
feminizes	60
feminizing	60
femme	60
femmes	60
femoral	50
femur	50
femurs	50
fen	35
fence	35
fenced	35
fencer	50
fencers	50
fences	35
fencing	35
fend	35
fended	35
fender	35
fenders	35
fending	35
fends	35
fenestration	60
fennel	50
fens	50
fentanyl	50
fenugreek	60
feral	50
ferment	35
fermentation	35
fermented	35
fermenting	35
ferments	35
fermium	60
fern	35
fernier	60
ferniest	60
ferns	35
ferny	60
ferocious	35
ferociously	35
ferociousness	50
ferocity	35
ferret	35
ferreted	35
ferreting	35
ferrets	35
ferric	50
ferried	35
ferries	35
ferromagnetic	60
ferromagnetism	60
ferrous	50
ferrule	50
ferrules	50
ferry	35
ferryboat	50
ferryboats	50
ferrying	35
ferryman	60
ferrymen	60
fertile	35
fertility	35
fertilization	35
fertilize	35
fertilized	35
fertilizer	35
fertilizers	35
fertilizes	35
fertilizing	35
ferule	60
ferules	60
fervency	50
fervent	35
fervently	35
fervid	50
fervidly	50
fervor	35
fess	60
fessed	60
fesses	60
fessing	60
fest	40
festal	50
fester	35
festered	35
festering	35
festers	35
festival	35
festivals	35
festive	35
festively	50
festiveness	60
festivities	35
festivity	35
festoon	35
festooned	35
festooning	35
festoons	35
fests	40
feta	50
fetal	35
fetch	35
fetched	35
fetcher	60
fetchers	60
fetches	35
fetching	35
fetchingly	50
fete	35
feted	35
fetes	35
fetid	35
fetidness	60
feting	35
fetish	35
fetishes	35
fetishism	50
fetishist	50
fetishistic	50
fetishists	50
fetishize	60
fetishized	60
fetishizes	60
fetishizing	60
fetlock	50
fetlocks	50
fetter	35
fettered	35
fettering	35
fetters	35
fettle	50
fettuccine	60
fetus	35
fetuses	35
feud	35
feudal	35
feudalism	35
feudalistic	50
feuded	35
feuding	35
feuds	35
fever	35
fevered	50
feverish	35
feverishly	35
feverishness	60
fevers	35
few	35
fewer	35
fewest	35
fewness	60
fey	50
fez	35
fezzes	35
fiance	35
fiancee	35
fiancees	35
fiances	35
fiasco	35
fiascoes	35
fiat	40
fiats	40
fib	35
fibbed	35
fibber	35
fibbers	35
fibbing	35
fiber	35
fiberboard	50
fiberfill	60
fiberglass	35
fibers	35
fibril	60
fibrillate	60
fibrillated	60
fibrillates	60
fibrillating	60
fibrillation	60
fibrils	60
fibrin	60
fibroid	50
fibromyalgia	60
fibrosis	60
fibrous	40
fibs	35
fibula	50
fibulae	50
fibular	60
fiche	35
fiches	50
fichu	60
fichus	60
fickle	35
fickleness	50
fickler	35
ficklest	35
fiction	35
fictional	35
fictionalization	60
fictionalizations	60
fictionalize	50
fictionalized	50
fictionalizes	50
fictionalizing	50
fictionally	60
fictions	35
fictitious	35
fictitiously	60
fictive	60
ficus	60
fiddle	35
fiddled	35
fiddler	35
fiddlers	35
fiddles	35
fiddlesticks	50
fiddlier	60
fiddliest	60
fiddling	35
fiddly	35
fidelity	35
fidget	35
fidgeted	35
fidgeting	35
fidgets	35
fidgety	35
fiduciaries	50
fiduciary	50
fie	50
fief	50
fiefdom	60
fiefdoms	60
fiefs	50
field	35
fielded	35
fielder	50
fielders	50
fielding	35
fields	35
fieldsman	60
fieldsmen	60
fieldwork	40
fieldworker	60
fieldworkers	60
fiend	35
fiendish	35
fiendishly	35
fiends	35
fierce	35
fiercely	35
fierceness	35
fiercer	35
fiercest	35
fierier	35
fieriest	35
fieriness	50
fiery	35
fiesta	35
fiestas	35
fife	50
fifer	60
fifers	60
fifes	50
fifteen	35
fifteens	35
fifteenth	35
fifteenths	35
fifth	35
fifthly	60
fifths	35
fifties	35
fiftieth	35
fiftieths	35
fifty	35
fig	35
fight	35
fightback	60
fighter	35
fighters	35
fighting	35
fights	35
figment	35
figments	35
figs	35
figuration	60
figurative	35
figuratively	35
figure	35
figured	35
figurehead	35
figureheads	35
figures	35
figurine	50
figurines	50
figuring	35
filament	35
filamentous	50
filaments	35
filbert	50
filberts	50
filch	35
filched	35
filches	35
filching	35
file	35
filed	35
filename	60
filenames	60
filer	60
filers	60
files	35
filet	50
filial	50
filibuster	40
filibustered	40
filibusterer	60
filibusterers	60
filibustering	40
filibusters	40
filigree	40
filigreed	40
filigreeing	40
filigrees	40
filing	35
filings	50
fill	35
filled	35
filler	35
fillers	35
fillet	35
filleted	35
filleting	35
fillets	35
fillies	35
filling	35
fillings	40
fillip	50
filliped	50
filliping	50
fillips	50
fills	35
filly	35
film	35
filmed	35
filmgoer	60
filmgoers	60
filmier	35
filmiest	35
filminess	60
filming	35
filmmaker	40
filmmakers	40
filmmaking	60
filmographies	60
filmography	60
films	35
filmstrip	50
filmstrips	50
filmy	35
filo	60
filter	35
filterable	50
filtered	35
filterer	60
filterers	60
filtering	35
filters	35
filth	35
filthier	35
filthiest	35
filthily	60
filthiness	50
filthy	35
filtrate	50
filtrated	50
filtrates	50
filtrating	50
filtration	50
fin	35
finagle	40
finagled	40
finagler	50
finaglers	50
finagles	40
finagling	40
final	35
finale	35
finales	35
finalist	35
finalists	35
finality	35
finalization	60
finalize	40
finalized	35
finalizes	40
finalizing	40
finally	35
finals	35
finance	35
financed	35
finances	35
financial	35
financially	35
financials	60
financier	35
financiers	35
financing	35
finch	35
finches	35
find	35
finder	40
finders	40
finding	35
findings	35
finds	35
fine	35
fined	35
finely	35
fineness	50
finer	35
finery	50
fines	35
finespun	60
finesse	35
finessed	35
finesses	35
finessing	35
finest	35
finger	35
fingerboard	50
fingerboards	50
fingered	35
fingering	35
fingerings	50
fingerless	60
fingerling	60
fingerlings	60
fingermark	60
fingermarks	60
fingernail	35
fingernails	35
fingerprint	35
fingerprinted	35
fingerprinting	35
fingerprints	35
fingers	35
fingertip	35
fingertips	35
finial	60
finials	60
finical	60
finickier	35
finickiest	35
finickiness	60
finicky	35
fining	35
finis	50
finises	50
finish	35
finished	35
finisher	50
finishers	50
finishes	35
finishing	35
finite	35
finitely	50
fink	50
finked	50
finking	50
finks	50
finned	60
finny	50
fins	35
fir	35
fire	35
firearm	35
firearms	35
fireball	50
fireballs	50
firebird	60
firebirds	60
firebomb	50
firebombed	50
firebombing	50
firebombings	60
firebombs	50
firebox	60
fireboxes	60
firebrand	40
firebrands	40
firebreak	50
firebreaks	50
firebrick	60
firebricks	60
firebug	50
firebugs	50
firecracker	35
firecrackers	35
fired	35
firedamp	60
firefight	60
firefighter	35
firefighters	35
firefighting	50
firefights	60
fireflies	35
firefly	35
fireguard	60
fireguards	60
firehouse	50
firehouses	50
firelight	60
firelighter	60
firelighters	60
fireman	35
firemen	35
firepit	60
fireplace	35
fireplaces	35
fireplug	50
fireplugs	50
firepower	50
fireproof	35
fireproofed	35
fireproofing	35
fireproofs	35
firer	60
firers	60
fires	35
firescreen	60
firescreens	60
fireside	35
firesides	35
firestorm	50
firestorms	50
firetrap	50
firetraps	50
firewall	40
firewalls	40
firewater	50
firewood	35
firework	35
fireworks	35
firing	35
firings	60
firm	35
firmament	50
firmaments	50
firmed	35
firmer	35
firmest	35
firming	35
firmly	35
firmness	35
firms	35
firmware	35
firs	35
first	35
firstborn	50
firstborns	50
firsthand	35
firstly	35
firsts	35
firth	50
firths	50
fiscal	35
fiscally	50
fiscals	35
fish	35
fishbowl	40
fishbowls	40
fishcake	60
fishcakes	60
fished	35
fisher	35
fisheries	35
fisherman	35
fishermen	35
fishers	50
fishery	35
fishes	35
fishhook	50
fishhooks	50
fishier	35
fishiest	35
fishily	60
fishiness	60
fishing	35
fishlike	60
fishmonger	60
fishmongers	60
fishnet	40
fishnets	40
fishpond	60
fishponds	60
fishtail	40
fishtailed	40
fishtailing	40
fishtails	40
fishwife	50
fishwives	50
fishy	35
fissile	60
fission	35
fissionable	60
fissure	35
fissures	35
fist	35
fistfight	60
fistfights	60
fistful	50
fistfuls	50
fisticuffs	50
fists	35
fistula	60
fistulas	60
fistulous	60
fit	35
fitful	35
fitfully	50
fitfulness	60
fitly	50
fitment	60
fitments	60
fitness	35
fits	35
fitted	35
fitter	35
fitters	50
fittest	35
fitting	35
fittingly	50
fittings	35
five	35
fiver	35
fivers	60
fives	35
fix	35
fixable	35
fixate	50
fixated	50
fixates	50
fixating	50
fixation	35
fixations	35
fixative	50
fixatives	50
fixed	35
fixedly	50
fixer	50
fixers	50
fixes	35
fixing	35
fixings	50
fixity	50
fixture	35
fixtures	35
fizz	35
fizzed	35
fizzes	35
fizzier	40
fizziest	40
fizzing	35
fizzle	35
fizzled	35
fizzles	35
fizzling	35
fizzy	35
fjord	40
fjords	40
flab	40
flabbergast	50
flabbergasted	40
flabbergasting	50
flabbergasts	50
flabbier	35
flabbiest	35
flabbily	60
flabbiness	50
flabby	35
flaccid	40
flaccidity	60
flaccidly	60
flack	50
flacks	50
flag	35
flagella	50
flagellant	60
flagellants	60
flagellate	50
flagellated	50
flagellates	50
flagellating	50
flagellation	50
flagellum	50
flagged	35
flagging	35
flagman	60
flagmen	60
flagon	50
flagons	50
flagpole	35
flagpoles	35
flagrance	60
flagrancy	60
flagrant	35
flagrantly	35
flags	35
flagship	35
flagships	35
flagstaff	50
flagstaffs	50
flagstone	35
flagstones	35
flail	35
flailed	35
flailing	35
flails	35
flair	35
flairs	35
flak	35
flake	35
flaked	35
flakes	35
flakier	35
flakiest	35
flakiness	50
flaking	35
flaky	35
flambe	50
flambeed	50
flamboyance	35
flamboyancy	60
flamboyant	35
flamboyantly	35
flame	35
flamed	35
flamenco	40
flamencos	40
flameproof	60
flameproofed	60
flameproofing	60
flameproofs	60
flames	35
flamethrower	50
flamethrowers	50
flaming	35
flamingo	35
flamingos	35
flamings	40
flammability	50
flammable	35
flammables	35
flan	50
flange	50
flanges	50
flank	35
flanked	35
flanker	60
flankers	60
flanking	35
flanks	35
flannel	35
flanneled	35
flannelette	50
flanneling	35
flannels	35
flans	60
flap	35
flapjack	35
flapjacks	35
flapped	35
flapper	50
flappers	50
flapping	35
flaps	35
flare	35
flared	35
flares	35
flaring	35
flash	35
flashback	35
flashbacks	35
flashbulb	50
flashbulbs	50
flashcard	60
flashcards	60
flashcube	60
flashcubes	60
flashed	35
flasher	40
flashers	40
flashes	35
flashgun	50
flashguns	50
flashier	35
flashiest	35
flashily	50
flashiness	50
flashing	35
flashlight	35
flashlights	35
flashy	35
flask	35
flasks	35
flat	35
flatbed	50
flatbeds	50
flatboat	50
flatboats	50
flatbread	60
flatbreads	60
flatcar	50
flatcars	50
flatfeet	50
flatfish	50
flatfishes	50
flatfoot	50
flatfooted	50
flatfoots	50
flatiron	50
flatirons	50
flatland	60
flatlet	60
flatlets	60
flatline	60
flatlined	60
flatlines	60
flatlining	60
flatly	35
flatmate	60
flatmates	60
flatness	35
flats	35
flatted	35
flatten	35
flattened	35
flattening	35
flattens	35
flatter	35
flattered	35
flatterer	35
flatterers	35
flattering	35
flatteringly	60
flatters	35
flattery	35
flattest	35
flatting	35
flattish	60
flattop	50
flattops	50
flatulence	40
flatulent	50
flatus	60
flatware	50
flatworm	60
flatworms	60
flaunt	35
flaunted	35
flaunting	35
flauntingly	60
flaunts	35
flavor	35
flavored	35
flavorful	50
flavoring	35
flavorings	35
flavorless	50
flavors	35
flavorsome	60
flaw	35
flawed	35
flawing	35
flawless	35
flawlessly	35
flawlessness	60
flaws	35
flax	50
flaxen	50
flaxseed	60
flaxseeds	60
flay	50
flayed	50
flaying	50
flays	50
flea	35
fleabag	60
fleabags	60
fleabite	60
fleabites	60
fleapit	60
fleapits	60
fleas	35
fleck	35
flecked	35
flecking	35
flecks	35
fled	35
fledged	35
fledgling	35
fledglings	35
flee	35
fleece	35
fleeced	35
fleecer	60
fleecers	60
fleeces	35
fleecier	35
fleeciest	35
fleeciness	60
fleecing	35
fleecy	35
fleeing	35
flees	35
fleet	35
fleeted	35
fleeter	35
fleetest	35
fleeting	35
fleetingly	50
fleetingness	60
fleetly	60
fleetness	50
fleets	35
flesh	35
fleshed	35
fleshes	35
fleshier	35
fleshiest	35
fleshing	35
fleshlier	50
fleshliest	50
fleshly	50
fleshpot	60
fleshpots	60
fleshy	35
flew	35
flex	35
flexed	35
flexes	35
flexibility	35
flexible	35
flexibly	35
flexing	35
flexion	60
flextime	40
flibbertigibbet	50
flibbertigibbets	50
flick	35
flicked	35
flicker	35
flickered	35
flickering	35
flickers	35
flicking	35
flicks	35
flied	35
flier	35
fliers	35
flies	35
fliest	35
flight	35
flightier	35
flightiest	35
flightiness	50
flightless	35
flights	35
flighty	35
flimflam	50
flimflammed	50
flimflamming	50
flimflams	50
flimsier	35
flimsiest	35
flimsily	50
flimsiness	35
flimsy	35
flinch	35
flinched	35
flinches	35
flinching	35
fling	35
flinging	35
flings	35
flint	35
flintier	50
flintiest	50
flintlock	50
flintlocks	50
flints	35
flinty	50
flip	35
flippancy	50
flippant	35
flippantly	50
flipped	35
flipper	35
flippers	35
flippest	35
flipping	35
flips	35
flirt	35
flirtation	35
flirtations	35
flirtatious	35
flirtatiously	50
flirtatiousness	60
flirted	35
flirting	35
flirts	35
flirty	60
flit	35
flits	35
flitted	35
flitting	35
float	35
floated	35
floater	50
floaters	50
floating	35
floats	35
flock	35
flocked	35
flocking	35
flocks	35
floe	50
floes	50
flog	35
flogged	35
flogger	60
floggers	60
flogging	35
floggings	40
flogs	35
flood	35
flooded	35
floodgate	40
floodgates	40
flooding	35
floodlight	35
floodlighted	35
floodlighting	35
floodlights	35
floodlit	35
floodplain	60
floodplains	60
floods	35
floodwater	60
floodwaters	60
floor	35
floorboard	50
floorboards	50
floored	35
flooring	35
floors	35
floorwalker	60
floorwalkers	60
floozies	40
floozy	40
flop	35
flophouse	40
flophouses	40
flopped	35
floppier	35
floppies	35
floppiest	35
floppily	60
floppiness	50
flopping	35
floppy	35
flops	35
flora	35
floral	35
florals	60
floras	35
florescence	60
florescent	60
floret	60
florets	60
florid	35
floridly	50
floridness	60
florin	50
florins	50
florist	35
florists	35
floss	35
flossed	35
flosses	35
flossier	60
flossiest	60
flossing	35
flossy	60
flotation	50
flotations	50
flotilla	35
flotillas	35
flotsam	50
flounce	35
flounced	35
flounces	35
flouncing	35
flouncy	60
flounder	35
floundered	35
floundering	35
flounders	35
flour	35
floured	35
flouring	35
flourish	35
flourished	35
flourishes	35
flourishing	35
flourless	60
flours	35
floury	50
flout	35
flouted	35
flouter	60
flouters	60
flouting	35
flouts	35
flow	35
flowchart	40
flowcharts	40
flowed	35
flower	35
flowerbed	40
flowerbeds	40
flowered	35
flowerier	35
floweriest	35
floweriness	50
flowering	35
flowerings	60
flowerless	60
flowerpot	40
flowerpots	40
flowers	35
flowery	35
flowing	35
flown	35
flows	35
flu	35
flub	40
flubbed	40
flubbing	40
flubs	40
fluctuate	35
fluctuated	35
fluctuates	35
fluctuating	35
fluctuation	35
fluctuations	35
flue	35
fluency	35
fluent	35
fluently	35
flues	35
fluff	35
fluffed	35
fluffier	35
fluffiest	35
fluffiness	50
fluffing	35
fluffs	35
fluffy	35
fluid	35
fluidity	40
fluidly	50
fluids	35
fluke	35
flukes	35
flukier	50
flukiest	50
fluky	50
flume	50
flumes	50
flummox	50
flummoxed	50
flummoxes	50
flummoxing	50
flung	35
flunk	35
flunked	35
flunkies	35
flunking	35
flunks	35
flunky	35
fluoresce	50
fluoresced	50
fluorescence	50
fluorescent	35
fluoresces	50
fluorescing	50
fluoridate	50
fluoridated	50
fluoridates	50
fluoridating	50
fluoridation	50
fluoride	40
fluorides	40
fluorine	50
fluorite	50
fluorocarbon	50
fluorocarbons	50
fluoroscope	50
fluoroscopes	50
fluoroscopic	60
fluoxetine	60
flurried	35
flurries	35
flurry	35
flurrying	35
flush	35
flushed	35
flusher	35
flushes	35
flushest	35
flushing	35
fluster	35
flustered	35
flustering	35
flusters	35
flute	35
fluted	35
flutes	35
fluting	35
flutist	35
flutists	35
flutter	35
fluttered	35
fluttering	35
flutters	35
fluttery	50
fluvial	60
flux	35
fluxed	35
fluxes	35
fluxing	35
fly	35
flyable	60
flyaway	60
flyblown	60
flyby	50
flybys	50
flycatcher	50
flycatchers	50
flying	35
flyleaf	50
flyleaves	50
flyover	60
flyovers	60
flypaper	50
flypapers	50
flypast	60
flypasts	60
flysheet	50
flysheets	60
flyspeck	50
flyspecked	50
flyspecking	50
flyspecks	50
flyswatter	40
flyswatters	40
flytrap	60
flytraps	60
flyway	60
flyways	60
flyweight	50
flyweights	50
flywheel	50
flywheels	50
foal	35
foaled	35
foaling	35
foals	35
foam	35
foamed	35
foamier	35
foamiest	35
foaminess	60
foaming	35
foams	35
foamy	35
fob	50
fobbed	50
fobbing	50
fobs	50
focaccia	60
focal	35
focally	60
focus	35
focused	35
focuses	35
focusing	35
fodder	35
fodders	35
foe	35
foes	35
fog	35
fogbound	40
fogged	35
foggier	35
foggiest	35
foggily	60
fogginess	50
fogging	35
foggy	35
foghorn	35
foghorns	35
fogies	35
fogs	35
fogy	35
fogyish	60
foible	35
foibles	35
foil	35
foiled	35
foiling	35
foils	35
foist	35
foisted	35
foisting	35
foists	35
folate	60
fold	35
foldable	60
foldaway	50
folded	35
folder	35
folders	35
folding	35
foldout	60
foldouts	60
folds	35
foliage	35
folic	60
folio	50
folios	50
folk	35
folklore	35
folkloric	60
folklorist	60
folklorists	60
folks	35
folksier	35
folksiest	35
folksiness	60
folksinger	50
folksingers	50
folksy	35
folktale	60
folktales	60
folkway	60
folkways	60
follicle	40
follicles	40
follies	35
follow	35
followed	35
follower	35
followers	35
following	35
followings	35
follows	35
folly	35
foment	35
fomentation	50
fomented	35
fomenting	35
foments	35
fond	35
fondant	50
fondants	50
fonder	35
fondest	35
fondle	35
fondled	35
fondles	35
fondling	35
fondly	35
fondness	35
fondue	50
fondues	50
font	35
fontanel	60
fontanels	60
fonts	35
food	35
foodborne	60
foodie	60
foodies	60
foods	35
foodstuff	35
foodstuffs	35
fool	35
fooled	35
fooleries	50
foolery	50
foolhardier	35
foolhardiest	35
foolhardily	60
foolhardiness	50
foolhardy	35
fooling	35
foolish	35
foolishly	35
foolishness	35
foolproof	35
fools	35
foolscap	50
foot	35
footage	35
football	35
footballer	50
footballers	50
footballing	60
footballs	35
footbridge	40
footbridges	40
footed	35
footer	60
footers	60
footfall	50
footfalls	50
foothill	35
foothills	35
foothold	35
footholds	35
footie	60
footing	35
footings	35
footless	60
footlights	35
footling	60
footlings	60
footlocker	40
footlockers	40
footloose	40
footman	50
footmen	50
footnote	35
footnoted	35
footnotes	35
footnoting	35
footpath	35
footpaths	35
footplate	60
footplates	60
footprint	35
footprints	35
footrace	60
footraces	60
footrest	50
footrests	50
foots	35
footsie	40
footsies	40
footslogging	60
footsore	50
footstep	35
footsteps	35
footstool	35
footstools	35
footwear	35
footwork	35
footy	60
fop	50
foppery	60
foppish	50
foppishness	60
fops	50
for	35
forage	35
foraged	35
forager	50
foragers	50
forages	35
foraging	35
foray	35
forayed	35
foraying	35
forays	35
forbade	35
forbear	35
forbearance	35
forbearing	35
forbears	35
forbid	35
forbidden	35
forbidding	35
forbiddingly	50
forbiddings	35
forbids	35
forbore	35
forborne	35
force	35
forced	35
forceful	35
forcefully	35
forcefulness	50
forceps	35
forces	35
forcible	35
forcibly	35
forcing	35
ford	35
fordable	60
forded	35
fording	35
fords	35
fore	35
forearm	35
forearmed	35
forearming	35
forearms	35
forebear	50
forebears	50
forebode	50
foreboded	50
forebodes	50
foreboding	35
forebodings	35
forecast	35
forecaster	50
forecasters	50
forecasting	35
forecastle	50
forecastles	50
forecasts	35
foreclose	40
foreclosed	40
forecloses	40
foreclosing	40
foreclosure	40
foreclosures	40
forecourt	60
forecourts	60
foredoom	60
foredoomed	60
foredooming	60
foredooms	60
forefather	35
forefathers	35
forefeet	50
forefinger	35
forefingers	35
forefoot	50
forefront	35
forefronts	35
forego	35
foregoes	50
foregoing	35
foregone	50
foreground	35
foregrounded	35
foregrounding	35
foregrounds	35
forehand	40
forehands	40
forehead	35
foreheads	35
foreign	35
foreigner	35
foreigners	35
foreignness	60
foreknew	60
foreknow	60
foreknowing	60
foreknowledge	50
foreknown	60
foreknows	60
foreleg	35
forelegs	35
forelimb	60
forelimbs	60
forelock	50
forelocks	50
foreman	35
foremast	50
foremasts	50
foremen	35
foremost	35
forename	50
forenamed	60
forenames	50
forenoon	50
forenoons	50
forensic	35
forensically	60
forensics	35
foreordain	50
foreordained	50
foreordaining	50
foreordains	50
forepart	60
foreparts	60
foreperson	60
forepersons	60
foreplay	35
forequarter	60
forequarters	60
forerunner	35
forerunners	35
fores	35
foresail	50
foresails	50
foresaw	35
foresee	35
foreseeable	35
foreseeing	35
foreseen	35
foreseer	60
foreseers	60
foresees	35
foreshadow	35
foreshadowed	35
foreshadowing	35
foreshadows	35
foreshore	60
foreshores	60
foreshorten	50
foreshortened	50
foreshortening	50
foreshortens	50
foresight	35
foresighted	60
foresightedness	60
foreskin	35
foreskins	35
forest	35
forestall	35
forestalled	35
forestalling	35
forestalls	35
forestation	50
forested	35
forester	50
foresters	50
foresting	35
forestland	60
forestry	35
forests	35
foretaste	35
foretasted	35
foretastes	35
foretasting	35
foretell	35
foretelling	35
foretells	35
forethought	35
foretold	35
forever	35
forevermore	50
forewarn	35
forewarned	35
forewarning	35
forewarns	35
forewent	50
forewoman	50
forewomen	50
foreword	35
forewords	35
forfeit	35
forfeited	35
forfeiting	35
forfeits	35
forfeiture	50
forfeitures	50
forgather	50
forgathered	50
forgathering	50
forgathers	50
forgave	35
forge	35
forged	35
forger	35
forgeries	35
forgers	35
forgery	35
forges	35
forget	35
forgetful	35
forgetfully	50
forgetfulness	35
forgets	35
forgettable	50
forgetting	35
forging	35
forgings	60
forgivable	40
forgive	35
forgiven	35
forgiveness	35
forgiver	60
forgivers	60
forgives	35
forgiving	35
forgo	35
forgoer	60
forgoers	60
forgoes	35
forgoing	35
forgone	35
forgot	35
forgotten	35
fork	35
forked	35
forkful	60
forkfuls	60
forking	35
forklift	40
forklifts	40
forks	35
forlorn	35
forlornly	50
form	35
formal	35
formaldehyde	40
formalin	60
formalism	50
formalisms	50
formalist	60
formalists	60
formalities	35
formality	35
formalization	50
formalize	40
formalized	40
formalizes	40
formalizing	40
formally	35
formals	35
format	35
formation	35
formations	35
formative	35
formats	35
formatted	35
formatting	35
formed	35
former	35
formerly	35
formfitting	60
formic	60
formidable	35
formidably	40
forming	35
formless	35
formlessly	50
formlessness	50
forms	35
formula	35
formulaic	50
formulas	35
formulate	35
formulated	35
formulates	35
formulating	35
formulation	35
formulations	35
formulator	60
formulators	60
fornicate	40
fornicated	40
fornicates	40
fornicating	40
fornication	35
fornicator	60
fornicators	60
forsake	35
forsaken	35
forsakes	35
forsaking	35
forsook	35
forsooth	50
forswear	35
forswearing	35
forswears	35
forswore	35
forsworn	35
forsythia	50
forsythias	50
fort	35
forte	35
fortes	35
forth	35
forthcoming	35
forthright	35
forthrightly	50
forthrightness	50
forthwith	35
forties	35
fortieth	35
fortieths	35
fortification	35
fortifications	35
fortified	35
fortifier	60
fortifiers	60
fortifies	35
fortify	35
fortifying	35
fortissimo	50
fortitude	35
fortnight	35
fortnightly	35
fortnights	50
fortress	35
fortresses	35
forts	35
fortuitous	35
fortuitously	50
fortuitousness	60
fortuity	60
fortunate	35
fortunately	35
fortune	35
fortunes	35
forty	35
fortysomething	60
forum	35
forums	35
forward	35
forwarded	35
forwarder	35
forwarders	60
forwardest	35
forwarding	35
forwardly	60
forwardness	50
forwards	35
forwent	35
fossa	60
fossas	60
fossil	35
fossilization	50
fossilize	35
fossilized	35
fossilizes	35
fossilizing	35
fossils	35
foster	35
fostered	35
fostering	35
fosters	35
fought	35
foul	35
foulard	60
fouled	35
fouler	35
foulest	35
fouling	35
foully	50
foulmouthed	60
foulness	50
fouls	35
found	35
foundation	35
foundational	60
foundations	35
founded	35
founder	35
foundered	35
foundering	35
founders	35
founding	35
foundling	35
foundlings	35
foundries	35
foundry	35
founds	35
fount	35
fountain	35
fountainhead	50
fountainheads	50
fountains	35
founts	35
four	35
fourfold	50
fours	35
fourscore	50
foursome	50
foursomes	50
foursquare	50
fourteen	35
fourteens	35
fourteenth	35
fourteenths	35
fourth	35
fourthly	40
fourths	35
fowl	35
fowled	35
fowling	35
fowls	35
fox	35
foxed	35
foxes	35
foxfire	60
foxglove	50
foxgloves	50
foxhole	40
foxholes	40
foxhound	50
foxhounds	50
foxhunt	60
foxhunting	60
foxhunts	60
foxier	35
foxiest	35
foxily	60
foxiness	60
foxing	35
foxtrot	40
foxtrots	40
foxtrotted	40
foxtrotting	40
foxy	35
foyer	35
foyers	35
fracas	35
fracases	35
frack	50
fracked	50
fracking	50
fracks	50
fractal	35
fractals	50
fraction	35
fractional	35
fractionally	40
fractions	35
fractious	40
fractiously	50
fractiousness	60
fracture	35
fractured	35
fractures	35
fracturing	35
fragile	35
fragility	35
fragment	35
fragmentary	35
fragmentation	35
fragmented	35
fragmenting	35
fragments	35
fragrance	35
fragrances	35
fragrant	35
fragrantly	50
frail	35
frailer	35
frailest	35
frailly	60
frailness	60
frailties	35
frailty	35
frame	35
framed	35
frameless	60
framer	50
framers	50
frames	35
framework	35
frameworks	35
framing	35
franc	35
franchise	35
franchised	35
franchisee	50
franchisees	50
franchiser	50
franchisers	50
franchises	35
franchising	35
francium	60
francophone	60
francs	35
frangibility	60
frangible	60
frank	35
franked	35
franker	35
frankest	35
frankfurter	35
frankfurters	35
frankincense	50
franking	35
frankly	35
frankness	40
franks	35
frantic	35
frantically	35
frappe	50
frat	40
fraternal	35
fraternally	50
fraternities	35
fraternity	35
fraternization	50
fraternize	35
fraternized	35
fraternizer	60
fraternizers	60
fraternizes	35
fraternizing	35
fratricidal	60
fratricide	50
fratricides	50
frats	40
fraud	35
frauds	35
fraudster	60
fraudsters	60
fraudulence	50
fraudulent	35
fraudulently	35
fraught	35
fray	35
frayed	35
fraying	35
frays	35
frazzle	50
frazzled	50
frazzles	50
frazzling	50
freak	35
freaked	35
freakier	50
freakiest	50
freaking	35
freakish	50
freakishly	60
freakishness	60
freaks	35
freaky	50
freckle	35
freckled	35
freckles	35
freckling	35
freckly	60
free	35
freebase	50
freebased	50
freebases	50
freebasing	50
freebie	40
freebies	40
freebooter	50
freebooters	50
freeborn	60
freed	35
freedman	50
freedmen	50
freedom	35
freedoms	35
freehand	35
freehold	50
freeholder	50
freeholders	50
freeholds	50
freeing	35
freelance	35
freelanced	40
freelancer	40
freelancers	40
freelances	40
freelancing	40
freeload	40
freeloaded	40
freeloader	40
freeloaders	40
freeloading	40
freeloads	40
freely	35
freeman	50
freemasonry	60
freemen	50
freephone	60
freer	35
frees	35
freesia	60
freesias	60
freest	35
freestanding	50
freestone	60
freestones	60
freestyle	50
freestyles	50
freethinker	40
freethinkers	40
freethinking	40
freeware	60
freeway	35
freeways	35
freewheel	60
freewheeled	60
freewheeling	40
freewheels	60
freewill	50
freezable	60
freeze	35
freezer	35
freezers	35
freezes	35
freezing	35
freight	35
freighted	35
freighter	35
freighters	35
freighting	35
freights	35
frenemies	60
frenemy	60
frenetic	40
frenetically	50
frenzied	35
frenziedly	50
frenzies	35
frenzy	35
frequencies	35
frequency	35
frequent	35
frequented	35
frequenter	35
frequenters	60
frequentest	35
frequenting	35
frequently	35
frequents	35
fresco	50
frescoes	50
fresh	35
freshen	35
freshened	35
freshener	60
fresheners	60
freshening	35
freshens	35
fresher	35
freshers	60
freshest	35
freshet	50
freshets	50
freshly	35
freshman	35
freshmen	35
freshness	35
freshwater	35
fret	35
fretful	35
fretfully	35
fretfulness	50
frets	35
fretsaw	60
fretsaws	60
fretted	35
fretting	35
fretwork	50
friable	50
friar	35
friaries	60
friars	35
friary	60
fricassee	50
fricasseed	50
fricasseeing	50
fricassees	50
fricative	60
fricatives	60
friction	35
frictional	60
frictionless	60
frictions	35
fridge	40
fridges	40
fried	35
friedcake	60
friedcakes	60
friend	35
friended	35
friending	35
friendless	40
friendlier	35
friendlies	35
friendliest	35
friendliness	35
friendly	35
friends	35
friendship	35
friendships	35
fries	35
frieze	35
friezes	35
frig	60
frigate	35
frigates	35
frigged	60
frigging	60
fright	35
frighted	35
frighten	35
frightened	35
frightening	35
frighteningly	35
frightens	35
frightful	35
frightfully	35
frightfulness	60
frighting	35
frights	35
frigid	35
frigidity	35
frigidly	50
frigidness	60
frigs	60
frill	35
frilled	60
frillier	35
frilliest	35
frills	35
frilly	35
fringe	35
fringed	35
fringes	35
fringing	35
fripperies	50
frippery	50
frisk	35
frisked	35
friskier	35
friskiest	35
friskily	50
friskiness	50
frisking	35
frisks	35
frisky	35
frisson	60
frissons	60
frittata	60
frittatas	60
fritter	35
frittered	35
frittering	35
fritters	35
fritz	60
frivolities	35
frivolity	35
frivolous	35
frivolously	40
frivolousness	60
frizz	40
frizzed	40
frizzes	40
frizzier	35
frizziest	35
frizzing	40
frizzle	50
frizzled	50
frizzles	50
frizzling	50
frizzly	60
frizzy	35
fro	35
frock	35
frocks	35
frog	35
frogman	50
frogmarch	60
frogmarched	60
frogmarches	60
frogmarching	60
frogmen	50
frogs	35
frogspawn	60
frolic	35
frolicked	35
frolicker	60
frolickers	60
frolicking	35
frolics	35
frolicsome	50
from	35
frond	35
fronds	35
front	35
frontage	35
frontages	35
frontal	35
frontally	50
frontbench	60
frontbencher	60
frontbenchers	60
frontbenches	60
fronted	35
frontier	35
frontiers	35
frontiersman	50
frontiersmen	50
frontierswoman	60
frontierswomen	60
fronting	35
frontispiece	50
frontispieces	50
frontline	60
frontman	40
fronts	35
frontward	60
frontwards	60
frosh	60
frost	35
frostbit	35
frostbite	35
frostbites	35
frostbiting	35
frostbitten	35
frosted	35
frostier	35
frostiest	35
frostily	50
frostiness	50
frosting	35
frostings	35
frosts	35
frosty	35
froth	35
frothed	35
frothier	35
frothiest	35
frothiness	60
frothing	35
froths	35
frothy	35
froufrou	60
frown	35
frowned	35
frowning	35
frowns	35
frowzier	50
frowziest	50
frowzily	60
frowziness	60
frowzy	50
froze	35
frozen	35
fructified	50
fructifies	50
fructify	50
fructifying	50
fructose	50
frugal	35
frugality	35
frugally	35
fruit	35
fruitcake	40
fruitcakes	40
fruited	35
fruiterer	60
fruiterers	60
fruitful	35
fruitfully	50
fruitfulness	50
fruitier	35
fruitiest	35
fruitiness	60
fruiting	35
fruition	35
fruitless	35
fruitlessly	35
fruitlessness	50
fruits	35
fruity	35
frump	50
frumpier	40
frumpiest	40
frumpish	60
frumps	50
frumpy	40
frustrate	35
frustrated	35
frustrates	35
frustrating	35
frustratingly	60
frustration	35
frustrations	35
frustum	60
frustums	60
fry	35
fryer	50
fryers	50
frying	35
fuchsia	50
fuchsias	50
fuck	40
fucked	40
fucker	40
fuckers	40
fuckhead	60
fuckheads	60
fucking	40
fucks	40
fuddle	50
fuddled	50
fuddles	50
fuddling	50
fudge	35
fudged	35
fudges	35
fudging	35
fuehrer	60
fuehrers	60
fuel	35
fueled	35
fueling	35
fuels	35
fug	60
fugal	60
fuggy	60
fugitive	35
fugitives	35
fugue	50
fugues	50
fuhrer	60
fuhrers	60
fulcrum	35
fulcrums	35
fulfill	35
fulfilled	35
fulfilling	35
fulfillment	35
fulfills	35
full	35
fullback	50
fullbacks	50
fulled	35
fuller	35
fullers	60
fullest	35
fulling	35
fullness	35
fulls	35
fully	35
fulminate	50
fulminated	50
fulminates	50
fulminating	50
fulmination	50
fulminations	50
fulsome	50
fulsomely	60
fulsomeness	60
fumble	35
fumbled	35
fumbler	50
fumblers	50
fumbles	35
fumbling	35
fumblingly	60
fume	35
fumed	35
fumes	35
fumier	60
fumiest	60
fumigant	60
fumigants	60
fumigate	35
fumigated	35
fumigates	35
fumigating	35
fumigation	35
fumigator	50
fumigators	50
fuming	35
fumy	60
fun	35
function	35
functional	35
functionalism	60
functionalist	60
functionalists	60
functionalities	60
functionality	35
functionally	35
functionaries	50
functionary	50
functioned	35
functioning	35
functions	35
functor	60
fund	35
fundamental	35
fundamentalism	35
fundamentalist	35
fundamentalists	35
fundamentally	35
fundamentals	35
funded	35
funder	60
funders	60
funding	35
fundraiser	60
fundraisers	60
fundraising	40
funds	35
funeral	35
funerals	35
funerary	60
funereal	50
funereally	50
funfair	60
funfairs	60
fungal	40
fungi	35
fungible	60
fungibles	60
fungicidal	50
fungicide	35
fungicides	35
fungoid	60
fungous	50
fungus	35
funicular	50
funiculars	50
funk	40
funked	40
funkier	40
funkiest	40
funkiness	60
funking	40
funks	40
funky	40
funnel	35
funneled	35
funneling	35
funnels	35
funner	35
funnest	35
funnier	35
funnies	35
funniest	35
funnily	35
funniness	50
funny	35
funnyman	60
funnymen	60
fur	35
furbelow	50
furbish	50
furbished	50
furbishes	50
furbishing	50
furies	35
furious	35
furiously	35
furl	35
furled	35
furling	35
furlong	35
furlongs	35
furlough	35
furloughed	35
furloughing	35
furloughs	35
furls	35
furnace	35
furnaces	35
furnish	35
furnished	35
furnishes	35
furnishing	35
furnishings	35
furniture	35
furor	35
furors	35
furosemide	60
furred	35
furrier	35
furriers	50
furriest	35
furriness	60
furring	35
furrow	35
furrowed	35
furrowing	35
furrows	35
furry	35
furs	35
further	35
furtherance	50
furthered	35
furthering	35
furthermore	35
furthermost	50
furthers	35
furtive	35
furtively	35
furtiveness	35
fury	35
furze	50
fuse	35
fused	35
fusee	60
fusees	60
fuselage	35
fuselages	35
fuses	35
fusibility	60
fusible	50
fusilier	60
fusiliers	60
fusillade	50
fusillades	50
fusilli	60
fusing	35
fusion	35
fusions	35
fuss	35
fussbudget	50
fussbudgets	50
fussed	35
fusses	35
fussier	35
fussiest	35
fussily	50
fussiness	50
fussing	35
fusspot	60
fusspots	60
fussy	35
fustian	50
fustier	50
fustiest	50
fustiness	60
fusty	50
futile	35
futilely	40
futility	35
futon	50
futons	50
future	35
futures	35
futurism	60
futurist	60
futuristic	35
futurists	60
futurities	50
futurity	50
futurologist	60
futurologists	60
futurology	60
futz	50
futzed	50
futzes	50
futzing	50
fuzz	35
fuzzed	35
fuzzes	35
fuzzier	35
fuzziest	35
fuzzily	50
fuzziness	50
fuzzing	35
fuzzy	35
gab	35
gabardine	50
gabardines	50
gabbed	35
gabbier	40
gabbiest	40
gabbiness	60
gabbing	35
gabble	50
gabbled	50
gabbles	50
gabbling	50
gabby	40
gaberdine	50
gaberdines	50
gabfest	60
gabfests	60
gable	35
gabled	50
gables	35
gabs	35
gad	50
gadabout	50
gadabouts	50
gadded	50
gadder	60
gadders	60
gadding	50
gadflies	50
gadfly	50
gadget	35
gadgetry	50
gadgets	35
gadolinium	60
gads	50
gaff	50
gaffe	40
gaffed	50
gaffer	60
gaffers	60
gaffes	40
gaffing	50
gaffs	50
gag	35
gaga	60
gagged	35
gagging	35
gaggle	40
gaggles	40
gags	35
gaiety	35
gaily	35
gain	35
gained	35
gainer	60
gainers	60
gainful	35
gainfully	50
gaining	35
gains	35
gainsaid	50
gainsay	50
gainsayer	60
gainsayers	60
gainsaying	50
gainsays	50
gait	35
gaiter	50
gaiters	50
gaits	35
gal	35
gala	35
galactic	35
galas	35
galaxies	35
galaxy	35
gale	35
galena	50
gales	35
gall	35
gallant	35
gallantly	40
gallantry	35
gallants	35
gallbladder	40
gallbladders	40
galled	35
galleon	50
galleons	50
galleria	60
gallerias	60
galleries	35
gallery	35
galley	35
galleys	35
gallimaufries	60
gallimaufry	60
galling	35
gallium	50
gallivant	35
gallivanted	35
gallivanting	35
gallivants	35
gallon	35
gallons	35
gallop	35
galloped	35
galloping	35
gallops	35
gallows	35
galls	35
gallstone	50
gallstones	50
galoot	60
galoots	60
galore	35
galosh	50
galoshes	40
gals	35
galumph	60
galumphed	60
galumphing	60
galumphs	60
galvanic	50
galvanism	60
galvanization	60
galvanize	35
galvanized	35
galvanizes	35
galvanizing	35
galvanometer	50
galvanometers	50
gambit	35
gambits	35
gamble	35
gambled	35
gambler	35
gamblers	35
gambles	35
gambling	35
gambol	50
gamboled	50
gamboling	50
gambols	50
game	35
gamecock	50
gamecocks	50
gamed	35
gamekeeper	50
gamekeepers	50
gamely	50
gameness	50
gameplay	60
gamer	35
games	35
gamesmanship	50
gamest	35
gamester	60
gamesters	60
gamete	50
gametes	50
gametic	60
gamier	50
gamiest	50
gamin	50
gamine	50
gamines	50
gaminess	60
gaming	35
gamins	50
gamma	35
gammas	50
gammon	60
gammy	60
gamut	35
gamuts	35
gamy	50
ganache	60
ganaches	60
gander	35
ganders	35
gang	35
gangbanger	60
gangbangers	60
gangbusters	60
ganged	35
ganging	35
gangland	40
ganglia	50
gangling	35
ganglion	50
ganglionic	60
gangly	60
gangplank	35
gangplanks	35
gangrene	35
gangrened	35
gangrenes	35
gangrening	35
gangrenous	50
gangs	35
gangsta	60
gangstas	60
gangster	35
gangsters	35
gangway	35
gangways	35
ganja	60
gannet	50
gannets	50
gantlet	50
gantlets	50
gantries	50
gantry	50
gap	35
gape	35
gaped	35
gapes	35
gaping	35
gaps	35
gar	60
garage	35
garaged	35
garages	35
garaging	35
garb	35
garbage	35
garbageman	40
garbanzo	50
garbanzos	50
garbed	35
garbing	35
garble	50
garbled	40
garbles	50
garbling	50
garbs	35
garcon	60
garcons	60
garden	35
gardened	35
gardener	35
gardeners	35
gardenia	35
gardenias	35
gardening	35
gardens	35
garfish	60
garfishes	60
gargantuan	40
gargle	35
gargled	35
gargles	35
gargling	35
gargoyle	35
gargoyles	35
garish	35
garishly	50
garishness	50
garland	35
garlanded	35
garlanding	35
garlands	35
garlic	35
garlicky	50
garment	35
garments	35
garner	50
garnered	50
garnering	50
garners	50
garnet	35
garnets	35
garnish	35
garnished	35
garnishee	50
garnisheed	50
garnisheeing	50
garnishees	50
garnishes	35
garnishing	35
garnishment	60
garnishments	60
garret	35
garrets	35
garrison	35
garrisoned	35
garrisoning	35
garrisons	35
garrote	50
garroted	50
garroter	60
garroters	60
garrotes	50
garroting	50
garrulity	50
garrulous	35
garrulously	50
garrulousness	50
gars	60
garter	35
garters	35
gas	35
gasbag	60
gasbags	60
gaseous	35
gases	35
gash	35
gashed	35
gashes	35
gashing	35
gasholder	60
gasholders	60
gasket	35
gaskets	35
gaslight	50
gaslighted	50
gaslighting	50
gaslights	50
gaslit	50
gasman	60
gasmen	60
gasohol	50
gasoline	35
gasometer	60
gasometers	60
gasp	35
gasped	35
gasping	35
gasps	35
gassed	35
gassier	40
gassiest	40
gassing	35
gassy	40
gastric	35
gastritis	50
gastroenteritis	60
gastroenterologist	60
gastroenterologists	60
gastrointestinal	50
gastronome	60
gastronomes	60
gastronomic	40
gastronomical	50
gastronomically	60
gastronomy	50
gastropod	60
gastropods	60
gasworks	40
gate	35
gateau	60
gateaux	60
gatecrash	60
gatecrashed	60
gatecrasher	40
gatecrashers	40
gatecrashes	60
gatecrashing	60
gated	35
gatehouse	60
gatehouses	60
gatekeeper	60
gatekeepers	60
gatekeeping	60
gatepost	50
gateposts	50
gates	35
gateway	35
gateways	35
gather	35
gathered	35
gatherer	50
gatherers	50
gathering	35
gatherings	35
gathers	35
gating	35
gator	60
gators	60
gauche	40
gauchely	60
gaucheness	60
gaucher	40
gaucherie	60
gauchest	40
gaucho	50
gauchos	50
gaudier	35
gaudiest	35
gaudily	50
gaudiness	50
gaudy	35
gauge	35
gauged	35
gauges	35
gauging	35
gaunt	35
gaunter	35
gauntest	35
gauntlet	35
gauntlets	35
gauntness	50
gauze	35
gauzier	50
gauziest	50
gauziness	60
gauzy	50
gave	35
gavel	35
gavels	35
gavotte	50
gavottes	50
gawd	60
gawk	35
gawked	35
gawker	60
gawkers	60
gawkier	35
gawkiest	35
gawkily	50
gawkiness	50
gawking	35
gawks	35
gawky	35
gawp	60
gawped	60
gawping	60
gawps	60
gay	35
gayer	35
gayest	35
gayness	50
gays	35
gaze	35
gazebo	40
gazebos	40
gazed	35
gazelle	35
gazelles	35
gazer	50
gazers	50
gazes	35
gazette	35
gazetted	35
gazetteer	50
gazetteers	50
gazettes	35
gazetting	35
gazillion	50
gazillions	50
gazing	35
gazpacho	50
gazump	60
gazumped	60
gazumping	60
gazumps	60
gear	35
gearbox	60
gearboxes	50
geared	35
gearhead	60
gearheads	60
gearing	35
gears	35
gearshift	40
gearshifts	40
gearwheel	50
gearwheels	50
gecko	50
geckos	50
geddit	60
gee	35
geed	35
geeing	35
geek	40
geekier	40
geekiest	40
geeks	40
geeky	40
gees	35
geese	35
geezer	40
geezers	40
geisha	40
geishas	40
gel	35
gelatin	35
gelatinous	50
gelato	60
gelcap	60
gelcaps	60
geld	50
gelded	50
gelding	35
geldings	35
gelds	50
gelid	50
gelignite	60
gelled	40
gelling	40
gels	40
gem	35
gemological	60
gemologist	60
gemologists	60
gemology	60
gems	35
gemstone	50
gemstones	50
gen	60
gendarme	50
gendarmes	50
gender	35
gendered	60
genderless	60
genders	35
gene	35
genealogical	35
genealogically	60
genealogies	35
genealogist	40
genealogists	40
genealogy	35
genera	35
general	35
generalissimo	50
generalissimos	50
generalist	60
generalists	60
generalities	50
generality	35
generalizability	60
generalizable	60
generalization	35
generalizations	35
generalize	35
generalized	35
generalizes	35
generalizing	35
generally	35
generals	35
generalship	60
generate	35
generated	35
generates	35
generating	35
generation	35
generational	60
generations	35
generative	50
generator	35
generators	35
generic	35
generically	40
generics	35
generosities	35
generosity	35
generous	35
generously	35
generousness	60
genes	35
geneses	35
genesis	35
genetic	35
genetically	35
geneticist	35
geneticists	35
genetics	35
genial	35
geniality	50
genially	35
geniculate	60
genie	35
genies	35
genii	35
genital	35
genitalia	40
genitally	60
genitals	35
genitive	50
genitives	50
genitourinary	60
genius	35
geniuses	35
genned	60
genning	60
genocidal	60
genocide	35
genocides	35
genome	60
genomes	60
genomics	60
genotype	60
genotypes	60
genre	35
genres	35
gens	60
gent	35
genteel	40
genteelly	60
genteelness	60
gentian	50
gentians	50
gentile	35
gentiles	35
gentility	35
gentle	35
gentled	35
gentlefolk	50
gentlefolks	60
gentleman	35
gentlemanly	50
gentlemen	35
gentleness	35
gentler	35
gentles	35
gentlest	35
gentlewoman	50
gentlewomen	50
gentling	35
gently	35
gentries	35
gentrification	40
gentrified	50
gentrifies	50
gentrify	50
gentrifying	50
gentry	35
gents	35
genuflect	40
genuflected	40
genuflecting	40
genuflection	50
genuflections	50
genuflects	40
genuine	35
genuinely	35
genuineness	35
genus	35
geocache	50
geocached	50
geocaches	50
geocaching	50
geocentric	50
geocentrically	60
geochemistry	60
geode	50
geodes	50
geodesic	50
geodesics	50
geodesy	60
geodetic	60
geoengineering	50
geographer	40
geographers	40
geographic	35
geographical	35
geographically	35
geographies	35
geography	35
geologic	40
geological	35
geologically	50
geologies	35
geologist	35
geologists	35
geology	35
geomagnetic	60
geomagnetism	60
geometer	50
geometric	35
geometrical	50
geometrically	40
geometries	35
geometry	35
geophysical	50
geophysicist	60
geophysicists	60
geophysics	50
geopolitical	50
geopolitics	50
geostationary	50
geosynchronous	60
geosyncline	60
geosynclines	60
geothermal	50
geothermic	60
geranium	35
geraniums	35
gerbil	35
gerbils	35
geriatric	40
geriatrician	60
geriatricians	60
geriatrics	40
germ	35
germane	50
germanium	50
germicidal	50
germicide	35
germicides	35
germinal	50
germinate	35
germinated	35
germinates	35
germinating	35
germination	35
germs	35
gerontological	60
gerontologist	50
gerontologists	50
gerontology	50
gerrymander	40
gerrymandered	40
gerrymandering	40
gerrymanders	40
gerund	40
gerunds	40
gesso	60
gestalt	60
gestalts	60
gestapo	60
gestapos	60
gestate	50
gestated	50
gestates	50
gestating	50
gestation	35
gestational	60
gesticulate	35
gesticulated	35
gesticulates	35
gesticulating	35
gesticulation	50
gesticulations	50
gestural	60
gesture	35
gestured	35
gestures	35
gesturing	35
gesundheit	60
get	35
getaway	35
getaways	35
gets	35
getting	35
getup	40
getups	50
gewgaw	50
gewgaws	50
geyser	35
geysered	35
geysering	35
geysers	35
ghastlier	35
ghastliest	35
ghastliness	50
ghastly	35
ghat	60
ghats	60
ghee	60
gherkin	50
gherkins	50
ghetto	35
ghettoize	60
ghettoized	60
ghettoizes	60
ghettoizing	60
ghettos	35
ghost	35
ghosted	35
ghosting	35
ghostlier	35
ghostliest	35
ghostlike	60
ghostliness	50
ghostly	35
ghosts	35
ghostwrite	50
ghostwriter	40
ghostwriters	40
ghostwrites	50
ghostwriting	50
ghostwritten	50
ghostwrote	50
ghoul	35
ghoulish	40
ghoulishly	60
ghoulishness	60
ghouls	35
giant	35
giantess	50
giantesses	50
giants	35
gibber	35
gibbered	50
gibbering	35
gibberish	35
gibbers	50
gibbet	50
gibbeted	50
gibbeting	50
gibbets	50
gibbon	50
gibbons	50
gibbous	60
gibe	35
gibed	35
gibes	35
gibing	35
giblet	60
giblets	40
giddier	35
giddiest	35
giddily	50
giddiness	35
giddy	35
gift	35
gifted	35
giftedness	60
gifting	35
gifts	35
gig	35
gigabit	50
gigabits	50
gigabyte	40
gigabytes	40
gigagram	60
gigagrams	60
gigahertz	50
gigajoule	60
gigajoules	60
gigameter	60
gigameters	60
gigantic	35
gigantically	60
gigapascal	60
gigapascals	60
gigapixel	50
gigapixels	50
gigawatt	60
gigawatts	60
gigged	35
gigging	35
giggle	35
giggled	35
giggler	50
gigglers	50
giggles	35
gigglier	50
giggliest	50
giggling	35
giggly	50
gigolo	50
gigolos	50
gigs	35
gild	35
gilded	35
gilder	60
gilders	60
gilding	35
gilds	35
gill	35
gillie	60
gillies	60
gills	35
gilt	35
gilts	35
gimbals	60
gimcrack	50
gimcrackery	60
gimcracks	50
gimlet	50
gimleted	50
gimleting	50
gimlets	50
gimme	35
gimmes	60
gimmick	35
gimmickry	50
gimmicks	35
gimmicky	40
gimp	60
gimped	60
gimping	60
gimps	60
gimpy	50
gin	35
ginger	35
gingerbread	35
gingered	60
gingering	60
gingerly	35
gingers	35
gingersnap	50
gingersnaps	50
gingery	60
gingham	35
gingivitis	50
ginkgo	50
ginkgoes	50
ginned	35
ginning	35
ginormous	60
gins	35
ginseng	50
giraffe	35
giraffes	35
gird	50
girded	50
girder	35
girders	35
girding	50
girdle	35
girdled	35
girdles	35
girdling	35
girds	50
girl	35
girlfriend	35
girlfriends	35
girlhood	35
girlhoods	35
girlish	35
girlishly	50
girlishness	60
girls	35
girly	60
giro	60
giros	60
girt	50
girted	50
girth	35
girths	35
girting	50
girts	50
gist	35
git	60
gite	60
gites	60
gits	60
give	35
giveaway	40
giveaways	40
giveback	60
givebacks	60
given	35
givens	35
giver	60
givers	60
gives	35
giving	35
gizmo	40
gizmos	40
gizzard	35
gizzards	35
glace	60
glaceed	60
glaceing	60
glaces	60
glacial	35
glacially	50
glaciate	60
glaciated	60
glaciates	60
glaciating	60
glaciation	60
glaciations	60
glacier	35
glaciers	35
glad	35
gladden	35
gladdened	35
gladdening	35
gladdens	35
gladder	35
gladdest	35
glade	35
glades	35
gladiator	35
gladiatorial	50
gladiators	35
gladiola	50
gladiolas	50
gladioli	50
gladiolus	50
gladly	35
gladness	50
glads	35
gladsome	60
glam	60
glamorization	60
glamorize	35
glamorized	35
glamorizes	35
glamorizing	35
glamorous	35
glamorously	40
glamour	35
glamours	35
glance	35
glanced	35
glances	35
glancing	35
gland	35
glandes	60
glands	35
glandular	35
glans	60
glare	35
glared	35
glares	35
glaring	35
glaringly	50
glasnost	60
glass	35
glassblower	60
glassblowers	60
glassblowing	60
glassed	35
glasses	35
glassful	50
glassfuls	50
glasshouse	60
glasshouses	60
glassier	35
glassiest	35
glassily	60
glassiness	60
glassing	35
glassware	35
glassy	35
glaucoma	50
glaze	35
glazed	35
glazes	35
glazier	50
glaziers	50
glazing	35
gleam	35
gleamed	35
gleaming	35
gleamings	40
gleams	35
glean	35
gleaned	35
gleaner	60
gleaners	60
gleaning	35
gleanings	60
gleans	35
glee	35
gleeful	40
gleefully	40
gleefulness	60
glen	35
glenohumeral	60
glenoid	60
glens	35
glib	35
glibber	35
glibbest	35
glibly	35
glibness	50
glide	35
glided	35
glider	35
gliders	35
glides	35
gliding	35
glimmer	35
glimmered	35
glimmering	35
glimmerings	50
glimmers	35
glimpse	35
glimpsed	35
glimpses	35
glimpsing	35
glint	35
glinted	35
glinting	35
glints	35
glissandi	50
glissando	50
glisten	35
glistened	35
glistening	35
glistens	35
glister	60
glistered	60
glistering	60
glisters	60
glitch	40
glitches	40
glitter	35
glitterati	60
glittered	35
glittering	35
glitters	35
glittery	50
glitz	40
glitzier	40
glitziest	40
glitzy	40
gloaming	50
gloamings	50
gloat	35
gloated	35
gloating	35
gloatingly	60
gloats	35
glob	40
global	35
globalism	60
globalist	60
globalists	60
globalization	50
globalize	60
globalized	60
globalizes	60
globalizing	60
globally	35
globe	35
globes	35
globetrotter	40
globetrotters	40
globetrotting	60
globs	40
globular	35
globule	35
globules	35
globulin	60
glockenspiel	50
glockenspiels	50
gloom	35
gloomier	35
gloomiest	35
gloomily	40
gloominess	40
gloomy	35
glop	50
gloppy	60
gloried	35
glories	35
glorification	35
glorified	35
glorifies	35
glorify	35
glorifying	35
glorious	35
gloriously	35
glory	35
glorying	35
gloss	35
glossaries	35
glossary	35
glossed	35
glosses	35
glossier	35
glossies	35
glossiest	35
glossily	60
glossiness	50
glossing	35
glossolalia	60
glossy	35
glottal	60
glottis	50
glottises	50
glove	35
gloved	35
gloves	35
gloving	35
glow	35
glowed	35
glower	35
glowered	35
glowering	35
glowers	35
glowing	35
glowingly	40
glows	35
glowworm	40
glowworms	40
glucagon	60
glucose	35
glue	35
glued	35
glues	35
gluey	50
gluier	50
gluiest	50
gluing	35
glum	35
glumly	40
glummer	35
glummest	35
glumness	50
gluon	60
gluons	60
glut	35
glute	60
gluten	50
glutenous	60
glutes	60
glutinous	50
glutinously	60
gluts	35
glutted	35
glutting	35
glutton	35
gluttonous	50
gluttonously	50
gluttons	35
gluttony	35
glycerin	35
glycerol	50
glycogen	50
glycol	60
glyph	50
glyphs	60
gnarl	60
gnarled	35
gnarling	60
gnarls	60
gnarly	40
gnash	35
gnashed	35
gnashes	35
gnashing	35
gnat	35
gnats	35
gnaw	35
gnawed	35
gnawing	35
gnaws	35
gneiss	50
gnocchi	60
gnome	35
gnomes	35
gnomic	60
gnomish	50
gnu	35
gnus	35
go	35
goad	35
goaded	35
goading	35
goads	35
goal	35
goalie	35
goalies	35
goalkeeper	35
goalkeepers	35
goalkeeping	60
goalless	60
goalmouth	60
goalmouths	60
goalpost	40
goalposts	40
goals	35
goalscorer	60
goalscorers	60
goaltender	50
goaltenders	50
goaltending	60
goat	35
goatee	35
goatees	35
goatherd	50
goatherds	50
goats	35
goatskin	50
goatskins	50
gob	35
gobbed	35
gobbet	60
gobbets	60
gobbing	35
gobble	35
gobbled	35
gobbledygook	40
gobbler	50
gobblers	50
gobbles	35
gobbling	35
goblet	35
goblets	35
goblin	35
goblins	35
gobs	35
gobsmacked	60
gobstopper	60
gobstoppers	60
god	35
godawful	40
godchild	35
godchildren	35
goddammit	60
goddamn	40
goddamned	40
goddaughter	50
goddaughters	50
goddess	35
goddesses	35
godfather	35
godfathers	35
godforsaken	40
godhead	60
godhood	50
godless	35
godlessly	60
godlessness	60
godlier	35
godliest	35
godlike	35
godliness	50
godly	35
godmother	35
godmothers	35
godparent	35
godparents	35
gods	35
godsend	35
godsends	35
godson	50
godsons	50
godspeed	60
goer	60
goers	60
goes	35
gofer	40
gofers	40
goggle	50
goggled	50
goggles	35
goggling	50
going	35
goings	40
goiter	50
goiters	50
gold	35
goldbrick	50
goldbricked	50
goldbricker	60
goldbrickers	60
goldbricking	50
goldbricks	50
golden	35
goldener	35
goldenest	35
goldenrod	50
goldfield	60
goldfields	60
goldfinch	50
goldfinches	50
goldfish	35
goldfishes	35
golds	35
goldsmith	35
goldsmiths	35
golem	60
golems	60
golf	35
golfed	35
golfer	35
golfers	35
golfing	35
golfs	35
gollies	40
golliwog	60
golliwogs	60
golly	40
gonad	50
gonadal	60
gonads	50
gondola	35
gondolas	35
gondolier	50
gondoliers	50
gone	35
goner	35
goners	35
gong	35
gonged	35
gonging	35
gongs	35
gonna	35
gonorrhea	40
gonorrheal	60
gonzo	60
goo	35
goober	50
goobers	50
good	35
goodbye	35
goodbyes	50
goodhearted	60
goodies	35
goodish	60
goodlier	50
goodliest	50
goodly	50
goodness	35
goodnight	35
goods	35
goodwill	35
goody	35
gooey	35
goof	35
goofball	60
goofballs	60
goofed	35
goofier	35
goofiest	35
goofiness	60
goofing	35
goofs	35
goofy	35
google	50
googled	50
googles	50
googlies	60
googling	50
googly	60
gooier	35
gooiest	35
gook	50
gooks	50
goon	35
goons	35
goop	50
goose	35
gooseberries	50
gooseberry	50
goosebumps	40
goosed	35
gooseflesh	50
gooseneck	60
gooses	35
goosestep	60
goosestepped	60
goosestepping	60
goosesteps	60
goosing	35
gopher	35
gophers	35
gore	35
gored	35
gores	35
gorge	35
gorged	35
gorgeous	35
gorgeously	40
gorgeousness	60
gorges	35
gorging	35
gorgon	60
gorgons	60
gorier	35
goriest	35
gorilla	35
gorillas	35
gorily	60
goriness	50
goring	35
gormandize	60
gormandized	60
gormandizer	60
gormandizers	60
gormandizes	60
gormandizing	60
gormless	60
gorp	60
gorse	50
gory	35
gosh	35
goshawk	60
goshawks	60
gosling	35
goslings	35
gospel	35
gospels	35
gossamer	35
gossip	35
gossiped	35
gossiper	60
gossipers	60
gossiping	35
gossips	35
gossipy	50
got	35
gotcha	60
goth	60
goths	60
gotta	40
gotten	35
gouache	60
gouaches	60
gouge	35
gouged	35
gouger	50
gougers	50
gouges	35
gouging	35
goulash	35
goulashes	35
gourd	35
gourde	60
gourdes	60
gourds	35
gourmand	50
gourmands	50
gourmet	35
gourmets	35
gout	35
goutier	50
goutiest	50
gouty	50
govern	35
governable	50
governance	50
governed	35
governess	35
governesses	35
governing	35
government	35
governmental	35
governments	35
governor	35
governors	35
governorship	40
governorships	40
governs	35
gown	35
gowned	35
gowning	35
gowns	35
grab	35
grabbed	35
grabber	60
grabbers	60
grabbier	60
grabbiest	60
grabbing	35
grabby	60
grabs	35
grace	35
graced	35
graceful	35
gracefully	35
gracefulness	40
graceless	35
gracelessly	50
gracelessness	50
graces	35
gracing	35
gracious	35
graciously	35
graciousness	35
grackle	50
grackles	50
grad	40
gradable	60
gradate	60
gradated	60
gradates	60
gradating	60
gradation	35
gradations	35
grade	35
graded	35
grader	40
graders	40
grades	35
gradient	35
gradients	35
grading	35
grads	40
gradual	35
gradualism	60
gradually	35
gradualness	60
graduate	35
graduated	35
graduates	35
graduating	35
graduation	35
graduations	35
graffiti	35
graffito	50
graft	35
grafted	35
grafter	50
grafters	50
grafting	35
grafts	35
graham	60
grail	50
grain	35
grained	60
grainier	40
grainiest	40
graininess	60
grains	35
grainy	40
gram	35
grammar	35
grammarian	50
grammarians	50
grammars	35
grammatical	35
grammatically	35
gramophone	35
gramophones	60
grampa	60
grampus	60
grampuses	60
grams	35
gran	60
granaries	50
granary	50
grand	35
grandam	60
grandams	60
grandaunt	60
grandaunts	60
grandbabies	60
grandbaby	60
grandchild	35
grandchildren	35
granddad	40
granddaddies	60
granddaddy	60
granddads	40
granddaughter	35
granddaughters	35
grandee	50
grandees	50
grander	35
grandest	35
grandeur	35
grandfather	35
grandfathered	35
grandfathering	35
grandfatherly	60
grandfathers	35
grandiloquence	50
grandiloquent	50
grandiose	35
grandiosely	60
grandiosity	60
grandkid	60
grandkids	60
grandly	35
grandma	40
grandmas	40
grandmaster	60
grandmasters	60
grandmother	35
grandmotherly	60
grandmothers	35
grandnephew	60
grandnephews	60
grandness	50
grandniece	60
grandnieces	60
grandpa	40
grandparent	40
grandparents	35
grandpas	40
grands	35
grandson	35
grandsons	35
grandstand	35
grandstanded	35
grandstanding	35
grandstands	35
granduncle	60
granduncles	60
grange	50
granges	50
granite	35
granites	35
granitic	60
grannies	35
granny	35
granola	35
grans	60
grant	35
granted	35
grantee	60
grantees	60
granter	60
granters	60
granting	35
grants	35
grantsmanship	60
granular	35
granularity	50
granulate	50
granulated	40
granulates	50
granulating	50
granulation	50
granule	35
granules	35
grape	35
grapefruit	35
grapefruits	35
grapes	35
grapeshot	60
grapevine	35
grapevines	35
graph	35
graphed	35
graphic	35
graphical	35
graphically	35
graphics	35
graphing	35
graphite	35
graphologist	50
graphologists	50
graphology	50
graphs	35
grapnel	50
grapnels	50
grapple	35
grappled	35
grapples	35
grappling	35
grasp	35
graspable	60
grasped	35
grasping	35
grasps	35
grass	35
grassed	35
grasses	35
grasshopper	35
grasshoppers	35
grassier	35
grassiest	35
grassing	35
grassland	40
grasslands	40
grassroots	40
grassy	35
grate	35
grated	35
grateful	35
gratefully	35
gratefulness	50
grater	35
graters	35
grates	35
gratification	35
gratifications	35
gratified	35
gratifies	35
gratify	35
gratifying	35
gratifyingly	60
gratin	60
grating	35
gratingly	60
gratings	35
gratins	60
gratis	40
gratitude	35
gratuities	35
gratuitous	35
gratuitously	35
gratuitousness	60
gratuity	35
gravamen	60
gravamens	60
grave	35
graved	35
gravedigger	60
gravediggers	60
gravel	35
graveled	35
graveling	35
gravelly	50
gravels	35
gravely	35
graven	60
graveness	60
graver	35
graves	35
graveside	60
gravesides	60
gravesite	60
gravesites	60
gravest	35
gravestone	35
gravestones	35
graveyard	35
graveyards	35
gravid	60
gravies	35
gravimeter	60
gravimeters	60
graving	35
gravitas	60
gravitate	35
gravitated	35
gravitates	35
gravitating	35
gravitation	35
gravitational	35
gravity	35
gravy	35
gray	35
graybeard	50
graybeards	50
grayed	35
grayer	35
grayest	35
graying	35
grayish	40
grayness	50
grays	35
grayscale	60
grayscales	60
graze	35
grazed	35
grazer	60
grazers	60
grazes	35
grazing	35
grease	35
greased	35
greasepaint	50
greaser	60
greasers	60
greases	35
greasier	35
greasiest	35
greasily	60
greasiness	50
greasing	35
greasy	35
great	35
greatcoat	60
greatcoats	60
greater	35
greatest	35
greathearted	60
greatly	35
greatness	35
greats	35
grebe	50
grebes	50
greed	35
greedier	35
greediest	35
greedily	35
greediness	35
greedy	35
green	35
greenback	35
greenbacks	35
greenbelt	60
greenbelts	60
greened	35
greener	35
greenery	35
greenest	35
greenfield	60
greenflies	60
greenfly	60
greengage	60
greengages	60
greengrocer	50
greengrocers	50
greenhorn	35
greenhorns	35
greenhouse	35
greenhouses	35
greening	35
greenish	40
greenly	60
greenmail	60
greenness	50
greenroom	60
greenrooms	60
greens	35
greenstone	60
greenstones	60
greensward	50
greenwood	60
greet	35
greeted	35
greeter	60
greeters	60
greeting	35
greetings	35
greets	35
gregarious	35
gregariously	50
gregariousness	50
gremlin	35
gremlins	35
grenade	35
grenades	35
grenadier	50
grenadiers	50
grenadine	60
grew	35
greyhound	35
greyhounds	35
grid	35
griddle	35
griddlecake	50
griddlecakes	50
griddles	35
gridiron	35
gridirons	35
gridlock	40
gridlocked	60
gridlocks	40
grids	35
grief	35
griefs	35
grievance	35
grievances	35
grieve	35
grieved	35
griever	60
grievers	60
grieves	35
grieving	35
grievous	35
grievously	50
grievousness	60
griffin	50
griffins	50
griffon	60
griffons	60
grifter	60
grifters	60
grill	35
grille	35
grilled	35
grilles	35
grilling	35
grillings	60
grills	35
grim	35
grimace	35
grimaced	35
grimaces	35
grimacing	35
grime	35
grimed	35
grimes	35
grimier	35
grimiest	35
griminess	60
griming	35
grimly	35
grimmer	35
grimmest	35
grimness	50
grimy	35
grin	35
grind	35
grinder	35
grinders	35
grinding	35
grinds	35
grindstone	35
grindstones	35
gringo	40
gringos	40
grinned	35
grinning	35
grins	35
grip	35
gripe	35
griped	35
griper	60
gripers	60
gripes	35
griping	35
grippe	50
gripped	35
gripper	60
grippers	60
gripping	35
grips	35
grislier	35
grisliest	35
grisliness	60
grisly	35
grist	50
gristle	35
gristly	50
gristmill	60
gristmills	60
grit	35
grits	35
gritted	35
gritter	60
gritters	60
grittier	35
grittiest	35
grittiness	60
gritting	35
gritty	35
grizzle	60
grizzled	35
grizzles	60
grizzlier	35
grizzlies	35
grizzliest	35
grizzling	60
grizzly	35
groan	35
groaned	35
groaning	35
groans	35
groat	60
groats	60
grocer	35
groceries	35
grocers	35
grocery	35
grog	50
groggier	35
groggiest	35
groggily	50
grogginess	50
groggy	35
groin	35
groins	35
grommet	50
grommets	50
groom	35
groomed	35
groomer	60
groomers	60
grooming	35
grooms	35
groomsman	60
groomsmen	60
groove	35
grooved	35
grooves	35
groovier	35
grooviest	35
grooving	35
groovy	35
grope	35
groped	35
groper	60
gropers	60
gropes	35
groping	35
grosbeak	50
grosbeaks	50
grosgrain	60
gross	35
grossed	35
grosser	35
grosses	35
grossest	35
grossing	35
grossly	35
grossness	50
grotesque	35
grotesquely	50
grotesqueness	60
grotesques	35
grottier	60
grottiest	60
grotto	35
grottoes	35
grotty	60
grouch	35
grouched	35
grouches	35
grouchier	35
grouchiest	35
grouchily	60
grouchiness	50
grouching	35
grouchy	35
ground	35
groundbreaking	60
groundbreakings	60
groundcloth	60
groundcloths	60
grounded	35
grounder	50
grounders	50
groundhog	40
groundhogs	40
grounding	35
groundings	40
groundless	35
groundlessly	40
groundnut	60
groundnuts	60
grounds	35
groundsheet	60
groundsheets	60
groundskeeper	60
groundskeepers	60
groundsman	60
groundsmen	60
groundswell	40
groundswells	40
groundwater	60
groundwork	35
group	35
grouped	35
grouper	60
groupers	60
groupie	40
groupies	40
grouping	35
groupings	35
groups	35
groupthink	60
groupware	60
grouse	35
groused	35
grouser	60
grousers	60
grouses	35
grousing	35
grout	60
grouted	60
grouting	60
grouts	60
grove	35
grovel	35
groveled	35
groveler	50
grovelers	50
groveling	35
grovels	35
groves	35
grow	35
grower	35
growers	35
growing	35
growl	35
growled	35
growler	60
growlers	60
growling	35
growls	35
grown	35
grows	35
growth	35
growths	35
grub	35
grubbed	35
grubber	60
grubbers	60
grubbier	35
grubbiest	35
grubbily	60
grubbiness	50
grubbing	35
grubby	35
grubs	35
grubstake	50
grudge	35
grudged	35
grudges	35
grudging	35
grudgingly	50
gruel	35
grueling	35
gruelingly	60
gruesome	35
gruesomely	50
gruesomeness	60
gruesomer	35
gruesomest	35
gruff	35
gruffer	35
gruffest	35
gruffly	35
gruffness	50
grumble	35
grumbled	35
grumbler	50
grumblers	50
grumbles	35
grumbling	35
grumblings	60
grump	60
grumpier	35
grumpiest	35
grumpily	50
grumpiness	50
grumps	60
grumpy	35
grunge	40
grungier	40
grungiest	40
grungy	40
grunion	60
grunions	60
grunt	35
grunted	35
grunting	35
grunts	35
guacamole	40
guanine	60
guano	50
guarani	60
guaranis	60
guarantee	35
guaranteed	35
guaranteeing	35
guarantees	35
guarantied	40
guaranties	40
guarantor	35
guarantors	35
guaranty	40
guarantying	40
guard	35
guarded	35
guardedly	40
guarder	60
guarders	60
guardhouse	50
guardhouses	50
guardian	35
guardians	35
guardianship	50
guarding	35
guardrail	40
guardrails	40
guardroom	50
guardrooms	50
guards	35
guardsman	50
guardsmen	50
guava	50
guavas	50
gubernatorial	35
guerrilla	35
guerrillas	35
guess	35
guessable	35
guessed	35
guesser	50
guessers	50
guesses	35
guessing	35
guesstimate	40
guesstimated	40
guesstimates	40
guesstimating	40
guesswork	35
guest	35
guestbook	60
guestbooks	60
guested	35
guesthouse	60
guesthouses	60
guesting	35
guestroom	60
guestrooms	60
guests	35
guff	40
guffaw	35
guffawed	35
guffawing	35
guffaws	35
guidance	35
guide	35
guidebook	35
guidebooks	35
guided	35
guideline	35
guidelines	35
guidepost	60
guideposts	60
guider	60
guiders	60
guides	35
guiding	35
guild	35
guilder	50
guilders	50
guildhall	60
guildhalls	60
guilds	35
guile	35
guileful	50
guileless	40
guilelessly	60
guilelessness	60
guillemot	60
guillemots	60
guillotine	35
guillotined	35
guillotines	35
guillotining	35
guilt	35
guilted	35
guiltier	35
guiltiest	35
guiltily	35
guiltiness	50
guilting	35
guiltless	35
guilts	35
guilty	35
guinea	35
guineas	50
guise	35
guises	35
guitar	35
guitarist	35
guitarists	40
guitars	35
gulag	60
gulags	60
gulch	35
gulches	35
gulden	60
guldens	60
gulf	35
gulfs	35
gull	35
gulled	35
gullet	35
gullets	35
gullibility	40
gullible	35
gullies	35
gulling	35
gulls	35
gully	35
gulp	35
gulped	35
gulper	60
gulpers	60
gulping	35
gulps	35
gum	35
gumball	60
gumballs	60
gumbo	40
gumboil	60
gumboils	60
gumboot	60
gumboots	60
gumbos	40
gumdrop	35
gumdrops	35
gummed	35
gummier	35
gummiest	35
gumming	35
gummy	35
gumption	35
gums	35
gumshoe	60
gumshoed	60
gumshoeing	60
gumshoes	60
gun	35
gunboat	40
gunboats	40
gunfight	50
gunfighter	60
gunfighters	60
gunfights	50
gunfire	35
gunge	60
gungy	60
gunk	40
gunky	60
gunman	35
gunmen	35
gunmetal	60
gunned	35
gunnel	60
gunnels	60
gunner	35
gunners	35
gunnery	50
gunning	35
gunny	50
gunnysack	40
gunnysacks	40
gunplay	60
gunpoint	40
gunpowder	35
gunrunner	40
gunrunners	40
gunrunning	40
guns	35
gunship	60
gunships	60
gunshot	35
gunshots	35
gunslinger	60
gunslingers	60
gunsmith	50
gunsmiths	50
gunwale	50
gunwales	50
guppies	35
guppy	35
gurgle	35
gurgled	35
gurgles	35
gurgling	35
gurney	50
gurneys	50
guru	35
gurus	35
gush	35
gushed	35
gusher	35
gushers	35
gushes	35
gushier	40
gushiest	40
gushing	35
gushingly	60
gushy	40
gusset	50
gusseted	50
gusseting	50
gussets	50
gussied	60
gussies	60
gussy	60
gussying	60
gust	35
gustatory	50
gusted	35
gustier	35
gustiest	35
gustily	60
gusting	35
gusto	40
gusts	35
gusty	35
gut	35
gutless	50
gutlessness	60
guts	35
gutsier	40
gutsiest	40
gutsy	40
gutted	35
gutter	35
guttered	35
guttering	35
gutters	35
guttersnipe	50
guttersnipes	50
guttier	60
guttiest	60
gutting	35
guttural	40
gutturals	40
gutty	60
guv	60
guvnor	60
guvnors	60
guvs	60
guy	35
guyed	35
guying	35
guys	35
guzzle	35
guzzled	35
guzzler	40
guzzlers	40
guzzles	35
guzzling	35
gym	35
gymkhana	60
gymkhanas	60
gymnasium	35
gymnasiums	35
gymnast	35
gymnastic	50
gymnastically	60
gymnastics	35
gymnasts	35
gymnosperm	50
gymnosperms	50
gyms	35
gymslip	60
gymslips	60
gynecologic	60
gynecological	40
gynecologist	35
gynecologists	35
gynecology	35
gyp	40
gypped	40
gypper	60
gyppers	60
gypping	40
gyps	40
gypsies	40
gypster	60
gypsters	60
gypsum	50
gypsy	40
gyrate	35
gyrated	35
gyrates	35
gyrating	35
gyration	35
gyrations	35
gyrator	60
gyrators	60
gyrfalcon	60
gyrfalcons	60
gyro	50
gyros	50
gyroscope	35
gyroscopes	35
gyroscopic	60
gyve	60
gyved	60
gyves	60
gyving	60
ha	35
habanero	60
habaneros	60
habeas	60
haberdasher	50
haberdasheries	40
haberdashers	50
haberdashery	40
habiliment	60
habiliments	60
habit	35
habitability	50
habitable	35
habitat	35
habitation	35
habitations	35
habitats	35
habits	35
habitual	35
habitually	35
habitualness	60
habituate	50
habituated	50
habituates	50
habituating	50
habituation	50
habitue	50
habitues	50
hacienda	50
haciendas	50
hack	35
hacked	35
hacker	35
hackers	35
hacking	35
hackle	50
hackles	50
hackney	50
hackneyed	35
hackneying	50
hackneys	50
hacks	35
hacksaw	35
hacksaws	35
hacktivist	50
hacktivists	50
hackwork	60
had	35
haddock	35
haddocks	35
hadith	60
hadiths	60
hafnium	50
haft	50
hafts	50
hag	35
haggard	35
haggardly	60
haggardness	60
haggis	60
haggises	60
haggish	60
haggle	35
haggled	35
haggler	50
hagglers	50
haggles	35
haggling	35
hagiographer	60
hagiographers	60
hagiographies	60
hagiography	60
hags	35
hahnium	60
haiku	50
hail	35
hailed	35
hailing	35
hails	35
hailstone	35
hailstones	35
hailstorm	50
hailstorms	50
hair	35
hairball	60
hairballs	60
hairband	60
hairbands	60
hairbreadth	50
hairbreadths	50
hairbrush	40
hairbrushes	40
haircloth	60
haircut	35
haircuts	35
hairdo	35
hairdos	35
hairdresser	35
hairdressers	35
hairdressing	50
haired	35
hairgrip	60
hairgrips	60
hairier	35
hairiest	35
hairiness	50
hairless	50
hairlike	60
hairline	35
hairlines	35
hairnet	40
hairnets	40
hairpiece	40
hairpieces	40
hairpin	50
hairpins	50
hairs	35
hairsbreadth	50
hairsbreadths	50
hairsplitter	60
hairsplitters	60
hairsplitting	40
hairspray	40
hairsprays	60
hairspring	50
hairsprings	50
hairstyle	40
hairstyles	40
hairstyling	60
hairstylist	40
hairstylists	40
hairy	35
haj	60
hajj	60
hajjes	60
hajji	60
hajjis	60
hake	50
hakes	50
halal	60
halberd	50
halberds	50
halcyon	50
hale	35
haled	35
haler	35
hales	35
halest	35
half	35
halfback	50
halfbacks	50
halfhearted	40
halfheartedly	40
halfheartedness	50
halfling	60
halflings	60
halfpence	50
halfpennies	50
halfpenny	50
halfpipe	60
halfpipes	60
halftime	40
halftimes	40
halftone	60
halftones	60
halfway	35
halfwit	50
halfwits	50
halfwitted	50
halibut	35
halibuts	35
haling	35
halite	60
halitosis	50
hall	35
hallelujah	35
hallelujahs	35
hallmark	35
hallmarked	35
hallmarking	35
hallmarks	35
halloo	60
hallooing	60
halloos	60
hallow	50
hallowed	40
hallowing	50
hallows	50
halls	35
hallucinate	40
hallucinated	40
hallucinates	40
hallucinating	40
hallucination	35
hallucinations	35
hallucinatory	50
hallucinogen	50
hallucinogenic	40
hallucinogenics	40
hallucinogens	50
hallway	35
hallways	35
halo	35
haloed	35
halogen	50
halogens	50
haloing	35
halon	35
halos	35
halt	35
halted	35
halter	35
haltered	35
haltering	35
halterneck	60
halternecks	60
halters	35
halting	35
haltingly	50
halts	35
halve	35
halved	35
halves	35
halving	35
halyard	50
halyards	50
ham	35
hamburg	60
hamburger	35
hamburgers	35
hamburgs	60
hamlet	35
hamlets	35
hammed	35
hammer	35
hammered	35
hammerer	60
hammerers	60
hammerhead	50
hammerheads	50
hammering	35
hammerings	40
hammerlock	60
hammerlocks	60
hammers	35
hammertoe	60
hammertoes	60
hammier	60
hammiest	60
hamming	35
hammock	35
hammocks	35
hammy	60
hamper	35
hampered	35
hampering	35
hampers	35
hams	35
hamster	35
hamsters	35
hamstring	35
hamstringing	35
hamstrings	35
hamstrung	35
hand	35
handbag	35
handbags	35
handball	50
handballs	50
handbarrow	60
handbarrows	60
handbasket	60
handbill	50
handbills	50
handbook	35
handbooks	35
handbrake	60
handbrakes	60
handcar	50
handcars	50
handcart	50
handcarts	50
handclasp	60
handclasps	60
handcraft	50
handcrafted	50
handcrafting	50
handcrafts	50
handcuff	35
handcuffed	35
handcuffing	35
handcuffs	35
handed	35
handedness	35
handful	35
handfuls	35
handgrip	60
handgrips	60
handgun	40
handguns	40
handheld	50
handhelds	50
handhold	60
handholds	60
handicap	35
handicapped	35
handicapper	50
handicappers	50
handicapping	35
handicaps	35
handicraft	35
handicrafts	35
handier	35
handiest	35
handily	50
handiness	50
handing	35
handiwork	35
handkerchief	35
handkerchiefs	35
handle	35
handlebar	40
handlebars	35
handled	35
handler	35
handlers	35
handles	35
handling	35
handmade	35
handmaid	50
handmaiden	50
handmaidens	50
handmaids	50
handoff	60
handoffs	60
handout	35
handouts	35
handover	60
handovers	60
handpick	50
handpicked	40
handpicking	50
handpicks	50
handprint	60
handprints	60
handrail	35
handrails	35
hands	35
handsaw	60
handsaws	60
handset	50
handsets	50
handshake	35
handshakes	35
handshaking	50
handsome	35
handsomely	40
handsomeness	50
handsomer	35
handsomest	35
handspring	50
handsprings	50
handstand	40
handstands	40
handwashing	60
handwork	50
handwoven	60
handwriting	35
handwritten	40
handy	35
handyman	40
handymen	40
hang	35
hangar	35
hangars	35
hangdog	50
hanged	35
hanger	35
hangers	35
hanging	35
hangings	35
hangman	50
hangmen	50
hangnail	50
hangnails	50
hangout	35
hangouts	35
hangover	35
hangovers	35
hangs	35
hank	50
hanker	35
hankered	35
hankering	35
hankerings	40
hankers	35
hankie	40
hankies	40
hanks	50
hansom	50
hansoms	50
hap	60
haphazard	35
haphazardly	40
haphazardness	60
hapless	35
haplessly	60
haplessness	60
haploid	60
haploids	60
haply	60
happen	35
happened	35
happening	35
happenings	35
happens	35
happenstance	50
happenstances	50
happier	35
happiest	35
happily	35
happiness	35
happy	35
haptic	60
harangue	35
harangued	35
harangues	35
haranguing	35
harass	35
harassed	35
harasser	60
harassers	60
harasses	35
harassing	35
harassment	35
harbinger	50
harbingers	50
harbor	35
harbored	35
harboring	35
harbormaster	60
harbormasters	60
harbors	35
hard	35
hardback	35
hardbacks	50
hardball	40
hardboard	60
hardbound	60
hardcore	60
hardcover	40
hardcovers	40
harden	35
hardened	35
hardener	50
hardeners	50
hardening	35
hardens	35
harder	35
hardest	35
hardhat	60
hardheaded	40
hardheadedly	50
hardheadedness	50
hardhearted	40
hardheartedly	50
hardheartedness	50
hardier	35
hardiest	35
hardihood	60
hardily	50
hardiness	50
hardline	40
hardliner	40
hardliners	35
hardly	35
hardness	50
hardscrabble	60
hardship	35
hardships	35
hardstand	60
hardstands	60
hardtack	50
hardtop	50
hardtops	50
hardware	35
hardwood	35
hardwoods	35
hardworking	40
hardy	35
hare	35
harebell	60
harebells	60
harebrained	35
hared	35
harelip	40
harelipped	60
harelips	40
harem	35
harems	35
hares	35
haricot	60
haricots	60
haring	35
harissa	60
hark	35
harked	35
harking	35
harks	35
harlequin	50
harlequins	50
harlot	35
harlotry	60
harlots	35
harm	35
harmed	35
harmful	35
harmfully	35
harmfulness	50
harming	35
harmless	35
harmlessly	35
harmlessness	50
harmonic	35
harmonica	35
harmonically	50
harmonicas	35
harmonics	50
harmonies	35
harmonious	35
harmoniously	40
harmoniousness	50
harmonium	60
harmoniums	60
harmonization	40
harmonize	35
harmonized	35
harmonizer	60
harmonizers	60
harmonizes	35
harmonizing	35
harmony	35
harms	35
harness	35
harnessed	35
harnesses	35
harnessing	35
harp	35
harped	35
harpies	50
harping	35
harpist	35
harpists	35
harpoon	35
harpooned	35
harpooner	60
harpooners	60
harpooning	35
harpoons	35
harps	35
harpsichord	35
harpsichordist	60
harpsichordists	60
harpsichords	35
harpy	50
harridan	50
harridans	50
harried	35
harrier	60
harriers	60
harries	35
harrow	50
harrowed	50
harrowing	40
harrows	50
harrumph	60
harrumphed	60
harrumphing	60
harrumphs	60
harry	35
harrying	35
harsh	35
harsher	35
harshest	35
harshly	35
harshness	35
hart	35
harts	35
harvest	35
harvested	35
harvester	35
harvesters	35
harvesting	35
harvests	35
has	35
hash	35
hashed	35
hashes	35
hashing	35
hashish	40
hashtag	50
hashtags	50
hasp	50
hasps	50
hassle	35
hassled	35
hassles	35
hassling	35
hassock	50
hassocks	50
hast	35
haste	35
hasted	35
hasten	35
hastened	35
hastening	35
hastens	35
hastes	35
hastier	35
hastiest	35
hastily	35
hastiness	50
hasting	35
hasty	35
hat	35
hatband	60
hatbands	60
hatbox	60
hatboxes	60
hatch	35
hatchback	40
hatchbacks	40
hatcheck	60
hatchecks	60
hatched	35
hatcheries	50
hatchery	50
hatches	35
hatchet	35
hatchets	35
hatching	35
hatchling	60
hatchlings	60
hatchway	50
hatchways	50
hate	35
hated	35
hateful	35
hatefully	35
hatefulness	50
hatemonger	60
hatemongers	60
hater	50
haters	50
hates	35
hath	35
hating	35
hatpin	60
hatpins	60
hatred	35
hatreds	35
hats	35
hatstand	60
hatstands	60
hatted	35
hatter	50
hatters	50
hatting	35
hauberk	60
hauberks	60
haughtier	35
haughtiest	35
haughtily	35
haughtiness	35
haughty	35
haul	35
haulage	60
hauled	35
hauler	50
haulers	50
haulier	60
hauliers	60
hauling	35
hauls	35
haunch	50
haunches	40
haunt	35
haunted	35
haunter	60
haunters	60
haunting	35
hauntingly	50
haunts	35
hauteur	50
have	35
haven	35
havens	35
haversack	50
haversacks	50
haves	35
having	35
havoc	35
haw	50
hawed	50
hawing	50
hawk	35
hawked	35
hawker	50
hawkers	50
hawking	35
hawkish	50
hawkishness	60
hawks	35
haws	50
hawser	50
hawsers	50
hawthorn	50
hawthorns	50
hay	35
haycock	50
haycocks	50
hayed	35
haying	35
hayloft	50
haylofts	50
haymaker	60
haymakers	60
haymaking	60
haymow	50
haymows	50
hayrick	60
hayricks	60
hayride	60
hayrides	60
hays	35
hayseed	50
hayseeds	50
haystack	35
haystacks	35
haywire	35
hazard	35
hazarded	35
hazarding	35
hazardous	35
hazardously	60
hazards	35
haze	35
hazed	35
hazel	35
hazelnut	40
hazelnuts	40
hazels	35
hazer	60
hazers	60
hazes	35
hazier	35
haziest	35
hazily	50
haziness	50
hazing	35
hazings	40
hazmat	50
hazy	35
he	35
head	35
headache	35
headaches	35
headband	40
headbands	40
headbanger	60
headbangers	60
headbanging	60
headboard	50
headboards	50
headbutt	60
headbutted	60
headbutting	60
headbutts	60
headcase	60
headcases	60
headcheese	60
headdress	50
headdresses	50
headed	35
header	35
headers	35
headfirst	35
headgear	40
headhunt	60
headhunted	60
headhunter	40
headhunters	40
headhunting	60
headhunts	60
headier	35
headiest	35
headily	60
headiness	60
heading	35
headings	35
headlamp	60
headlamps	60
headland	35
headlands	35
headless	50
headlight	35
headlights	35
headline	35
headlined	35
headliner	60
headliners	60
headlines	35
headlining	35
headlock	50
headlocks	50
headlong	35
headman	60
headmaster	35
headmasters	40
headmen	60
headmistress	40
headmistresses	40
headphone	50
headphones	40
headpiece	60
headpieces	60
headpin	60
headpins	60
headquarter	60
headquartered	60
headquartering	60
headquarters	35
headrest	35
headrests	35
headroom	35
heads	35
headscarf	60
headscarves	60
headset	50
headsets	50
headship	60
headships	60
headshot	60
headshots	60
headshrinker	60
headshrinkers	60
headsman	60
headsmen	60
headspace	60
headstall	60
headstalls	60
headstand	60
headstands	60
headstone	35
headstones	35
headstrong	35
headteacher	60
headteachers	60
headwaiter	50
headwaiters	50
headwaters	50
headway	35
headwear	60
headwind	40
headwinds	40
headword	50
headwords	50
heady	35
heal	35
healed	35
healer	35
healers	35
healing	35
heals	35
health	35
healthcare	35
healthful	35
healthfully	50
healthfulness	50
healthier	35
healthiest	35
healthily	40
healthiness	50
healthy	35
heap	35
heaped	35
heaping	35
heaps	35
hear	35
heard	35
hearer	50
hearers	50
hearing	35
hearings	35
hearken	50
hearkened	50
hearkening	50
hearkens	50
hears	35
hearsay	35
hearse	35
hearses	35
heart	35
heartache	35
heartaches	35
heartbeat	35
heartbeats	35
heartbreak	35
heartbreaker	60
heartbreakers	60
heartbreaking	40
heartbreaks	35
heartbroken	35
heartburn	35
hearted	60
hearten	35
heartened	35
heartening	35
heartens	35
heartfelt	35
hearth	35
hearthrug	60
hearthrugs	60
hearths	35
hearthstone	60
hearthstones	60
heartier	35
hearties	35
heartiest	35
heartily	35
heartiness	50
heartland	40
heartlands	40
heartless	35
heartlessly	50
heartlessness	50
heartrending	50
heartrendingly	60
hearts	35
heartsick	50
heartsickness	60
heartstrings	50
heartthrob	40
heartthrobs	40
heartwarming	40
heartwood	60
hearty	35
heat	35
heated	35
heatedly	35
heater	35
heaters	35
heath	35
heathen	35
heathendom	60
heathenish	50
heathenism	60
heathens	35
heather	35
heathers	35
heaths	50
heating	35
heatproof	60
heats	35
heatstroke	50
heatwave	40
heatwaves	40
heave	35
heaved	35
heaven	35
heavenlier	35
heavenliest	35
heavenly	35
heavens	35
heavenward	50
heavenwards	50
heaver	60
heavers	60
heaves	35
heavier	35
heavies	35
heaviest	35
heavily	35
heaviness	35
heaving	35
heavy	35
heavyhearted	50
heavyset	50
heavyweight	35
heavyweights	35
heck	40
heckle	35
heckled	35
heckler	35
hecklers	35
heckles	35
heckling	35
hectare	50
hectares	50
hectic	35
hectically	50
hectogram	60
hectograms	60
hectometer	60
hectometers	60
hector	50
hectored	50
hectoring	50
hectors	50
hedge	35
hedged	35
hedgehog	35
hedgehogs	35
hedgehop	60
hedgehopped	60
hedgehopping	60
hedgehops	60
hedger	60
hedgerow	50
hedgerows	50
hedgers	60
hedges	35
hedging	35
hedonism	40
hedonist	40
hedonistic	40
hedonists	40
heed	35
heeded	35
heedful	50
heedfully	60
heeding	35
heedless	35
heedlessly	50
heedlessness	50
heeds	35
heehaw	50
heehawed	50
heehawing	50
heehaws	50
heel	35
heeled	35
heeling	35
heelless	60
heels	35
heft	50
hefted	50
heftier	35
heftiest	35
heftily	60
heftiness	60
hefting	50
hefts	50
hefty	35
hegemonic	60
hegemony	50
hegira	60
hegiras	60
heifer	35
heifers	35
height	35
heighten	35
heightened	35
heightening	35
heightens	35
heights	35
heinous	35
heinously	50
heinousness	50
heir	35
heiress	40
heiresses	40
heirloom	35
heirlooms	35
heirs	35
heist	40
heisted	40
heisting	40
heists	40
held	35
helical	50
helices	50
helicopter	35
helicoptered	35
helicoptering	35
helicopters	35
heliocentric	60
heliotrope	50
heliotropes	50
helipad	60
helipads	60
heliport	35
heliports	35
helium	35
helix	50
hell	35
hellbent	60
hellcat	60
hellcats	60
hellebore	50
hellfire	60
hellhole	50
hellholes	50
hellion	50
hellions	50
hellish	35
hellishly	50
hellishness	60
hello	35
hellos	35
helluva	60
helm	35
helmet	35
helmeted	60
helmets	35
helms	35
helmsman	50
helmsmen	50
helot	50
helots	50
help	35
helped	35
helper	35
helpers	35
helpful	35
helpfully	35
helpfulness	40
helping	35
helpings	35
helpless	35
helplessly	35
helplessness	40
helpline	50
helplines	50
helpmate	50
helpmates	50
helps	35
helve	60
helves	60
hem	35
hematite	60
hematologic	60
hematological	60
hematologist	50
hematologists	50
hematology	50
heme	60
hemiplegia	60
hemisphere	35
hemispheres	35
hemispheric	50
hemispherical	50
hemline	40
hemlines	40
hemlock	35
hemlocks	35
hemmed	35
hemmer	60
hemmers	60
hemming	35
hemoglobin	35
hemophilia	35
hemophiliac	40
hemophiliacs	40
hemorrhage	35
hemorrhaged	35
hemorrhages	35
hemorrhagic	60
hemorrhaging	35
hemorrhoid	50
hemorrhoids	40
hemostat	60
hemostats	60
hemp	35
hempen	50
hems	35
hemstitch	50
hemstitched	50
hemstitches	50
hemstitching	50
hen	35
hence	35
henceforth	35
henceforward	50
henchman	35
henchmen	35
henhouse	60
henhouses	60
henna	50
hennaed	50
hennaing	50
hennas	50
henpeck	50
henpecked	50
henpecking	50
henpecks	50
hens	35
hep	50
heparin	60
hepatic	50
hepatitis	35
hepatocyte	60
hepatocytes	60
heptagon	50
heptagonal	60
heptagons	50
heptathlon	60
heptathlons	60
her	35
herald	35
heralded	35
heraldic	50
heralding	35
heraldry	50
heralds	35
herb	35
herbaceous	50
herbage	50
herbal	40
herbalism	60
herbalist	50
herbalists	50
herbals	60
herbicidal	60
herbicide	50
herbicides	50
herbivore	40
herbivores	40
herbivorous	35
herbs	35
herculean	50
herd	35
herded	35
herder	50
herders	50
herding	35
herds	35
herdsman	50
herdsmen	50
here	35
hereabout	50
hereabouts	35
hereafter	35
hereafters	35
hereby	35
hereditary	35
heredity	35
herein	35
hereinafter	60
hereof	50
hereon	60
heresies	35
heresy	35
heretic	35
heretical	35
heretics	35
hereto	50
heretofore	50
hereunder	60
hereunto	60
hereupon	50
herewith	35
heritable	60
heritage	35
heritages	35
hermaphrodite	35
hermaphrodites	50
hermaphroditic	50
hermetic	40
hermetical	60
hermetically	50
hermit	35
hermitage	50
hermitages	50
hermitian	60
hermits	35
hernia	35
hernial	60
hernias	35
herniate	60
herniated	60
herniates	60
herniating	60
herniation	60
hero	35
heroes	35
heroic	35
heroically	40
heroics	50
heroin	35
heroine	35
heroines	35
heroins	35
heroism	35
heron	35
herons	35
herpes	35
herpetologist	60
herpetologists	60
herpetology	60
herring	35
herringbone	50
herrings	35
hers	35
herself	35
hertz	40
hesitance	60
hesitancy	35
hesitant	35
hesitantly	40
hesitate	35
hesitated	35
hesitates	35
hesitating	35
hesitatingly	50
hesitation	35
hesitations	35
hessian	60
hetero	60
heterodox	50
heterodoxy	50
heterogeneity	50
heterogeneous	35
heterogeneously	60
heteros	60
heterosexual	35
heterosexuality	35
heterosexually	60
heterosexuals	35
heuristic	35
heuristically	60
heuristics	50
hew	35
hewed	35
hewer	50
hewers	50
hewing	35
hewn	35
hews	35
hex	50
hexadecimal	35
hexagon	35
hexagonal	35
hexagons	35
hexagram	60
hexagrams	60
hexameter	50
hexameters	50
hexed	50
hexes	50
hexing	50
hey	35
heyday	35
heydays	35
hi	35
hiatus	35
hiatuses	35
hibachi	50
hibachis	50
hibernate	35
hibernated	35
hibernates	35
hibernating	35
hibernation	35
hibernator	60
hibernators	60
hibiscus	50
hibiscuses	50
hiccough	50
hiccoughed	50
hiccoughing	50
hiccoughs	50
hiccup	35
hiccuped	35
hiccuping	35
hiccups	35
hick	35
hickey	40
hickeys	40
hickories	35
hickory	35
hicks	35
hid	35
hidden	35
hide	35
hideaway	35
hideaways	35
hidebound	50
hided	35
hideous	35
hideously	35
hideousness	50
hideout	40
hideouts	40
hider	60
hiders	60
hides	35
hiding	35
hidings	40
hie	50
hied	50
hieing	50
hierarchic	60
hierarchical	35
hierarchically	50
hierarchies	35
hierarchy	35
hieroglyph	60
hieroglyphic	35
hieroglyphics	35
hieroglyphs	60
hies	50
high	35
highball	50
highballs	50
highborn	50
highboy	50
highboys	50
highbrow	35
highbrows	35
higher	35
highers	60
highest	35
highfalutin	50
highflier	60
highfliers	60
highhandedly	60
highland	35
highlander	60
highlanders	60
highlands	35
highlight	35
highlighted	35
highlighter	40
highlighters	40
highlighting	35
highlights	35
highly	35
highness	50
highs	35
hightail	50
hightailed	50
hightailing	50
hightails	50
highway	35
highwayman	50
highwaymen	50
highways	35
hijab	60
hijabs	60
hijack	35
hijacked	35
hijacker	40
hijackers	40
hijacking	35
hijackings	40
hijacks	35
hike	35
hiked	35
hiker	35
hikers	35
hikes	35
hiking	35
hilarious	35
hilariously	40
hilariousness	60
hilarity	35
hill	35
hillbillies	35
hillbilly	35
hillier	35
hilliest	35
hilliness	60
hillock	50
hillocks	50
hills	35
hillside	35
hillsides	35
hilltop	40
hilltops	40
hilly	35
hilt	35
hilts	35
him	35
himself	35
hind	35
hinder	35
hindered	35
hindering	35
hinders	35
hindmost	50
hindquarter	50
hindquarters	40
hindrance	35
hindrances	35
hinds	35
hindsight	35
hinge	35
hinged	35
hinges	35
hinging	35
hint	35
hinted	35
hinter	60
hinterland	35
hinterlands	35
hinters	60
hinting	35
hints	35
hip	35
hipbath	60
hipbaths	60
hipbone	60
hipbones	60
hiphuggers	60
hipness	60
hipped	35
hipper	35
hippest	35
hippie	35
hippies	35
hipping	35
hippo	40
hippocampi	60
hippocampus	60
hippodrome	60
hippodromes	60
hippopotamus	35
hippopotamuses	35
hippos	40
hips	35
hipster	60
hipsters	60
hiragana	60
hire	35
hired	35
hireling	50
hirelings	50
hires	35
hiring	35
hirsute	50
hirsuteness	60
his	35
hiss	35
hissed	35
hisses	35
hissing	35
hist	60
histamine	50
histamines	50
histogram	35
histograms	50
histologist	60
histologists	60
histology	60
histopathology	60
historian	35
historians	35
historic	35
historical	35
historically	35
historicity	60
histories	35
historiographer	60
historiographers	60
historiography	60
history	35
histrionic	40
histrionically	60
histrionics	40
hit	35
hitch	35
hitched	35
hitcher	60
hitchers	60
hitches	35
hitchhike	35
hitchhiked	35
hitchhiker	35
hitchhikers	35
hitchhikes	35
hitchhiking	35
hitching	35
hither	35
hitherto	35
hitmaker	60
hitmakers	60
hits	35
hitter	50
hitters	50
hitting	35
hive	35
hived	35
hivemind	50
hiveminds	50
hives	35
hiving	35
hiya	60
hmm	60
ho	35
hoagie	50
hoagies	50
hoard	35
hoarded	35
hoarder	35
hoarders	35
hoarding	35
hoardings	60
hoards	35
hoarfrost	50
hoarier	50
hoariest	50
hoariness	50
hoarse	35
hoarsely	40
hoarseness	35
hoarser	35
hoarsest	35
hoary	50
hoax	35
hoaxed	35
hoaxer	50
hoaxers	50
hoaxes	35
hoaxing	35
hob	50
hobbies	35
hobbit	35
hobbits	60
hobble	35
hobbled	35
hobbler	60
hobblers	60
hobbles	35
hobbling	35
hobby	35
hobbyhorse	35
hobbyhorses	35
hobbyist	50
hobbyists	50
hobgoblin	35
hobgoblins	35
hobnail	50
hobnailed	50
hobnailing	50
hobnails	50
hobnob	35
hobnobbed	35
hobnobbing	35
hobnobs	35
hobo	35
hobos	35
hobs	50
hoc	50
hock	35
hocked	35
hockey	35
hocking	35
hocks	35
hockshop	50
hockshops	50
hod	50
hodgepodge	35
hodgepodges	35
hods	50
hoe	35
hoecake	60
hoecakes	60
hoed	35
hoedown	50
hoedowns	50
hoeing	35
hoer	60
hoers	60
hoes	35
hog	35
hogan	50
hogans	50
hogback	60
hogbacks	60
hogged	35
hogging	35
hoggish	50
hoggishly	60
hogs	35
hogshead	50
hogsheads	50
hogtie	60
hogtied	60
hogties	60
hogtying	60
hogwash	50
hoick	60
hoicked	60
hoicking	60
hoicks	60
hoisin	60
hoist	35
hoisted	35
hoisting	35
hoists	35
hoke	60
hoked	60
hokes	60
hokey	40
hokier	40
hokiest	40
hoking	60
hokum	50
hold	35
holdall	60
holdalls	60
holder	35
holders	35
holding	35
holdings	40
holdout	60
holdouts	60
holdover	40
holdovers	40
holds	35
holdup	35
holdups	35
hole	35
holed	35
holes	35
holey	60
holiday	35
holidayed	35
holidaying	35
holidaymaker	60
holidaymakers	60
holidays	35
holier	35
holiest	35
holiness	35
holing	35
holism	60
holistic	40
holistically	60
hollandaise	60
holler	35
hollered	35
hollering	35
hollers	35
hollies	35
hollow	35
hollowed	35
hollower	35
hollowest	35
hollowing	35
hollowly	50
hollowness	50
hollows	35
holly	35
hollyhock	50
hollyhocks	50
holmium	60
holocaust	35
holocausts	35
holodeck	60
holodecks	60
hologram	40
holograms	40
holograph	50
holographic	50
holographs	50
holography	50
hols	60
holster	35
holstered	35
holstering	35
holsters	35
holy	35
homage	35
homages	35
hombre	60
hombres	60
homburg	50
homburgs	50
home	35
homebodies	50
homebody	50
homebound	60
homeboy	50
homeboys	50
homebuilder	60
homebuilders	60
homebuilding	60
homecoming	40
homecomings	40
homed	35
homegrown	50
homeland	35
homelands	35
homeless	35
homelessness	40
homelier	35
homeliest	35
homelike	60
homeliness	50
homely	35
homemade	35
homemaker	40
homemakers	40
homemaking	60
homeopath	60
homeopathic	40
homeopaths	60
homeopathy	40
homeostasis	60
homeostatic	60
homeowner	40
homeowners	40
homeownership	60
homepage	40
homepages	40
homer	40
homered	40
homering	40
homeroom	40
homerooms	40
homers	40
homes	35
homeschool	60
homeschooled	60
homeschooler	60
homeschoolers	60
homeschooling	60
homeschools	60
homesick	35
homesickness	35
homespun	35
homestead	35
homesteaded	35
homesteader	50
homesteaders	50
homesteading	35
homesteads	35
homestretch	50
homestretches	50
hometown	40
hometowns	40
homeward	35
homewards	35
homework	35
homeworker	60
homeworkers	60
homeworking	60
homewrecker	50
homewreckers	50
homey	35
homeyness	50
homeys	35
homicidal	35
homicide	35
homicides	35
homier	35
homiest	35
homiletic	60
homilies	50
homily	50
homing	35
hominid	60
hominids	60
hominoid	60
hominoids	60
hominy	50
homo	60
homoerotic	60
homogeneity	40
homogeneous	35
homogeneously	50
homogenization	50
homogenize	35
homogenized	35
homogenizes	35
homogenizing	35
homograph	50
homographs	50
homologous	60
homology	60
homonym	35
homonyms	35
homophobe	60
homophobes	60
homophobia	50
homophobic	35
homophone	50
homophones	50
homos	60
homosexual	35
homosexuality	35
homosexuals	35
hon	60
honcho	40
honchos	40
hone	35
honed	35
honer	60
honers	60
hones	35
honest	35
honester	35
honestest	35
honestly	35
honesty	35
honey	35
honeybee	50
honeybees	50
honeycomb	35
honeycombed	35
honeycombing	35
honeycombs	35
honeydew	50
honeydews	50
honeyed	35
honeying	35
honeylocust	60
honeylocusts	60
honeymoon	35
honeymooned	35
honeymooner	50
honeymooners	50
honeymooning	35
honeymoons	35
honeypot	60
honeypots	60
honeys	35
honeysuckle	35
honeysuckles	35
honing	35
honk	35
honked	35
honker	60
honkers	60
honkies	60
honking	35
honks	35
honky	60
honor	35
honorable	35
honorableness	60
honorably	40
honorarily	60
honorarium	50
honorariums	50
honorary	35
honored	35
honoree	60
honorees	60
honorer	60
honorers	60
honorific	50
honorifics	50
honoring	35
honors	35
hons	60
hooch	50
hood	35
hooded	35
hoodie	50
hoodies	50
hooding	35
hoodlum	35
hoodlums	35
hoodoo	50
hoodooed	50
hoodooing	50
hoodoos	50
hoods	35
hoodwink	35
hoodwinked	35
hoodwinking	35
hoodwinks	35
hooey	50
hoof	35
hoofed	35
hoofer	60
hoofers	60
hoofing	35
hoofs	35
hook	35
hookah	50
hookahs	50
hooked	35
hooker	40
hookers	40
hooking	35
hooks	35
hookup	50
hookups	50
hookworm	50
hookworms	50
hooky	40
hooligan	40
hooliganism	50
hooligans	40
hoop	35
hooped	35
hooping	35
hoopla	50
hoops	35
hooray	35
hoosegow	60
hoosegows	60
hoot	35
hooted	35
hootenannies	60
hootenanny	60
hooter	35
hooters	50
hooting	35
hoots	35
hoover	60
hoovered	60
hoovering	60
hoovers	60
hooves	35
hop	35
hope	35
hoped	35
hopeful	35
hopefully	35
hopefulness	40
hopefuls	35
hopeless	35
hopelessly	35
hopelessness	40
hopes	35
hoping	35
hopped	35
hopper	35
hoppers	50
hopping	35
hops	35
hopscotch	35
hopscotched	35
hopscotches	35
hopscotching	35
hora	60
horas	60
horde	35
horded	35
hordes	35
hording	35
horehound	60
horehounds	60
horizon	35
horizons	35
horizontal	35
horizontally	35
horizontals	35
hormonal	50
hormone	35
hormones	35
horn	35
hornbeam	60
hornbeams	60
hornblende	60
horned	35
hornet	35
hornets	35
hornier	35
horniest	35
hornless	50
hornlike	60
hornpipe	50
hornpipes	50
horns	35
horny	35
horologic	60
horological	60
horologist	60
horologists	60
horology	50
horoscope	35
horoscopes	35
horrendous	35
horrendously	35
horrible	35
horribleness	60
horribly	35
horrid	35
horridly	50
horrific	35
horrifically	60
horrified	35
horrifies	35
horrify	35
horrifying	35
horrifyingly	60
horror	35
horrors	35
horse	35
horseback	35
horsebox	60
horseboxes	60
horsed	35
horseflesh	60
horseflies	50
horsefly	50
horsehair	50
horsehide	50
horselaugh	60
horselaughs	60
horseless	60
horseman	35
horsemanship	50
horsemen	50
horseplay	35
horsepower	35
horseradish	35
horseradishes	35
horses	35
horseshit	60
horseshoe	35
horseshoed	35
horseshoeing	35
horseshoes	35
horsetail	50
horsetails	50
horsetrading	60
horsewhip	50
horsewhipped	50
horsewhipping	50
horsewhips	50
horsewoman	50
horsewomen	50
horsey	50
horsier	50
horsiest	50
horsing	35
hortatory	60
horticultural	35
horticulturalist	60
horticulturalists	60
horticulture	35
horticulturist	50
horticulturists	50
hos	50
hosanna	50
hosannas	50
hose	35
hosed	35
hosepipe	60
hosepipes	60
hoses	35
hosier	60
hosiers	60
hosiery	35
hosing	35
hospholipase	60
hospice	40
hospices	40
hospitable	35
hospitably	50
hospital	35
hospitality	35
hospitalization	35
hospitalizations	35
hospitalize	35
hospitalized	35
hospitalizes	35
hospitalizing	35
hospitals	35
host	35
hosta	60
hostage	35
hostages	35
hostas	60
hosted	35
hostel	35
hosteled	35
hosteler	50
hostelers	50
hosteling	35
hostelries	50
hostelry	50
hostels	35
hostess	35
hostessed	35
hostesses	35
hostessing	35
hostile	35
hostilely	50
hostiles	35
hostilities	40
hostility	35
hosting	35
hostler	50
hostlers	50
hosts	35
hot	35
hotbed	35
hotbeds	35
hotblooded	60
hotbox	60
hotboxes	60
hotcake	40
hotcakes	40
hotel	35
hotelier	50
hoteliers	50
hotels	35
hotfoot	60
hotfooted	60
hotfooting	60
hotfoots	60
hothead	35
hotheaded	35
hotheadedly	50
hotheadedness	50
hotheads	35
hothouse	50
hothouses	50
hotkey	50
hotkeys	50
hotline	40
hotlines	40
hotly	35
hotness	50
hotpot	60
hotpots	60
hots	60
hotshot	40
hotshots	40
hotted	60
hotter	35
hottest	35
hottie	60
hotties	60
hotting	60
hound	35
hounded	35
hounding	35
hounds	35
houndstooth	60
hour	35
hourglass	35
hourglasses	35
houri	60
houris	60
hourlong	60
hourly	35
hours	35
house	35
houseboat	35
houseboats	35
housebound	40
houseboy	60
houseboys	60
housebreak	50
housebreaker	60
housebreakers	60
housebreaking	50
housebreaks	50
housebroke	50
housebroken	40
houseclean	60
housecleaned	60
housecleaning	60
housecleans	60
housecoat	50
housecoats	50
housed	35
houseflies	50
housefly	50
houseful	60
housefuls	60
houseguest	60
houseguests	60
household	35
householder	50
householders	50
households	35
househusband	40
househusbands	40
housekeeper	35
housekeepers	35
housekeeping	40
houselights	60
housemaid	50
housemaids	50
houseman	60
housemaster	60
housemasters	60
housemate	60
housemates	60
housemen	60
housemistress	60
housemistresses	60
housemother	50
housemothers	50
houseparent	60
houseparents	60
houseplant	50
houseplants	50
houseproud	60
houseroom	60
houses	35
housetop	50
housetops	50
housewares	40
housewarming	35
housewarmings	35
housewife	35
housewifely	60
housewives	35
housework	35
housing	35
housings	35
hove	35
hovel	35
hovels	35
hover	35
hoverboard	50
hoverboards	50
hovercraft	50
hovercrafts	50
hovered	35
hovering	35
hovers	35
how	35
howbeit	60
howdah	50
howdahs	50
howdy	40
however	35
howitzer	50
howitzers	50
howl	35
howled	35
howler	50
howlers	50
howling	35
howls	35
hows	35
howsoever	50
hoyden	60
hoydenish	60
hoydens	60
huarache	60
huaraches	60
hub	35
hubbies	60
hubbub	35
hubbubs	35
hubby	60
hubcap	40
hubcaps	40
hubris	50
hubs	35
huckleberries	50
huckleberry	50
huckster	50
huckstered	50
huckstering	50
hucksterism	60
hucksters	50
huddle	35
huddled	35
huddles	35
huddling	35
hue	35
hued	60
hues	35
huff	35
huffed	35
huffier	35
huffiest	35
huffily	50
huffiness	60
huffing	35
huffs	35
huffy	35
hug	35
huge	35
hugely	35
hugeness	50
huger	35
hugest	35
huggable	60
hugged	35
hugger	60
huggers	60
hugging	35
hugs	35
huh	35
hula	50
hulas	50
hulk	35
hulking	35
hulks	35
hull	35
hullabaloo	35
hullabaloos	35
hulled	35
huller	60
hullers	60
hulling	35
hulls	35
hum	35
human	35
humane	35
humanely	35
humaneness	50
humaner	35
humanest	35
humanism	35
humanist	35
humanistic	50
humanists	40
humanitarian	35
humanitarianism	40
humanitarians	35
humanities	35
humanity	35
humanization	50
humanize	35
humanized	35
humanizer	50
humanizers	50
humanizes	35
humanizing	35
humankind	40
humanlike	60
humanly	35
humanness	50
humanoid	50
humanoids	50
humans	35
humble	35
humbled	35
humbleness	50
humbler	35
humblers	60
humbles	35
humblest	35
humbling	35
humbly	35
humbug	35
humbugged	50
humbugging	50
humbugs	50
humdinger	50
humdingers	50
humdrum	35
humeral	60
humeri	50
humerus	50
humid	35
humidification	60
humidified	35
humidifier	50
humidifiers	50
humidifies	35
humidify	35
humidifying	35
humidity	35
humidly	60
humidor	50
humidors	50
humiliate	35
humiliated	35
humiliates	35
humiliating	35
humiliatingly	60
humiliation	35
humiliations	35
humility	35
hummed	35
hummer	60
hummers	60
humming	35
hummingbird	35
hummingbirds	35
hummock	50
hummocks	50
hummocky	60
hummus	50
humongous	50
humor	35
humored	35
humoresque	60
humoring	35
humorist	35
humorists	35
humorless	50
humorlessly	60
humorlessness	50
humorous	35
humorously	35
humorousness	60
humors	35
hump	35
humpback	50
humpbacked	50
humpbacks	50
humped	35
humph	60
humphed	60
humphing	60
humphs	60
humping	35
humps	35
hums	35
hunch	35
hunchback	35
hunchbacked	50
hunchbacks	35
hunched	35
hunches	35
hunching	35
hundred	35
hundredfold	50
hundreds	35
hundredth	35
hundredths	35
hundredweight	50
hundredweights	50
hung	35
hunger	35
hungered	35
hungering	35
hungers	35
hungover	60
hungrier	35
hungriest	35
hungrily	35
hungriness	60
hungry	35
hunk	35
hunker	40
hunkered	40
hunkering	40
hunkers	40
hunkier	60
hunkiest	60
hunks	35
hunky	60
hunt	35
hunted	35
hunter	35
hunters	35
hunting	35
huntress	50
huntresses	50
hunts	35
huntsman	50
huntsmen	50
hurdle	35
hurdled	35
hurdler	40
hurdlers	40
hurdles	35
hurdling	35
hurl	35
hurled	35
hurler	50
hurlers	50
hurling	35
hurls	35
hurrah	35
hurrahed	35
hurrahing	35
hurrahs	35
hurricane	35
hurricanes	35
hurried	35
hurriedly	35
hurries	35
hurry	35
hurrying	35
hurt	35
hurtful	35
hurtfully	60
hurtfulness	60
hurting	35
hurtle	35
hurtled	35
hurtles	35
hurtling	35
hurts	35
husband	35
husbanded	35
husbanding	35
husbandman	60
husbandmen	60
husbandry	50
husbands	35
hush	35
hushed	35
hushes	35
hushing	35
husk	35
husked	35
husker	50
huskers	50
huskier	35
huskies	35
huskiest	35
huskily	35
huskiness	35
husking	35
husks	35
husky	35
hussar	50
hussars	50
hussies	50
hussy	50
hustings	50
hustle	35
hustled	35
hustler	35
hustlers	35
hustles	35
hustling	35
hut	35
hutch	35
hutches	35
huts	35
huzzah	60
huzzahed	60
huzzahing	60
huzzahs	60
hyacinth	35
hyacinths	35
hybrid	35
hybridism	60
hybridization	60
hybridize	50
hybridized	50
hybridizes	50
hybridizing	50
hybrids	35
hydra	50
hydrangea	50
hydrangeas	50
hydrant	35
hydrants	35
hydras	50
hydrate	50
hydrated	50
hydrates	50
hydrating	50
hydration	60
hydraulic	35
hydraulically	50
hydraulics	35
hydro	60
hydrocarbon	50
hydrocarbons	50
hydrocephalus	60
hydrochloride	60
hydrocortisone	60
hydrodynamic	60
hydrodynamics	60
hydroelectric	35
hydroelectrically	60
hydroelectricity	50
hydrofoil	50
hydrofoils	50
hydrogen	35
hydrogenate	50
hydrogenated	50
hydrogenates	50
hydrogenating	50
hydrogenation	60
hydrogenous	60
hydrologist	60
hydrologists	60
hydrology	50
hydrolysis	50
hydrolyze	60
hydrolyzed	60
hydrolyzes	60
hydrolyzing	60
hydrometer	50
hydrometers	50
hydrometry	60
hydrophilic	60
hydrophobia	50
hydrophobic	60
hydrophone	60
hydrophones	60
hydroplane	35
hydroplaned	35
hydroplanes	35
hydroplaning	35
hydroponic	50
hydroponically	60
hydroponics	50
hydropower	60
hydrosphere	50
hydrotherapy	50
hydrothermal	60
hydrous	60
hydroxide	60
hydroxides	60
hyena	35
hyenas	35
hygiene	35
hygienic	35
hygienically	40
hygienist	50
hygienists	50
hygrometer	50
hygrometers	50
hymen	50
hymeneal	60
hymens	50
hymn	35
hymnal	35
hymnals	35
hymnbook	60
hymnbooks	60
hymned	35
hymning	35
hymns	35
hype	40
hyped	40
hyper	40
hyperactive	40
hyperactivity	40
hyperbola	60
hyperbolas	60
hyperbole	35
hyperbolic	50
hypercritical	50
hypercritically	50
hypercube	60
hypercubes	60
hyperglycemia	60
hyperinflation	60
hyperlink	50
hyperlinked	50
hyperlinking	50
hyperlinks	50
hypermarket	50
hypermarkets	60
hypermedia	60
hyperparathyroidism	60
hyperplane	60
hyperplanes	60
hypersensitive	40
hypersensitiveness	60
hypersensitivities	50
hypersensitivity	50
hypersonic	60
hyperspace	50
hypertension	35
hypertensive	60
hypertensives	60
hypertext	50
hyperthyroid	60
hyperthyroidism	60
hypertrophied	60
hypertrophies	60
hypertrophy	60
hypertrophying	60
hyperventilate	40
hyperventilated	40
hyperventilates	40
hyperventilating	40
hyperventilation	50
hypervisor	60
hypervisors	60
hypes	40
hyphen	35
hyphenate	35
hyphenated	35
hyphenates	35
hyphenating	35
hyphenation	35
hyphenations	40
hyphened	35
hyphening	35
hyphens	35
hyping	40
hypnosis	35
hypnotherapist	60
hypnotherapists	60
hypnotherapy	60
hypnotic	35
hypnotically	50
hypnotics	35
hypnotism	35
hypnotist	35
hypnotists	35
hypnotize	35
hypnotized	35
hypnotizes	35
hypnotizing	35
hypo	50
hypoallergenic	50
hypochondria	35
hypochondriac	35
hypochondriacs	35
hypocrisies	35
hypocrisy	35
hypocrite	35
hypocrites	35
hypocritical	35
hypocritically	40
hypodermic	40
hypodermics	40
hypoglycemia	50
hypoglycemic	50
hypoglycemics	50
hypos	50
hypotenuse	35
hypotenuses	35
hypothalami	50
hypothalamus	50
hypothermia	40
hypotheses	35
hypothesis	35
hypothesize	50
hypothesized	35
hypothesizes	50
hypothesizing	50
hypothetical	35
hypothetically	40
hypothyroid	60
hypothyroidism	60
hyssop	60
hysterectomies	40
hysterectomy	40
hysteresis	50
hysteria	35
hysteric	50
hysterical	35
hysterically	35
hysterics	35
i	40
iamb	50
iambic	50
iambics	50
iambs	50
iambus	60
iambuses	60
ibex	50
ibexes	50
ibid	60
ibidem	60
ibis	50
ibises	50
ibuprofen	50
ice	35
iceberg	35
icebergs	35
iceboat	60
iceboats	60
icebound	50
icebox	40
iceboxes	40
icebreaker	35
icebreakers	35
icecap	40
icecaps	40
iced	35
icemaker	60
icemakers	60
iceman	60
icemen	60
ices	35
ichthyologist	60
ichthyologists	60
ichthyology	60
icicle	35
icicles	35
icier	35
iciest	35
icily	50
iciness	50
icing	35
icings	35
ickier	40
ickiest	40
icky	40
icon	35
iconic	60
iconoclasm	60
iconoclast	50
iconoclastic	50
iconoclasts	50
iconography	60
icons	35
ictus	60
icy	35
id	35
idea	35
ideal	35
idealism	40
idealist	35
idealistic	35
idealistically	50
idealists	35
idealization	50
idealizations	50
idealize	35
idealized	35
idealizes	35
idealizing	35
ideally	35
ideals	35
ideas	35
ideation	60
ideations	60
idem	60
identical	35
identically	35
identifiable	35
identification	35
identifications	35
identified	35
identifier	35
identifiers	35
identifies	35
identify	35
identifying	35
identikit	60
identikits	60
identities	35
identity	35
ideogram	50
ideograms	50
ideograph	50
ideographs	50
ideological	35
ideologically	35
ideologies	35
ideologist	50
ideologists	50
ideologue	60
ideologues	60
ideology	35
ides	50
idiocies	35
idiocy	35
idiom	35
idiomatic	35
idiomatically	50
idioms	35
idiopathic	60
idiosyncrasies	35
idiosyncrasy	35
idiosyncratic	35
idiosyncratically	60
idiot	35
idiotic	35
idiotically	40
idiots	35
idle	35
idled	35
idleness	40
idler	35
idlers	50
idles	35
idlest	35
idling	35
idly	35
idol	35
idolater	50
idolaters	50
idolatress	60
idolatresses	60
idolatrous	40
idolatry	40
idolization	60
idolize	35
idolized	35
idolizes	35
idolizing	35
idols	35
ids	50
idyll	50
idyllic	35
idyllically	60
idylls	50
if	35
iffier	40
iffiest	40
iffiness	60
iffy	40
ifs	35
igloo	35
igloos	35
igneous	50
ignitable	60
ignite	35
ignited	35
ignites	35
igniting	35
ignition	35
ignitions	35
ignoble	50
ignobly	50
ignominies	50
ignominious	50
ignominiously	50
ignominy	50
ignoramus	50
ignoramuses	50
ignorance	35
ignorant	35
ignorantly	50
ignore	35
ignored	35
ignores	35
ignoring	35
iguana	35
iguanas	35
ilea	60
ileitis	60
ileum	60
ilia	60
ilium	60
ilk	35
ilks	50
ill	35
illegal	35
illegalities	50
illegality	50
illegally	35
illegals	35
illegibility	50
illegible	35
illegibly	35
illegitimacy	40
illegitimate	35
illegitimately	50
illiberal	50
illiberality	60
illiberally	60
illicit	35
illicitly	50
illicitness	50
illimitable	60
illiteracy	35
illiterate	35
illiterately	60
illiterates	35
illness	35
illnesses	35
illogical	35
illogicality	60
illogically	40
ills	35
illuminable	60
illuminate	35
illuminated	35
illuminates	35
illuminating	35
illuminatingly	60
illumination	35
illuminations	35
illumine	50
illumined	50
illumines	50
illumining	50
illusion	35
illusionist	60
illusionists	60
illusions	35
illusive	50
illusory	35
illustrate	35
illustrated	35
illustrates	35
illustrating	35
illustration	35
illustrations	35
illustrative	35
illustratively	60
illustrator	35
illustrators	35
illustrious	35
illustriously	60
illustriousness	60
image	35
imaged	35
imagery	35
images	35
imaginable	35
imaginably	50
imaginal	60
imaginary	35
imagination	35
imaginations	35
imaginative	35
imaginatively	40
imagine	35
imagined	35
imagines	35
imaging	35
imagining	35
imaginings	60
imago	60
imagoes	60
imam	50
imams	50
imbalance	35
imbalanced	40
imbalances	35
imbecile	35
imbeciles	35
imbecilic	50
imbecilities	50
imbecility	50
imbibe	40
imbibed	40
imbiber	60
imbibers	60
imbibes	40
imbibing	40
imbrication	60
imbroglio	50
imbroglios	50
imbue	40
imbued	40
imbues	40
imbuing	40
imitable	60
imitate	35
imitated	35
imitates	35
imitating	35
imitation	35
imitations	35
imitative	35
imitatively	60
imitativeness	60
imitator	35
imitators	35
immaculate	35
immaculately	35
immaculateness	50
immanence	50
immanency	60
immanent	50
immanently	60
immaterial	35
immateriality	60
immaterially	60
immaterialness	60
immature	35
immaturely	50
immaturity	35
immeasurable	35
immeasurably	35
immediacies	60
immediacy	40
immediate	35
immediately	35
immediateness	60
immemorial	50
immemorially	60
immense	35
immensely	35
immensities	35
immensity	35
immerse	35
immersed	35
immerses	35
immersible	60
immersing	35
immersion	35
immersions	35
immersive	50
immigrant	35
immigrants	35
immigrate	35
immigrated	35
immigrates	35
immigrating	35
immigration	35
imminence	50
imminent	35
imminently	35
immobile	35
immobility	40
immobilization	50
immobilize	35
immobilized	35
immobilizer	60
immobilizers	60
immobilizes	35
immobilizing	35
immoderate	50
immoderately	50
immodest	50
immodestly	50
immodesty	50
immolate	50
immolated	50
immolates	50
immolating	50
immolation	50
immoral	35
immoralities	35
immorality	35
immorally	40
immortal	35
immortality	35
immortalize	40
immortalized	40
immortalizes	40
immortalizing	40
immortally	50
immortals	35
immovability	60
immovable	35
immovably	50
immune	35
immunities	35
immunity	35
immunization	35
immunizations	35
immunize	35
immunized	35
immunizes	35
immunizing	35
immunocompromised	60
immunodeficiency	60
immunodeficient	60
immunoglobulin	60
immunoglobulins	60
immunologic	60
immunological	60
immunologist	60
immunologists	60
immunology	50
immure	50
immured	50
immures	50
immuring	50
immutability	50
immutable	40
immutably	50
imp	35
impact	35
impacted	35
impactful	60
impacting	35
impacts	35
impair	35
impaired	35
impairing	35
impairment	35
impairments	35
impairs	35
impala	50
impalas	50
impale	35
impaled	35
impalement	50
impales	35
impaling	35
impalpable	50
impalpably	60
impanel	50
impaneled	50
impaneling	50
impanels	50
impart	35
imparted	35
impartial	35
impartiality	35
impartially	35
imparting	35
imparts	35
impassable	35
impassably	60
impasse	35
impasses	35
impassibility	60
impassible	60
impassibly	60
impassioned	35
impassive	35
impassively	50
impassiveness	60
impassivity	50
impasto	60
impatience	35
impatiences	35
impatiens	60
impatient	35
impatiently	35
impeach	35
impeachable	60
impeached	35
impeacher	60
impeachers	60
impeaches	35
impeaching	35
impeachment	40
impeachments	40
impeccability	50
impeccable	35
impeccably	40
impecunious	50
impecuniously	60
impecuniousness	50
impedance	35
impede	35
impeded	35
impedes	35
impediment	35
impedimenta	50
impediments	35
impeding	35
impel	35
impelled	35
impeller	60
impellers	60
impelling	35
impels	35
impend	50
impended	50
impending	35
impends	50
impenetrability	50
impenetrable	35
impenetrably	50
impenitence	50
impenitent	50
impenitently	60
imperative	35
imperatively	50
imperatives	35
imperceptibility	60
imperceptible	35
imperceptibly	35
imperceptive	60
imperfect	35
imperfection	35
imperfections	35
imperfectly	35
imperfectness	60
imperfects	35
imperial	35
imperialism	35
imperialist	35
imperialistic	50
imperialistically	60
imperialists	40
imperially	50
imperials	35
imperil	35
imperiled	35
imperiling	35
imperilment	60
imperils	35
imperious	50
imperiously	50
imperiousness	50
imperishable	50
imperishably	60
impermanence	50
impermanent	50
impermanently	60
impermeability	60
impermeable	50
impermeably	60
impermissible	50
impersonal	35
impersonally	35
impersonate	35
impersonated	35
impersonates	35
impersonating	35
impersonation	35
impersonations	35
impersonator	40
impersonators	40
impertinence	35
impertinences	35
impertinent	35
impertinently	50
imperturbability	50
imperturbable	50
imperturbably	50
impervious	35
imperviously	60
impetigo	50
impetuosity	50
impetuous	35
impetuously	35
impetuousness	60
impetus	35
impetuses	35
impieties	50
impiety	50
impinge	35
impinged	35
impingement	50
impinges	35
impinging	35
impious	50
impiously	50
impiousness	60
impish	35
impishly	50
impishness	50
implacability	50
implacable	35
implacably	50
implant	35
implantable	60
implantation	50
implanted	35
implanting	35
implants	35
implausibilities	50
implausibility	50
implausible	35
implausibly	50
implement	35
implementable	35
implementation	35
implementations	35
implemented	35
implementer	35
implementing	35
implements	35
implicate	35
implicated	35
implicates	35
implicating	35
implication	35
implications	35
implicit	35
implicitly	35
implicitness	60
implied	35
implies	35
implode	40
imploded	40
implodes	40
imploding	40
implore	35
implored	35
implores	35
imploring	35
imploringly	60
implosion	50
implosions	50
implosive	60
imply	35
implying	35
impolite	35
impolitely	40
impoliteness	50
impolitenesses	50
impolitic	50
imponderable	50
imponderables	50
import	35
importable	60
importance	35
important	35
importantly	35
importation	35
importations	35
imported	35
importer	40
importers	40
importing	35
imports	35
importunate	50
importunately	60
importune	50
importuned	50
importunes	50
importuning	50
importunity	50
impose	35
imposed	35
imposer	60
imposers	60
imposes	35
imposing	35
imposingly	50
imposition	35
impositions	35
impossibilities	35
impossibility	35
impossible	35
impossibly	35
impost	60
impostor	35
impostors	35
imposts	60
imposture	50
impostures	50
impotence	35
impotency	60
impotent	35
impotently	50
impound	35
impounded	35
impounding	35
impounds	35
impoverish	35
impoverished	35
impoverishes	35
impoverishing	35
impoverishment	50
impracticability	60
impracticable	50
impracticably	50
impractical	35
impracticality	50
impractically	60
imprecate	60
imprecated	60
imprecates	60
imprecating	60
imprecation	50
imprecations	50
imprecise	35
imprecisely	50
impreciseness	60
imprecision	50
impregnability	50
impregnable	35
impregnably	50
impregnate	35
impregnated	35
impregnates	35
impregnating	35
impregnation	50
impresario	50
impresarios	50
impress	35
impressed	35
impresses	35
impressibility	60
impressible	60
impressing	35
impression	35
impressionability	60
impressionable	35
impressionism	50
impressionist	50
impressionistic	40
impressionists	50
impressions	35
impressive	35
impressively	35
impressiveness	50
imprimatur	50
imprimaturs	50
imprint	35
imprinted	35
imprinter	60
imprinters	60
imprinting	35
imprints	35
imprison	35
imprisoned	35
imprisoning	35
imprisonment	35
imprisonments	35
imprisons	35
improbabilities	35
improbability	35
improbable	35
improbably	35
impromptu	35
impromptus	35
improper	35
improperly	35
improprieties	35
impropriety	35
improv	60
improvable	50
improve	35
improved	35
improvement	35
improvements	35
improves	35
improvidence	50
improvident	50
improvidently	50
improving	35
improvisation	35
improvisational	60
improvisations	35
improvise	35
improvised	35
improviser	60
improvisers	60
improvises	35
improvising	35
improvs	60
imprudence	50
imprudent	50
imprudently	60
imps	35
impudence	35
impudent	35
impudently	50
impugn	50
impugned	50
impugner	60
impugners	60
impugning	50
impugns	50
impulse	35
impulsed	35
impulses	35
impulsing	35
impulsion	50
impulsive	35
impulsively	35
impulsiveness	40
impulsivity	60
impunity	35
impure	35
impurely	50
impurities	35
impurity	35
imputable	60
imputation	50
imputations	50
impute	50
imputed	50
imputes	50
imputing	50
in	35
inabilities	35
inability	35
inaccessibility	40
inaccessible	35
inaccessibly	60
inaccuracies	35
inaccuracy	35
inaccurate	35
inaccurately	50
inaction	35
inactivate	60
inactivated	60
inactivates	60
inactivating	60
inactivation	60
inactive	35
inactively	60
inactivity	35
inadequacies	35
inadequacy	35
inadequate	35
inadequately	35
inadmissibility	60
inadmissible	35
inadvertence	50
inadvertent	35
inadvertently	35
inadvisability	60
inadvisable	35
inalienability	60
inalienable	35
inalienably	60
inamorata	50
inamoratas	50
inane	35
inanely	50
inaner	35
inanest	35
inanimate	35
inanimately	60
inanimateness	60
inanities	50
inanity	50
inapplicable	35
inappreciable	60
inappreciably	60
inapproachable	60
inappropriate	35
inappropriately	50
inappropriateness	60
inapt	50
inaptly	60
inaptness	60
inarguable	60
inarticulacy	60
inarticulate	35
inarticulately	50
inarticulateness	60
inartistic	60
inasmuch	35
inattention	40
inattentive	40
inattentively	60
inattentiveness	60
inaudibility	60
inaudible	35
inaudibly	40
inaugural	35
inaugurals	35
inaugurate	35
inaugurated	35
inaugurates	35
inaugurating	35
inauguration	35
inaugurations	35
inauspicious	35
inauspiciously	60
inauthentic	60
inboard	50
inboards	50
inborn	35
inbound	50
inbox	50
inboxes	50
inbred	35
inbreed	50
inbreeding	35
inbreeds	50
inbuilt	35
incalculable	35
incalculably	50
incandescence	35
incandescent	35
incandescently	60
incantation	35
incantations	35
incapability	50
incapable	35
incapably	60
incapacitate	35
incapacitated	35
incapacitates	35
incapacitating	35
incapacitation	60
incapacity	35
incarcerate	35
incarcerated	35
incarcerates	35
incarcerating	35
incarceration	35
incarcerations	35
incarnadine	60
incarnadined	60
incarnadines	60
incarnadining	60
incarnate	35
incarnated	35
incarnates	35
incarnating	35
incarnation	35
incarnations	35
incautious	50
incautiously	60
incendiaries	35
incendiary	35
incense	35
incensed	35
incenses	35
incensing	35
incentive	35
incentives	35
incentivize	60
incentivized	60
incentivizes	60
incentivizing	60
inception	35
inceptions	35
incertitude	60
incessant	35
incessantly	35
incest	35
incestuous	35
incestuously	60
incestuousness	60
inch	35
inched	35
inches	35
inching	35
inchoate	50
inchworm	60
inchworms	60
incidence	35
incidences	35
incident	35
incidental	35
incidentally	35
incidentals	35
incidents	35
incinerate	35
incinerated	35
incinerates	35
incinerating	35
incineration	40
incinerator	35
incinerators	35
incipience	60
incipient	50
incipiently	60
incise	50
incised	50
incises	50
incising	50
incision	35
incisions	35
incisive	35
incisively	50
incisiveness	50
incisor	35
incisors	35
incite	35
incited	35
incitement	35
incitements	35
inciter	60
inciters	60
incites	35
inciting	35
incivilities	50
incivility	50
inclemency	50
inclement	50
inclination	35
inclinations	35
incline	35
inclined	35
inclines	35
inclining	35
include	35
included	35
includes	35
including	35
inclusion	35
inclusions	35
inclusive	35
inclusively	50
inclusiveness	60
inclusivity	60
incognito	35
incognitos	35
incoherence	35
incoherent	35
incoherently	35
incombustible	50
income	35
incomer	60
incomers	60
incomes	35
incoming	35
incommensurate	50
incommensurately	60
incommode	60
incommoded	60
incommodes	60
incommoding	60
incommodious	60
incommunicable	60
incommunicado	50
incomparable	35
incomparably	50
incompatibilities	35
incompatibility	35
incompatible	35
incompatibles	35
incompatibly	35
incompetence	35
incompetency	60
incompetent	35
incompetently	40
incompetents	35
incomplete	35
incompletely	40
incompleteness	50
incomprehensibility	60
incomprehensible	35
incomprehensibly	50
incomprehension	60
inconceivability	60
inconceivable	35
inconceivably	50
inconclusive	35
inconclusively	40
inconclusiveness	60
incongruent	60
incongruities	35
incongruity	35
incongruous	35
incongruously	50
incongruousness	60
inconsequential	35
inconsequentially	50
inconsiderable	35
inconsiderate	35
inconsiderately	50
inconsiderateness	50
inconsideration	60
inconsistencies	35
inconsistency	35
inconsistent	35
inconsistently	40
inconsolable	35
inconsolably	60
inconspicuous	35
inconspicuously	40
inconspicuousness	50
inconstancy	50
inconstant	50
inconstantly	60
incontestability	60
incontestable	50
incontestably	50
incontinence	40
incontinent	40
incontrovertible	50
incontrovertibly	50
inconvenience	35
inconvenienced	35
inconveniences	35
inconveniencing	35
inconvenient	35
inconveniently	35
incorporate	35
incorporated	35
incorporates	35
incorporating	35
incorporation	35
incorporeal	50
incorrect	35
incorrectly	35
incorrectness	50
incorrigibility	50
incorrigible	35
incorrigibly	50
incorruptibility	50
incorruptible	50
incorruptibly	60
increase	35
increased	35
increases	35
increasing	35
increasingly	35
incredibility	50
incredible	35
incredibly	35
incredulity	35
incredulous	35
incredulously	50
increment	35
incremental	35
incrementalism	60
incrementalist	60
incrementalists	60
incrementally	60
incremented	35
incrementing	60
increments	35
incriminate	35
incriminated	35
incriminates	35
incriminating	35
incrimination	40
incriminatory	50
incrustation	50
incrustations	50
incubate	35
incubated	35
incubates	35
incubating	35
incubation	35
incubator	35
incubators	35
incubus	50
incubuses	50
inculcate	50
inculcated	50
inculcates	50
inculcating	50
inculcation	50
inculpable	60
inculpate	50
inculpated	50
inculpates	50
inculpating	50
incumbencies	50
incumbency	50
incumbent	35
incumbents	35
incunabula	60
incunabulum	60
incur	35
incurable	35
incurables	35
incurably	40
incurious	50
incurred	35
incurring	35
incurs	35
incursion	50
incursions	50
indebted	35
indebtedness	40
indecencies	35
indecency	35
indecent	35
indecently	40
indecipherable	50
indecision	35
indecisive	35
indecisively	40
indecisiveness	50
indecorous	50
indecorously	60
indeed	35
indefatigable	50
indefatigably	50
indefeasible	60
indefeasibly	60
indefensible	35
indefensibly	50
indefinable	35
indefinably	40
indefinite	35
indefinitely	35
indefiniteness	60
indelible	35
indelibly	35
indelicacies	50
indelicacy	50
indelicate	35
indelicately	50
indemnification	50
indemnifications	50
indemnified	40
indemnifies	40
indemnify	40
indemnifying	40
indemnities	40
indemnity	40
indemonstrable	60
indent	35
indentation	35
indentations	35
indented	35
indenting	35
indention	60
indents	35
indenture	50
indentured	50
indentures	50
indenturing	50
independence	35
independent	35
independently	35
independents	35
indescribable	35
indescribably	40
indestructibility	60
indestructible	35
indestructibly	50
indeterminable	50
indeterminably	60
indeterminacy	50
indeterminate	35
indeterminately	50
index	35
indexation	60
indexations	60
indexed	35
indexer	60
indexers	60
indexes	35
indexing	35
indicate	35
indicated	35
indicates	35
indicating	35
indication	35
indications	35
indicative	35
indicatively	60
indicatives	35
indicator	35
indicators	35
indices	35
indict	35
indictable	50
indicted	35
indicting	35
indictment	35
indictments	35
indicts	35
indie	60
indies	60
indifference	35
indifferent	35
indifferently	40
indigence	50
indigenous	35
indigent	40
indigently	60
indigents	40
indigestible	35
indigestion	35
indignant	35
indignantly	35
indignation	35
indignities	35
indignity	35
indigo	35
indirect	35
indirected	35
indirecting	35
indirection	35
indirectly	35
indirectness	40
indirects	35
indiscernible	50
indiscipline	60
indiscreet	35
indiscreetly	50
indiscretion	35
indiscretions	35
indiscriminate	35
indiscriminately	35
indispensability	60
indispensable	35
indispensables	35
indispensably	50
indisposed	35
indisposition	50
indispositions	50
indisputable	35
indisputably	50
indissolubility	60
indissoluble	50
indissolubly	60
indistinct	35
indistinctly	40
indistinctness	50
indistinguishable	35
indistinguishably	60
indite	60
indited	60
indites	60
inditing	60
indium	60
individual	35
individualism	35
individualist	35
individualistic	40
individualistically	60
individualists	35
individuality	35
individualization	60
individualize	50
individualized	50
individualizes	50
individualizing	50
individually	35
individuals	35
individuate	60
individuated	60
individuates	60
individuating	60
individuation	60
indivisibility	50
indivisible	35
indivisibly	50
indoctrinate	35
indoctrinated	35
indoctrinates	35
indoctrinating	35
indoctrination	35
indolence	35
indolent	35
indolently	50
indomitable	35
indomitably	50
indoor	35
indoors	35
indubitable	50
indubitably	50
induce	35
induced	35
inducement	35
inducements	35
inducer	60
inducers	60
induces	35
inducing	35
induct	35
inductance	50
inducted	35
inductee	50
inductees	50
inducting	35
induction	35
inductions	35
inductive	50
inductively	60
inducts	35
indulge	35
indulged	35
indulgence	35
indulgences	35
indulgent	35
indulgently	50
indulges	35
indulging	35
industrial	35
industrialism	50
industrialist	35
industrialists	35
industrialization	35
industrialize	35
industrialized	35
industrializes	35
industrializing	35
industrially	50
industrials	60
industries	35
industrious	35
industriously	50
industriousness	50
industry	35
indwell	60
indwelling	60
indwells	60
indwelt	60
inebriate	50
inebriated	40
inebriates	50
inebriating	50
inebriation	40
inedible	35
ineducable	50
ineffability	60
ineffable	50
ineffably	50
ineffective	35
ineffectively	50
ineffectiveness	40
ineffectual	35
ineffectually	50
inefficacy	60
inefficiencies	35
inefficiency	35
inefficient	35
inefficiently	35
inelastic	50
inelegance	50
inelegant	35
inelegantly	50
ineligibility	40
ineligible	35
ineligibles	35
ineligibly	60
ineluctable	50
ineluctably	50
inept	35
ineptitude	35
ineptly	50
ineptness	50
inequalities	35
inequality	35
inequitable	50
inequitably	60
inequities	40
inequity	40
ineradicable	60
inerrant	60
inert	35
inertia	35
inertial	35
inertly	50
inertness	50
inescapable	35
inescapably	50
inessential	40
inessentials	40
inestimable	50
inestimably	50
inevitability	40
inevitable	35
inevitables	35
inevitably	35
inexact	35
inexactly	60
inexactness	60
inexcusable	35
inexcusably	50
inexhaustible	35
inexhaustibly	50
inexorability	60
inexorable	35
inexorably	35
inexpedience	60
inexpediency	60
inexpedient	50
inexpensive	35
inexpensively	40
inexpensiveness	60
inexperience	35
inexperienced	35
inexpert	50
inexpertly	60
inexpiable	60
inexplicable	35
inexplicably	35
inexpressible	50
inexpressibly	60
inexpressive	60
inextinguishable	50
inextricable	50
inextricably	35
infallibility	40
infallible	35
infallibly	50
infamies	35
infamous	35
infamously	50
infamy	35
infancy	35
infant	35
infanticide	50
infanticides	50
infantile	35
infantilize	60
infantilized	60
infantilizes	60
infantilizing	60
infantries	35
infantry	35
infantryman	50
infantrymen	50
infants	35
infarct	60
infarction	50
infarcts	60
infatuate	50
infatuated	40
infatuates	50
infatuating	50
infatuation	35
infatuations	35
infeasible	35
infect	35
infected	35
infecting	35
infection	35
infections	35
infectious	35
infectiously	50
infectiousness	50
infects	35
infelicities	35
infelicitous	50
infelicity	35
infer	35
inference	35
inferences	35
inferential	50
inferior	35
inferiority	35
inferiors	35
infernal	50
infernally	60
inferno	35
infernos	35
inferred	35
inferring	35
infers	35
infertile	35
infertility	40
infest	35
infestation	35
infestations	35
infested	35
infesting	35
infests	35
infidel	35
infidelities	35
infidelity	35
infidels	35
infield	35
infielder	40
infielders	40
infields	35
infighter	60
infighters	60
infighting	50
infill	60
infilled	60
infilling	60
infills	60
infiltrate	35
infiltrated	35
infiltrates	35
infiltrating	35
infiltration	35
infiltrator	40
infiltrators	40
infinite	35
infinitely	35
infinitesimal	35
infinitesimally	50
infinitesimals	35
infinities	35
infinitival	60
infinitive	35
infinitives	35
infinitude	50
infinity	35
infirm	35
infirmaries	35
infirmary	35
infirmities	35
infirmity	35
infix	35
inflame	35
inflamed	35
inflames	35
inflaming	35
inflammability	60
inflammable	35
inflammation	35
inflammations	35
inflammatory	35
inflatable	35
inflatables	40
inflate	35
inflated	35
inflates	35
inflating	35
inflation	35
inflationary	35
inflect	50
inflected	50
inflecting	50
inflection	35
inflectional	50
inflections	35
inflects	50
inflexibility	40
inflexible	35
inflexibly	40
inflict	35
inflicted	35
inflicting	35
infliction	40
inflictive	60
inflicts	35
inflorescence	50
inflorescent	60
inflow	50
inflows	60
influence	35
influenced	35
influencer	50
influencers	50
influences	35
influencing	35
influential	35
influentially	50
influenza	35
influx	35
influxes	35
info	35
infomercial	40
infomercials	40
inform	35
informal	35
informality	35
informally	35
informant	35
informants	35
informatics	60
information	35
informational	35
informative	35
informatively	60
informativeness	60
informed	35
informer	35
informers	35
informing	35
informs	35
infotainment	50
infra	60
infraction	35
infractions	35
infrared	35
infrasonic	60
infrastructural	60
infrastructure	35
infrastructures	40
infrequence	60
infrequency	50
infrequent	35
infrequently	35
infringe	35
infringed	35
infringement	35
infringements	35
infringes	35
infringing	35
infuriate	35
infuriated	35
infuriates	35
infuriating	35
infuriatingly	40
infuse	35
infused	35
infuser	60
infusers	60
infuses	35
infusing	35
infusion	35
infusions	35
ingenious	35
ingeniously	35
ingeniousness	60
ingenue	50
ingenues	50
ingenuity	35
ingenuous	50
ingenuously	50
ingenuousness	50
ingest	35
ingested	35
ingesting	35
ingestion	50
ingests	35
inglenook	60
inglenooks	60
inglorious	50
ingloriously	60
ingot	50
ingots	50
ingrain	60
ingrained	35
ingraining	60
ingrains	60
ingrate	50
ingrates	50
ingratiate	35
ingratiated	35
ingratiates	35
ingratiating	35
ingratiatingly	50
ingratiation	60
ingratitude	35
ingredient	35
ingredients	35
ingress	50
ingresses	50
ingrowing	60
ingrown	50
inguinal	60
inhabit	35
inhabitable	50
inhabitant	35
inhabitants	35
inhabited	35
inhabiting	35
inhabits	35
inhalant	50
inhalants	50
inhalation	40
inhalations	40
inhalator	50
inhalators	50
inhale	35
inhaled	35
inhaler	35
inhalers	35
inhales	35
inhaling	35
inharmonious	60
inhere	50
inhered	50
inherent	35
inherently	35
inheres	50
inhering	50
inherit	35
inheritable	60
inheritance	35
inheritances	35
inherited	35
inheriting	35
inheritor	50
inheritors	50
inherits	35
inhibit	35
inhibited	35
inhibiting	35
inhibition	35
inhibitions	35
inhibitor	60
inhibitors	60
inhibitory	60
inhibits	35
inhospitable	35
inhospitably	60
inhuman	35
inhumane	35
inhumanely	50
inhumanities	35
inhumanity	35
inhumanly	50
inimical	50
inimically	50
inimitable	50
inimitably	50
iniquities	50
iniquitous	50
iniquitously	60
iniquity	50
initial	35
initialed	35
initialing	35
initialism	60
initialisms	60
initialization	35
initialize	35
initialized	35
initializes	35
initializing	35
initially	35
initials	35
initiate	35
initiated	35
initiates	35
initiating	35
initiation	35
initiations	35
initiative	35
initiatives	35
initiator	35
initiators	35
initiatory	60
initio	50
inject	35
injected	35
injecting	35
injection	35
injections	35
injector	50
injectors	50
injects	35
injudicious	50
injudiciously	60
injudiciousness	60
injunction	35
injunctions	35
injunctive	60
injure	35
injured	35
injurer	60
injurers	60
injures	35
injuries	35
injuring	35
injurious	35
injury	35
injustice	35
injustices	35
ink	35
inkblot	60
inkblots	60
inked	35
inkier	35
inkiest	35
inkiness	50
inking	35
inkjet	60
inkling	35
inklings	35
inks	35
inkstand	60
inkstands	60
inkwell	50
inkwells	50
inky	35
inlaid	35
inland	35
inlay	35
inlaying	35
inlays	35
inlet	35
inlets	35
inline	50
inmate	35
inmates	35
inmost	50
inn	35
innards	35
innate	35
innately	50
innateness	60
inner	35
innermost	35
innersole	60
innersoles	60
innerspring	60
innervate	60
innervated	60
innervates	60
innervating	60
innervation	60
inning	35
innings	35
innit	60
innkeeper	35
innkeepers	35
innocence	35
innocent	35
innocently	35
innocents	35
innocuous	35
innocuously	50
innocuousness	60
innovate	40
innovated	40
innovates	40
innovating	40
innovation	35
innovations	35
innovative	35
innovatively	60
innovator	40
innovators	40
innovatory	60
inns	35
innuendo	35
innuendos	35
innumerable	35
innumerably	60
innumeracy	60
innumerate	60
inoculate	35
inoculated	35
inoculates	35
inoculating	35
inoculation	35
inoculations	35
inoffensive	35
inoffensively	50
inoffensiveness	60
inoperable	50
inoperative	35
inopportune	35
inopportunely	60
inordinate	35
inordinately	40
inorganic	40
inorganically	60
inositol	60
inpatient	40
inpatients	40
input	35
inputs	35
inputted	35
inputting	35
inquest	35
inquests	35
inquietude	50
inquire	35
inquired	35
inquirer	50
inquirers	50
inquires	35
inquiries	35
inquiring	35
inquiringly	50
inquiry	35
inquisition	35
inquisitional	60
inquisitions	35
inquisitive	35
inquisitively	50
inquisitiveness	50
inquisitor	50
inquisitorial	60
inquisitors	50
inquorate	60
inroad	50
inroads	40
inrush	60
inrushes	60
ins	35
insalubrious	60
insane	35
insanely	35
insaner	35
insanest	35
insanitary	60
insanity	35
insatiability	60
insatiable	35
insatiably	50
inscribe	35
inscribed	35
inscriber	60
inscribers	60
inscribes	35
inscribing	35
inscription	35
inscriptions	35
inscrutability	60
inscrutable	35
inscrutableness	60
inscrutably	50
inseam	50
inseams	50
insect	35
insecticidal	60
insecticide	35
insecticides	35
insectivore	50
insectivores	50
insectivorous	50
insects	35
insecure	35
insecurely	50
insecurities	35
insecurity	35
inseminate	50
inseminated	50
inseminates	50
inseminating	50
insemination	40
insensate	50
insensibility	50
insensible	50
insensibly	50
insensitive	35
insensitively	40
insensitivity	35
insentience	50
insentient	50
inseparability	50
inseparable	35
inseparables	35
inseparably	50
insert	35
inserted	35
inserting	35
insertion	35
insertions	35
inserts	35
inset	50
insets	50
insetting	50
inshore	50
inside	35
insider	35
insiders	35
insides	35
insidious	35
insidiously	50
insidiousness	50
insight	35
insightful	50
insightfully	60
insights	35
insignia	35
insignificance	35
insignificant	35
insignificantly	40
insincere	35
insincerely	35
insincerity	35
insinuate	35
insinuated	35
insinuates	35
insinuating	35
insinuation	35
insinuations	35
insinuative	60
insinuator	60
insinuators	60
insipid	35
insipidity	60
insipidly	60
insipidness	60
insist	35
insisted	35
insistence	35
insistent	35
insistently	40
insisting	35
insistingly	60
insists	35
insobriety	60
insofar	35
insole	50
insolence	35
insolent	35
insolently	50
insoles	50
insolubility	50
insoluble	35
insolubly	60
insolvable	50
insolvencies	35
insolvency	35
insolvent	35
insolvents	35
insomnia	35
insomniac	40
insomniacs	40
insomuch	60
insouciance	50
insouciant	50
inspect	35
inspected	35
inspecting	35
inspection	35
inspections	35
inspector	35
inspectorate	60
inspectorates	60
inspectors	35
inspects	35
inspiration	35
inspirational	40
inspirations	35
inspiratory	60
inspire	35
inspired	35
inspires	35
inspiring	35
inspirit	60
inspirited	60
inspiriting	60
inspirits	60
instabilities	35
instability	35
install	35
installable	60
installation	35
installations	35
installed	35
installer	60
installers	60
installing	35
installment	35
installments	35
installs	35
instance	35
instanced	35
instances	35
instancing	35
instant	35
instantaneous	35
instantaneously	35
instanter	60
instantiate	60
instantiated	60
instantiates	60
instantiating	60
instantly	35
instants	35
instar	60
instars	60
instate	60
instated	60
instates	60
instating	60
instead	35
instep	35
insteps	35
instigate	35
instigated	35
instigates	35
instigating	35
instigation	35
instigator	50
instigators	50
instill	35
instillation	60
instilled	35
instilling	35
instills	35
instinct	35
instinctive	35
instinctively	40
instincts	35
instinctual	60
institute	35
instituted	35
instituter	60
instituters	60
institutes	35
instituting	35
institution	35
institutional	35
institutionalization	60
institutionalize	50
institutionalized	50
institutionalizes	50
institutionalizing	50
institutionally	60
institutions	35
instruct	35
instructed	35
instructing	35
instruction	35
instructional	50
instructions	35
instructive	35
instructively	40
instructor	35
instructors	35
instructs	35
instrument	35
instrumental	35
instrumentalist	50
instrumentalists	50
instrumentality	50
instrumentally	60
instrumentals	35
instrumentation	50
instrumented	35
instrumenting	35
instruments	35
insubordinate	35
insubordination	35
insubstantial	35
insubstantially	60
insufferable	35
insufferably	50
insufficiency	40
insufficient	35
insufficiently	35
insula	60
insular	35
insularity	40
insulas	60
insulate	35
insulated	35
insulates	35
insulating	35
insulation	35
insulator	35
insulators	35
insulin	35
insult	35
insulted	35
insulting	35
insultingly	60
insults	35
insuperable	50
insuperably	60
insupportable	50
insurable	60
insurance	35
insurances	35
insure	35
insured	35
insureds	40
insurer	50
insurers	35
insures	35
insurgence	50
insurgences	50
insurgencies	40
insurgency	40
insurgent	35
insurgents	35
insuring	35
insurmountable	35
insurmountably	60
insurrection	35
insurrectionist	50
insurrectionists	50
insurrections	35
insusceptible	60
intact	35
intaglio	50
intaglios	50
intake	35
intakes	35
intangibility	60
intangible	35
intangibles	35
intangibly	50
integer	35
integers	35
integral	35
integrally	60
integrals	35
integrate	35
integrated	35
integrates	35
integrating	35
integration	35
integrative	60
integrator	50
integrity	35
integument	50
integuments	50
intel	50
intellect	35
intellects	35
intellectual	35
intellectualism	50
intellectualize	50
intellectualized	50
intellectualizes	50
intellectualizing	50
intellectually	35
intellectuals	35
intelligence	35
intelligent	35
intelligently	35
intelligentsia	50
intelligibility	50
intelligible	35
intelligibly	35
intemperance	50
intemperate	50
intemperately	60
intend	35
intended	35
intendeds	40
intending	35
intends	35
intense	35
intensely	35
intenser	35
intensest	35
intensification	50
intensified	35
intensifier	40
intensifiers	40
intensifies	35
intensify	35
intensifying	35
intensities	35
intensity	35
intensive	35
intensively	40
intensiveness	60
intensives	35
intent	35
intention	35
intentional	35
intentionally	35
intentions	35
intently	40
intentness	50
intents	35
inter	35
interact	35
interacted	35
interacting	35
interaction	35
interactions	35
interactive	35
interactively	35
interactivity	60
interacts	35
interagency	60
interbred	50
interbreed	50
interbreeding	50
interbreeds	50
intercede	35
interceded	35
intercedes	35
interceding	35
intercept	35
intercepted	35
intercepting	35
interception	35
interceptions	35
interceptor	50
interceptors	50
intercepts	35
intercession	50
intercessions	50
intercessor	50
intercessors	50
intercessory	60
interchange	35
interchangeability	60
interchangeable	35
interchangeably	40
interchanged	35
interchanges	35
interchanging	35
intercity	60
intercollegiate	50
intercom	35
intercommunicate	60
intercommunicated	60
intercommunicates	60
intercommunicating	60
intercommunication	60
intercoms	35
interconnect	35
interconnected	40
interconnectedness	60
interconnecting	40
interconnection	50
interconnections	50
interconnects	40
intercontinental	35
intercourse	35
intercultural	60
intercut	60
intercuts	60
intercutting	60
interdenominational	50
interdepartmental	50
interdependence	35
interdependent	35
interdependently	60
interdict	50
interdicted	50
interdicting	50
interdiction	50
interdicts	50
interdisciplinary	50
interest	35
interested	35
interesting	35
interestingly	35
interests	35
interface	35
interfaced	40
interfaces	35
interfacing	40
interfaith	50
interfere	35
interfered	35
interference	35
interferes	35
interfering	35
interferon	50
interfile	60
interfiled	60
interfiles	60
interfiling	60
intergalactic	50
intergenerational	60
intergovernmental	60
intergroup	60
interim	35
interior	35
interiors	35
interject	35
interjected	35
interjecting	35
interjection	35
interjections	35
interjects	35
interlace	50
interlaced	50
interlaces	50
interlacing	50
interlard	50
interlarded	50
interlarding	50
interlards	50
interleave	60
interleaved	50
interleaves	60
interleaving	60
interleukin	50
interline	60
interlinear	60
interlined	60
interlines	60
interlining	60
interlinings	60
interlink	60
interlinked	50
interlinking	60
interlinks	60
interlock	35
interlocked	35
interlocking	35
interlocks	35
interlocutor	60
interlocutors	60
interlocutory	50
interlope	60
interloped	60
interloper	35
interlopers	35
interlopes	60
interloping	60
interlude	35
interludes	35
intermarriage	35
intermarriages	35
intermarried	35
intermarries	35
intermarry	35
intermarrying	35
intermediaries	35
intermediary	35
intermediate	35
intermediately	60
intermediates	35
interment	35
interments	35
intermezzo	50
intermezzos	50
interminable	35
interminably	35
intermingle	35
intermingled	35
intermingles	35
intermingling	35
intermission	35
intermissions	35
intermittence	60
intermittency	60
intermittent	35
intermittently	35
intermix	60
intermixed	60
intermixes	60
intermixing	60
intern	35
internal	35
internalization	60
internalize	50
internalized	50
internalizes	50
internalizing	50
internally	35
internals	35
international	35
internationalism	50
internationalist	60
internationalists	60
internationalization	60
internationalize	50
internationalized	50
internationalizes	50
internationalizing	50
internationally	35
internationals	35
internecine	50
interned	35
internee	50
internees	50
internet	35
interning	35
internist	40
internists	40
internment	40
internments	40
interns	35
internship	40
internships	40
interoffice	50
interoperability	60
interoperable	60
interoperate	60
interoperates	60
interpenetrate	60
interpenetrated	60
interpenetrates	60
interpenetrating	60
interpenetration	60
interpersonal	40
interplanetary	35
interplay	35
interpolate	50
interpolated	50
interpolates	50
interpolating	50
interpolation	35
interpolations	50
interpose	35
interposed	35
interposes	35
interposing	35
interposition	50
interpret	35
interpretable	60
interpretation	35
interpretations	35
interpretative	50
interpreted	35
interpreter	35
interpreters	35
interpreting	35
interpretive	50
interprets	35
interracial	35
interred	35
interregnum	60
interregnums	60
interrelate	50
interrelated	40
interrelates	50
interrelating	50
interrelation	50
interrelations	50
interrelationship	50
interrelationships	50
interreligious	60
interring	35
interrogate	35
interrogated	35
interrogates	35
interrogating	35
interrogation	35
interrogations	35
interrogative	50
interrogatively	60
interrogatives	50
interrogator	35
interrogatories	50
interrogators	35
interrogatory	50
interrupt	35
interrupted	35
interrupter	60
interrupters	60
interrupting	35
interruption	35
interruptions	35
interrupts	35
inters	35
interscholastic	50
intersect	35
intersected	35
intersecting	35
intersection	35
intersectional	60
intersectionality	60
intersections	35
intersects	35
intersession	60
intersessions	60
intersex	60
intersperse	35
interspersed	35
intersperses	35
interspersing	35
interspersion	60
interstate	35
interstates	35
interstellar	35
interstice	50
interstices	50
interstitial	60
intertwine	35
intertwined	35
intertwines	35
intertwining	35
interurban	50
interval	35
intervals	35
intervene	35
intervened	35
intervenes	35
intervening	35
intervention	35
interventionism	60
interventionist	60
interventionists	60
interventions	35
interview	35
interviewed	35
interviewee	50
interviewees	50
interviewer	35
interviewers	35
interviewing	35
interviews	35
intervocalic	60
interwar	60
interweave	35
interweaves	35
interweaving	35
interwove	35
interwoven	35
intestacy	60
intestate	40
intestinal	35
intestine	35
intestines	35
intifada	60
intifadas	60
intimacies	35
intimacy	35
intimate	35
intimated	35
intimately	35
intimates	35
intimating	35
intimation	35
intimations	35
intimidate	35
intimidated	35
intimidates	35
intimidating	35
intimidatingly	60
intimidation	35
intimidator	60
intimidators	60
into	35
intolerable	35
intolerably	35
intolerance	35
intolerant	35
intolerantly	60
intonation	35
intonations	35
intone	50
intoned	50
intoner	60
intoners	60
intones	50
intoning	50
intoxicant	50
intoxicants	50
intoxicate	35
intoxicated	35
intoxicates	35
intoxicating	35
intoxication	35
intracranial	60
intractability	50
intractable	35
intractably	60
intramural	35
intramuscular	60
intranet	50
intranets	50
intransigence	50
intransigent	50
intransigently	60
intransigents	50
intransitive	35
intransitively	40
intransitives	35
intrastate	60
intrauterine	60
intravenous	35
intravenouses	35
intravenously	50
intrepid	35
intrepidity	60
intrepidly	50
intricacies	35
intricacy	35
intricate	35
intricately	40
intrigue	35
intrigued	35
intriguer	60
intriguers	60
intrigues	35
intriguing	35
intriguingly	50
intrinsic	35
intrinsically	35
intro	60
introduce	35
introduced	35
introduces	35
introducing	35
introduction	35
introductions	35
introductory	35
introit	60
introits	60
intros	60
introspect	60
introspected	60
introspecting	60
introspection	50
introspective	35
introspectively	60
introspects	60
introversion	50
introvert	35
introverted	40
introverts	35
intrude	35
intruded	35
intruder	35
intruders	35
intrudes	35
intruding	35
intrusion	35
intrusions	35
intrusive	35
intrusively	60
intrusiveness	60
intuit	50
intuited	50
intuiting	50
intuition	35
intuitions	35
intuitive	35
intuitively	35
intuitiveness	60
intuits	50
inundate	35
inundated	35
inundates	35
inundating	35
inundation	35
inundations	35
inure	50
inured	50
inures	50
inuring	50
invade	35
invaded	35
invader	35
invaders	35
invades	35
invading	35
invalid	35
invalidate	35
invalidated	35
invalidates	35
invalidating	35
invalidation	50
invalided	35
invaliding	35
invalidism	60
invalidity	50
invalidly	60
invalids	35
invaluable	35
invaluably	60
invariability	60
invariable	35
invariables	35
invariably	35
invariant	35
invasion	35
invasions	35
invasive	40
invective	35
inveigh	50
inveighed	50
inveighing	50
inveighs	50
inveigle	50
inveigled	50
inveigler	60
inveiglers	60
inveigles	50
inveigling	50
invent	35
invented	35
inventing	35
invention	35
inventions	35
inventive	35
inventively	60
inventiveness	50
inventor	35
inventoried	35
inventories	35
inventors	35
inventory	35
inventorying	35
invents	35
inverse	35
inversely	35
inverses	35
inversion	35
inversions	35
invert	35
invertebrate	35
invertebrates	35
inverted	35
inverter	60
inverters	60
inverting	35
inverts	35
invest	35
invested	35
investigate	35
investigated	35
investigates	35
investigating	35
investigation	35
investigations	35
investigative	40
investigator	35
investigators	35
investigatory	60
investing	35
investiture	50
investitures	50
investment	35
investments	35
investor	35
investors	35
invests	35
inveteracy	60
inveterate	35
invidious	50
invidiously	50
invidiousness	60
invigilate	60
invigilated	60
invigilates	60
invigilating	60
invigilation	60
invigilator	60
invigilators	60
invigorate	35
invigorated	35
invigorates	35
invigorating	35
invigoratingly	60
invigoration	50
invincibility	50
invincible	35
invincibly	50
inviolability	50
inviolable	50
inviolably	60
inviolate	50
invisibility	35
invisible	35
invisibly	35
invitation	35
invitational	50
invitationals	50
invitations	35
invite	35
invited	35
invitee	60
invitees	60
invites	35
inviting	35
invitingly	50
invocation	35
invocations	35
invoice	35
invoiced	35
invoices	35
invoicing	35
invoke	35
invoked	35
invokes	35
invoking	35
involuntarily	35
involuntariness	60
involuntary	35
involution	60
involve	35
involved	35
involvement	35
involvements	35
involves	35
involving	35
invulnerability	50
invulnerable	35
invulnerably	50
inward	35
inwardly	35
inwards	35
iodide	60
iodides	60
iodine	35
iodize	50
iodized	50
iodizes	50
iodizing	50
ion	35
ionic	60
ionization	50
ionize	50
ionized	50
ionizer	50
ionizers	50
ionizes	50
ionizing	50
ionosphere	50
ionospheres	50
ionospheric	60
ions	35
iota	35
iotas	35
ipecac	50
ipecacs	50
irascibility	50
irascible	35
irascibly	60
irate	35
irately	50
irateness	50
ire	35
ireful	60
irenic	60
iridescence	35
iridescent	35
iridescently	60
iridium	50
iris	35
irises	35
irk	35
irked	35
irking	35
irks	35
irksome	50
irksomely	60
irksomeness	60
iron	35
ironclad	50
ironclads	50
ironed	35
ironic	35
ironical	50
ironically	35
ironies	35
ironing	35
ironmonger	60
ironmongers	60
ironmongery	60
irons	35
ironstone	60
ironware	50
ironwood	60
ironwoods	60
ironwork	50
ironworker	60
ironworkers	60
irony	35
irradiate	50
irradiated	35
irradiates	50
irradiating	50
irradiation	50
irrational	35
irrationality	40
irrationally	35
irrationals	35
irreclaimable	60
irreconcilability	60
irreconcilable	35
irreconcilably	60
irrecoverable	50
irrecoverably	60
irredeemable	50
irredeemably	60
irreducible	60
irreducibly	60
irrefutable	35
irrefutably	60
irregular	35
irregularities	35
irregularity	35
irregularly	40
irregulars	35
irrelevance	35
irrelevances	35
irrelevancies	50
irrelevancy	50
irrelevant	35
irrelevantly	50
irreligion	60
irreligious	50
irremediable	50
irremediably	50
irremovable	60
irreparable	35
irreparably	40
irreplaceable	35
irrepressible	35
irrepressibly	60
irreproachable	35
irreproachably	60
irresistible	35
irresistibly	40
irresolute	50
irresolutely	50
irresoluteness	60
irresolution	50
irrespective	35
irresponsibility	35
irresponsible	35
irresponsibly	40
irretrievable	35
irretrievably	35
irreverence	35
irreverent	35
irreverently	40
irreversible	35
irreversibly	50
irrevocable	35
irrevocably	35
irrigable	60
irrigate	35
irrigated	35
irrigates	35
irrigating	35
irrigation	35
irritability	35
irritable	35
irritably	35
irritant	35
irritants	35
irritate	35
irritated	35
irritates	35
irritating	35
irritatingly	60
irritation	35
irritations	35
irrupt	60
irrupted	60
irrupting	60
irruption	50
irruptions	50
irruptive	60
irrupts	60
is	35
ischemia	60
ischemic	60
isinglass	50
island	35
islander	35
islanders	35
islands	35
isle	35
isles	35
islet	50
islets	50
ism	50
isms	50
isobar	50
isobaric	60
isobars	50
isolate	35
isolated	35
isolates	35
isolating	35
isolation	35
isolationism	50
isolationist	50
isolationists	50
isomer	60
isomeric	60
isomerism	60
isomers	60
isometric	50
isometrically	60
isometrics	50
isomorphic	50
isomorphism	60
isosceles	50
isotherm	60
isotherms	60
isotope	50
isotopes	50
isotopic	50
isotropic	50
issuance	50
issue	35
issued	35
issuer	60
issuers	60
issues	35
issuing	35
isthmian	60
isthmus	35
isthmuses	35
it	35
italic	35
italicization	60
italicize	35
italicized	35
italicizes	35
italicizing	35
italics	35
itch	35
itched	35
itches	35
itchier	35
itchiest	35
itchiness	40
itching	35
itchy	35
item	35
itemization	50
itemize	35
itemized	35
itemizes	35
itemizing	35
items	35
iterate	35
iterated	50
iterates	50
iterating	50
iteration	35
iterations	35
iterative	35
iterator	50
iterators	50
itinerant	35
itinerants	35
itineraries	35
itinerary	35
its	35
itself	35
ivied	60
ivies	35
ivories	35
ivory	35
ivy	35
jab	35
jabbed	35
jabber	35
jabbered	35
jabberer	50
jabberers	50
jabbering	35
jabbers	35
jabbing	35
jabot	50
jabots	50
jabs	35
jacaranda	60
jacarandas	60
jack	35
jackal	35
jackalope	60
jackalopes	60
jackals	35
jackass	35
jackasses	35
jackboot	50
jackbooted	60
jackboots	50
jackdaw	35
jackdaws	50
jacked	35
jacket	35
jacketed	60
jackets	35
jackfruit	60
jackhammer	40
jackhammers	40
jacking	35
jackknife	35
jackknifed	35
jackknifes	35
jackknifing	35
jackknives	35
jackpot	35
jackpots	35
jackrabbit	50
jackrabbits	50
jacks	35
jackstraw	60
jackstraws	60
jacquard	60
jade	35
jaded	35
jadedly	60
jadedness	60
jadeite	60
jades	35
jading	35
jag	50
jagged	35
jaggeder	35
jaggedest	35
jaggedly	50
jaggedness	50
jags	50
jaguar	35
jaguars	35
jail	35
jailbird	60
jailbirds	60
jailbreak	50
jailbreaking	50
jailbreaks	50
jailbroke	50
jailbroken	50
jailed	35
jailer	35
jailers	35
jailhouse	60
jailhouses	60
jailing	35
jails	35
jalapeno	50
jalapenos	50
jalopies	35
jalopy	35
jalousie	50
jalousies	50
jam	35
jamb	35
jambalaya	60
jamboree	35
jamborees	35
jambs	35
jammed	35
jammer	60
jammers	60
jammier	60
jammies	60
jammiest	60
jamming	35
jammy	60
jams	35
jangle	35
jangled	35
jangler	60
janglers	60
jangles	35
jangling	35
janitor	35
janitorial	50
janitors	35
japan	50
japanned	50
japanning	50
japans	50
jape	50
japed	50
japes	50
japing	50
jar	35
jardiniere	50
jardinieres	50
jarful	60
jarfuls	60
jargon	35
jarred	35
jarring	35
jarringly	60
jars	35
jasmine	50
jasmines	50
jasper	50
jato	60
jatos	60
jaundice	35
jaundiced	35
jaundices	35
jaundicing	35
jaunt	35
jaunted	35
jauntier	35
jauntiest	35
jauntily	35
jauntiness	50
jaunting	35
jaunts	35
jaunty	35
java	60
javelin	35
javelins	35
jaw	35
jawbone	35
jawboned	35
jawbones	35
jawboning	35
jawbreaker	50
jawbreakers	50
jawed	35
jawing	35
jawline	60
jawlines	60
jaws	35
jay	35
jaybird	60
jaybirds	60
jays	35
jaywalk	35
jaywalked	35
jaywalker	35
jaywalkers	35
jaywalking	35
jaywalks	35
jazz	35
jazzed	35
jazzes	35
jazzier	40
jazziest	40
jazzing	35
jazzy	40
jealous	35
jealousies	35
jealously	35
jealousy	35
jean	60
jeans	35
jeep	50
jeeps	50
jeer	35
jeered	35
jeering	35
jeeringly	50
jeers	35
jeez	40
jejuna	60
jejune	50
jejunum	60
jell	35
jelled	35
jellied	35
jellies	35
jelling	35
jello	50
jells	35
jelly	35
jellybean	50
jellybeans	50
jellyfish	35
jellyfishes	35
jellying	35
jellylike	60
jellyroll	60
jellyrolls	60
jemmied	60
jemmies	60
jemmy	60
jemmying	60
jennet	60
jennets	60
jennies	60
jenny	60
jeopardize	35
jeopardized	35
jeopardizes	35
jeopardizing	35
jeopardy	35
jeremiad	50
jeremiads	50
jerk	35
jerked	35
jerkier	35
jerkiest	35
jerkily	40
jerkin	50
jerkiness	60
jerking	35
jerkins	50
jerks	35
jerkwater	50
jerky	35
jeroboam	60
jeroboams	60
jerrybuilt	60
jerrycan	60
jerrycans	60
jersey	35
jerseys	35
jest	35
jested	35
jester	35
jesters	35
jesting	35
jestingly	60
jests	35
jet	35
jetliner	60
jetliners	60
jetport	60
jetports	60
jets	35
jetsam	50
jetted	35
jetties	35
jetting	35
jettison	35
jettisoned	35
jettisoning	35
jettisons	35
jetty	35
jewel	35
jeweled	35
jeweler	35
jewelers	35
jeweling	35
jewelries	35
jewelry	35
jewels	35
jib	50
jibbed	50
jibbing	50
jibe	35
jibed	35
jibes	35
jibing	35
jibs	50
jicama	60
jiff	60
jiffies	35
jiffs	60
jiffy	35
jig	35
jigged	35
jigger	40
jiggered	40
jiggering	40
jiggers	40
jigging	35
jiggle	35
jiggled	35
jiggles	35
jiggling	35
jiggly	60
jigs	35
jigsaw	35
jigsawed	35
jigsawing	35
jigsaws	35
jihad	50
jihadi	60
jihadis	60
jihadist	50
jihadists	50
jihads	50
jillion	60
jillions	60
jilt	35
jilted	35
jilting	35
jilts	35
jimmied	50
jimmies	50
jimmy	50
jimmying	50
jimsonweed	60
jingle	35
jingled	35
jingles	35
jingling	35
jingly	60
jingoism	50
jingoist	50
jingoistic	50
jingoists	50
jink	60
jinked	60
jinking	60
jinks	60
jinni	50
jinnis	50
jinrikisha	50
jinrikishas	50
jinx	35
jinxed	35
jinxes	35
jinxing	35
jitney	50
jitneys	50
jitter	60
jitterbug	50
jitterbugged	50
jitterbugger	60
jitterbuggers	60
jitterbugging	50
jitterbugs	50
jittered	60
jitterier	35
jitteriest	35
jittering	60
jitters	35
jittery	35
jive	40
jived	40
jives	40
jiving	40
job	35
jobbed	35
jobber	50
jobbers	50
jobbing	35
jobholder	60
jobholders	60
jobless	40
joblessness	40
jobs	35
jobseeker	60
jobseekers	60
jobshare	60
jobshares	60
jobsworth	60
jobsworths	60
jock	40
jockey	35
jockeyed	35
jockeying	35
jockeys	35
jocks	40
jockstrap	40
jockstraps	40
jocose	50
jocosely	50
jocoseness	60
jocosity	50
jocular	35
jocularity	40
jocularly	50
jocund	50
jocundity	50
jocundly	50
jodhpurs	50
joey	60
joeys	60
jog	35
jogged	35
jogger	35
joggers	35
jogging	35
joggle	50
joggled	50
joggles	50
joggling	50
jogs	35
john	40
johnnies	60
johnny	60
johnnycake	60
johnnycakes	60
johns	40
join	35
joined	35
joiner	50
joiners	50
joinery	60
joining	35
joins	35
joint	35
jointed	35
jointing	35
jointly	35
joints	35
joist	50
joists	50
jojoba	60
joke	35
joked	35
joker	35
jokers	35
jokes	35
jokester	60
jokesters	60
jokey	60
jokier	60
jokiest	60
joking	35
jokingly	50
jollied	35
jollier	35
jollies	35
jolliest	35
jollification	60
jollifications	60
jollily	60
jolliness	50
jollity	50
jolly	35
jollying	35
jolt	35
jolted	35
jolter	60
jolters	60
jolting	35
jolts	35
jonquil	50
jonquils	50
josh	50
joshed	50
josher	60
joshers	60
joshes	50
joshing	50
jostle	35
jostled	35
jostles	35
jostling	35
jot	35
jots	35
jotted	35
jotter	60
jotters	60
jotting	35
jottings	50
joule	50
joules	50
jounce	50
jounced	50
jounces	50
jouncing	50
jouncy	60
journal	35
journalese	50
journaling	60
journalism	35
journalist	35
journalistic	50
journalists	35
journals	35
journey	35
journeyed	35
journeyer	60
journeyers	60
journeying	35
journeyman	50
journeymen	50
journeys	35
journo	60
journos	60
joust	50
jousted	50
jouster	60
jousters	60
jousting	50
jousts	50
jovial	35
joviality	50
jovially	35
jowl	50
jowlier	60
jowliest	60
jowls	40
jowly	60
joy	35
joyed	35
joyful	35
joyfuller	35
joyfullest	35
joyfully	35
joyfulness	40
joying	35
joyless	50
joylessly	60
joylessness	60
joyous	35
joyously	35
joyousness	50
joyridden	40
joyride	40
joyrider	40
joyriders	40
joyrides	40
joyriding	40
joyrode	40
joys	35
joystick	35
joysticks	40
jubilant	35
jubilantly	50
jubilation	35
jubilee	35
jubilees	35
judder	60
juddered	60
juddering	60
judders	60
judge	35
judged	35
judges	35
judgeship	50
judging	35
judgment	35
judgmental	40
judgmentally	60
judgments	35
judicatories	60
judicatory	60
judicature	50
judicial	35
judicially	35
judiciaries	35
judiciary	35
judicious	35
judiciously	35
judiciousness	50
judo	35
jug	35
jugful	60
jugfuls	60
jugged	35
juggernaut	35
juggernauts	50
jugging	35
juggle	35
juggled	35
juggler	35
jugglers	35
jugglery	60
juggles	35
juggling	35
jugs	35
jugular	35
jugulars	35
juice	35
juiced	35
juicer	50
juicers	50
juices	35
juicier	35
juiciest	35
juicily	50
juiciness	50
juicing	35
juicy	35
jujitsu	50
juju	60
jujube	50
jujubes	50
jujus	60
juke	60
jukebox	40
jukeboxes	40
juked	60
jukes	60
juking	60
julep	50
juleps	50
julienne	50
julienned	50
juliennes	50
julienning	50
jumble	35
jumbled	35
jumbles	35
jumbling	35
jumbo	35
jumbos	35
jump	35
jumped	35
jumper	35
jumpers	35
jumpier	35
jumpiest	35
jumpily	60
jumpiness	50
jumping	35
jumps	35
jumpsuit	40
jumpsuits	40
jumpy	35
junco	50
juncos	50
junction	35
junctions	35
juncture	35
junctures	35
jungle	35
jungles	35
junior	35
juniors	35
juniper	35
junipers	35
junk	35
junked	35
junker	50
junkers	50
junket	35
junketed	35
junketeer	60
junketeers	60
junketing	35
junkets	35
junkie	35
junkier	50
junkies	35
junkiest	50
junking	35
junks	35
junkyard	40
junkyards	40
junta	35
juntas	35
juridic	60
juridical	50
juridically	60
juried	60
juries	35
jurisdiction	35
jurisdictional	50
jurisdictions	35
jurisprudence	50
jurist	50
juristic	60
jurists	50
juror	35
jurors	35
jury	35
juryman	60
jurymen	60
jurywoman	60
jurywomen	60
just	35
juster	35
justest	35
justice	35
justices	35
justifiable	35
justifiably	35
justification	35
justifications	35
justified	35
justifies	35
justify	35
justifying	35
justly	35
justness	50
jut	35
jute	35
juts	35
jutted	35
jutting	35
juvenile	35
juveniles	35
juxtapose	35
juxtaposed	35
juxtaposes	35
juxtaposing	35
juxtaposition	35
juxtapositions	35
kabbalah	60
kaboom	50
kabuki	60
kaddish	60
kaddishes	60
kaffeeklatch	60
kaffeeklatches	60
kaffeeklatsch	60
kaffeeklatsches	60
kahuna	60
kaiser	60
kaisers	60
kale	50
kaleidoscope	35
kaleidoscopes	35
kaleidoscopic	50
kaleidoscopically	60
kamikaze	50
kamikazes	50
kana	60
kanas	60
kangaroo	35
kangaroos	35
kanji	60
kaolin	50
kapok	50
kappa	60
kappas	60
kaput	40
karakul	50
karaoke	50
karaokes	50
karat	35
karate	35
karats	35
karma	40
karmic	60
kart	60
karts	60
katakana	60
katydid	50
katydids	50
kava	60
kayak	35
kayaked	35
kayaker	60
kayakers	60
kayaking	35
kayaks	35
kayo	60
kayoed	60
kayoing	60
kayos	60
kazoo	50
kazoos	50
kebab	50
kebabs	50
kedgeree	60
keel	35
keeled	35
keelhaul	60
keelhauled	60
keelhauling	60
keelhauls	60
keeling	35
keels	35
keen	35
keened	35
keener	35
keenest	35
keening	35
keenly	35
keenness	40
keens	35
keep	35
keeper	35
keepers	35
keeping	35
keeps	35
keepsake	35
keepsakes	35
keg	35
kegs	35
kelp	35
kelvin	60
kelvins	60
ken	35
kendo	60
kenned	50
kennel	35
kenneled	35
kenneling	35
kennels	35
kenning	50
keno	60
kens	50
kepi	60
kepis	60
kept	35
keratin	50
keratitis	60
kerbside	60
kerchief	35
kerchiefs	35
kerfuffle	60
kerfuffles	60
kernel	35
kernels	35
kerosene	35
kestrel	50
kestrels	50
ketamine	60
ketch	50
ketches	50
ketchup	35
keto	50
ketogenic	50
ketone	60
ketones	60
kettle	35
kettledrum	50
kettledrums	50
kettles	35
key	35
keybinding	50
keybindings	50
keyboard	35
keyboarded	35
keyboarder	50
keyboarders	50
keyboarding	35
keyboardist	60
keyboardists	60
keyboards	35
keychain	60
keychains	60
keyed	35
keyhole	35
keyholes	35
keying	35
keyless	60
keynote	35
keynoted	35
keynoter	60
keynoters	60
keynotes	35
keynoting	35
keypad	60
keypads	60
keypunch	50
keypunched	50
keypuncher	60
keypunchers	60
keypunches	50
keypunching	50
keys	35
keystone	35
keystones	35
keystroke	35
keystrokes	35
keyword	35
keywords	35
khaki	35
khakis	35
khan	50
khans	50
kibble	60
kibbled	60
kibbles	60
kibbling	60
kibbutz	50
kibbutzes	60
kibbutzim	50
kibitz	50
kibitzed	50
kibitzer	50
kibitzers	50
kibitzes	50
kibitzing	50
kibosh	50
kick	35
kickback	35
kickbacks	35
kickball	60
kickboxing	60
kicked	35
kicker	50
kickers	50
kickier	50
kickiest	50
kicking	35
kickoff	35
kickoffs	35
kicks	35
kickstand	50
kickstands	50
kicky	50
kid	35
kidded	35
kidder	50
kidders	50
kiddie	40
kiddies	40
kidding	35
kiddish	60
kiddo	40
kiddos	40
kidnap	35
kidnapped	35
kidnapper	35
kidnappers	35
kidnapping	35
kidnappings	40
kidnaps	35
kidney	35
kidneys	35
kids	35
kidskin	60
kielbasa	50
kielbasas	50
kike	60
kikes	60
kill	35
killdeer	50
killdeers	50
killed	35
killer	35
killers	35
killing	35
killings	35
killjoy	50
killjoys	50
kills	35
kiln	35
kilned	35
kilning	35
kilns	35
kilo	35
kilobyte	40
kilobytes	35
kilocoulomb	60
kilocoulombs	60
kilocycle	50
kilocycles	50
kilogram	35
kilograms	35
kilohertz	50
kilojoule	60
kilojoules	60
kiloliter	60
kiloliters	60
kilometer	35
kilometers	35
kilonewton	60
kilonewtons	60
kilopascal	60
kilopascals	60
kilos	35
kiloton	50
kilotons	50
kilovolt	60
kilovolts	60
kilowatt	35
kilowatts	35
kilt	35
kilted	60
kilter	50
kilts	35
kimchi	60
kimono	35
kimonos	35
kin	35
kinase	60
kind	35
kinda	35
kinder	35
kindergarten	35
kindergartens	35
kindergartner	40
kindergartners	40
kindest	35
kindhearted	40
kindheartedly	60
kindheartedness	60
kindle	35
kindled	35
kindles	35
kindlier	35
kindliest	35
kindliness	50
kindling	35
kindly	35
kindness	35
kindnesses	35
kindred	35
kinds	35
kinematic	50
kinematics	50
kinesiology	60
kinesthetic	60
kinetic	50
kinetically	60
kinetics	60
kinfolk	35
kinfolks	50
king	35
kingdom	35
kingdoms	35
kingfisher	35
kingfishers	35
kinglier	50
kingliest	50
kingly	50
kingmaker	60
kingmakers	60
kingpin	40
kingpins	40
kings	35
kingship	50
kink	35
kinked	35
kinkier	35
kinkiest	35
kinkily	60
kinkiness	60
kinking	35
kinks	35
kinky	35
kinsfolk	60
kinship	35
kinsman	50
kinsmen	50
kinswoman	50
kinswomen	50
kiosk	35
kiosks	35
kip	60
kipped	60
kipper	35
kippered	50
kippering	50
kippers	50
kipping	60
kips	60
kirsch	60
kirsches	60
kismet	50
kiss	35
kissable	60
kissed	35
kisser	50
kissers	50
kisses	35
kissing	35
kissoff	60
kissoffs	60
kissogram	60
kissograms	60
kit	35
kitchen	35
kitchenette	35
kitchenettes	35
kitchens	35
kitchenware	50
kite	35
kited	35
kites	35
kith	50
kiting	35
kits	35
kitsch	50
kitschy	50
kitted	60
kitten	35
kittenish	50
kittens	35
kitties	35
kitting	60
kitty	35
kiwi	35
kiwifruit	60
kiwifruits	60
kiwis	35
klaxon	60
klaxons	60
kleptocracies	60
kleptocracy	60
kleptomania	50
kleptomaniac	40
kleptomaniacs	40
klezmer	60
klutz	40
klutzes	40
klutzier	40
klutziest	40
klutziness	60
klutzy	40
knack	35
knacker	35
knackered	60
knackering	60
knackers	60
knacks	35
knapsack	35
knapsacks	35
knave	50
knavery	50
knaves	50
knavish	50
knavishly	60
knead	35
kneaded	35
kneader	50
kneaders	50
kneading	35
kneads	35
knee	35
kneecap	35
kneecapped	35
kneecapping	35
kneecaps	35
kneed	35
kneeing	35
kneel	35
kneeling	35
kneels	35
knees	35
knell	50
knelled	50
knelling	50
knells	50
knelt	35
knew	35
knicker	60
knickerbockers	60
knickers	35
knickknack	40
knickknacks	40
knife	35
knifed	35
knifes	35
knifing	35
knight	35
knighted	35
knighthood	35
knighthoods	35
knighting	35
knightliness	60
knightly	50
knights	35
knish	60
knishes	60
knit	35
knits	35
knitted	35
knitter	50
knitters	50
knitting	35
knitwear	50
knives	35
knob	35
knobbier	40
knobbiest	40
knobbly	60
knobby	40
knobs	35
knock	35
knockabout	60
knockdown	60
knockdowns	60
knocked	35
knocker	35
knockers	35
knocking	35
knockoff	60
knockoffs	60
knockout	35
knockouts	35
knocks	35
knockwurst	50
knockwursts	50
knoll	35
knolls	35
knot	35
knothole	50
knotholes	50
knots	35
knotted	35
knottier	35
knottiest	35
knotting	35
knotty	35
know	35
knowable	50
knowing	35
knowingly	35
knowledge	35
knowledgeable	35
knowledgeably	40
known	35
knows	35
knuckle	35
knuckleball	60
knuckled	35
knuckleduster	60
knuckledusters	60
knucklehead	50
knuckleheads	50
knuckles	35
knuckling	35
knurl	60
knurled	60
knurling	60
knurls	60
koala	35
koalas	35
kohl	60
kohlrabi	50
kohlrabies	50
kola	60
kolas	60
kook	50
kookaburra	50
kookaburras	50
kookier	50
kookiest	50
kookiness	50
kooks	50
kooky	50
kopeck	50
kopecks	50
korma	60
kosher	35
koshered	35
koshering	35
koshers	35
kowtow	35
kowtowed	35
kowtowing	35
kowtows	35
kraal	60
kraals	60
kraut	60
krauts	60
krill	60
krona	50
krone	50
kroner	50
kronur	50
krypton	50
kryptonite	60
kuchen	60
kudos	35
kudzu	50
kudzus	50
kumquat	50
kumquats	50
kvetch	60
kvetched	60
kvetcher	60
kvetchers	60
kvetches	60
kvetching	60
la	50
lab	35
label	35
labeled	35
labeling	35
labels	35
labia	50
labial	50
labials	50
labile	60
labium	60
labor	35
laboratories	35
laboratory	35
labored	35
laborer	35
laborers	35
laboring	35
laborious	35
laboriously	35
laboriousness	60
labors	35
laborsaving	60
labs	35
laburnum	50
laburnums	50
labyrinth	35
labyrinthine	50
labyrinths	35
lac	60
lace	35
laced	35
lacerate	35
lacerated	35
lacerates	35
lacerating	35
laceration	35
lacerations	35
laces	35
lacewing	60
lacewings	60
lacework	60
lachrymal	50
lachrymose	50
lacier	35
laciest	35
lacing	35
lack	35
lackadaisical	50
lackadaisically	50
lacked	35
lackey	50
lackeys	50
lacking	35
lackluster	35
lacks	35
laconic	50
laconically	50
lacquer	35
lacquered	35
lacquering	35
lacquers	35
lacrosse	35
lactate	50
lactated	50
lactates	50
lactating	50
lactation	50
lacteal	60
lactic	50
lactose	50
lacuna	50
lacunae	50
lacy	35
lad	35
ladder	35
laddered	35
laddering	35
ladders	35
laddie	50
laddies	50
laddish	60
laddishness	60
lade	60
laded	60
laden	35
lades	60
ladies	35
lading	50
ladings	50
ladle	35
ladled	35
ladles	35
ladling	35
lads	35
lady	35
ladybird	50
ladybirds	50
ladybug	35
ladybugs	35
ladyfinger	50
ladyfingers	50
ladylike	35
ladylove	60
ladyloves	60
ladyship	50
ladyships	50
laetrile	60
lag	35
lager	35
lagers	50
laggard	35
laggardly	60
laggards	35
lagged	35
lagging	35
lagniappe	50
lagniappes	50
lagoon	35
lagoons	35
lags	35
laid	35
lain	35
lair	35
laird	60
lairds	60
lairs	35
laity	50
lake	35
lakefront	60
lakes	35
lakeshore	60
lakeshores	60
lakeside	60
lam	50
lama	50
lamas	50
lamaseries	50
lamasery	50
lamb	35
lambada	60
lambadas	60
lambaste	50
lambasted	50
lambastes	50
lambasting	50
lambda	35
lambdas	60
lambed	35
lambency	60
lambent	50
lambently	60
lambing	35
lambkin	50
lambkins	50
lambs	35
lambskin	50
lambskins	50
lambswool	60
lame	35
lamebrain	50
lamebrained	60
lamebrains	50
lamed	35
lamely	50
lameness	50
lament	35
lamentable	35
lamentably	50
lamentation	35
lamentations	35
lamented	35
lamenting	35
laments	35
lamer	35
lames	35
lamest	35
lamina	60
laminae	60
laminar	60
laminate	40
laminated	40
laminates	40
laminating	40
lamination	50
laming	35
lammed	50
lamming	50
lamp	35
lampblack	50
lamplight	60
lamplighter	60
lamplighters	60
lampoon	35
lampooned	35
lampooning	35
lampoons	35
lamppost	50
lampposts	50
lamprey	50
lampreys	50
lamps	35
lampshade	40
lampshades	40
lams	50
lanai	60
lanais	60
lance	35
lanced	35
lancer	50
lancers	50
lances	35
lancet	50
lancets	50
lancing	35
land	35
landau	60
landaus	60
landed	35
lander	50
landers	50
landfall	50
landfalls	50
landfill	40
landfills	40
landform	60
landforms	60
landholder	50
landholders	50
landholding	60
landholdings	60
landing	35
landings	35
landladies	35
landlady	35
landless	60
landline	50
landlines	50
landlocked	35
landlord	35
landlords	35
landlubber	50
landlubbers	50
landmark	35
landmarks	35
landmass	50
landmasses	50
landmine	40
landmines	40
landowner	40
landowners	35
landownership	60
landowning	60
landownings	60
lands	35
landscape	35
landscaped	35
landscaper	50
landscapers	50
landscapes	35
landscaping	35
landslid	35
landslide	35
landslides	35
landsliding	35
landslip	60
landslips	60
landsman	60
landsmen	60
landward	50
landwards	50
lane	35
lanes	35
language	35
languages	35
languid	35
languidly	50
languidness	60
languish	35
languished	35
languishes	35
languishing	35
languor	35
languorous	35
languorously	50
languors	35
lank	50
lanker	50
lankest	50
lankier	35
lankiest	35
lankiness	50
lankly	60
lankness	60
lanky	35
lanolin	50
lantern	35
lanterns	35
lanthanum	60
lanyard	50
lanyards	50
lap	35
laparoscopic	60
laparoscopy	60
laparotomy	60
lapboard	60
lapboards	60
lapdog	50
lapdogs	60
lapel	35
lapels	35
lapidaries	50
lapidary	50
lapin	60
lapins	60
lapped	35
lappet	60
lappets	60
lapping	35
laps	35
lapse	35
lapsed	35
lapses	35
lapsing	35
laptop	40
laptops	40
lapwing	50
lapwings	50
larboard	50
larboards	50
larcenies	35
larcenist	60
larcenists	60
larcenous	50
larceny	35
larch	50
larches	50
lard	35
larded	35
larder	50
larders	50
lardier	60
lardiest	60
larding	35
lards	35
lardy	60
large	35
largehearted	60
largely	35
largemouth	60
largemouths	60
largeness	50
larger	35
larges	35
largesse	50
largest	35
largish	60
largo	50
largos	50
lariat	50
lariats	50
lark	35
larked	35
larking	35
larks	35
larkspur	50
larkspurs	50
larva	35
larvae	35
larval	50
laryngeal	60
larynges	35
laryngitis	35
larynx	35
lasagna	50
lasagnas	50
lascivious	35
lasciviously	50
lasciviousness	50
laser	35
lasers	35
lash	35
lashed	35
lashes	35
lashing	35
lashings	60
lass	35
lasses	35
lassie	50
lassies	50
lassitude	50
lasso	40
lassoed	40
lassoing	40
lassos	40
last	35
lasted	35
lasting	35
lastingly	50
lastly	35
lasts	35
latch	35
latched	35
latches	35
latching	35
latchkey	60
latchkeys	60
late	35
latecomer	50
latecomers	50
lately	35
latency	50
lateness	50
latent	35
later	35
lateral	35
lateraled	35
lateraling	35
laterally	50
laterals	35
latest	35
latex	35
lath	50
lathe	35
lathed	35
lather	35
lathered	35
lathering	35
lathers	35
lathery	60
lathes	35
lathing	35
laths	50
latish	60
latitude	35
latitudes	35
latitudinal	50
latitudinarian	60
latitudinarians	60
latke	60
latkes	60
latrine	35
latrines	35
latte	50
latter	35
latterly	50
lattes	50
lattice	35
latticed	50
lattices	35
latticework	50
latticeworks	50
laud	35
laudable	35
laudably	50
laudanum	50
laudatory	50
lauded	35
lauding	35
lauds	35
laugh	35
laughable	35
laughably	50
laughed	35
laughing	35
laughingly	50
laughingstock	35
laughingstocks	35
laughs	35
laughter	35
launch	35
launched	35
launcher	50
launchers	35
launches	35
launching	35
launchpad	40
launchpads	40
launder	35
laundered	35
launderer	50
launderers	50
launderette	60
launderettes	60
laundering	35
launders	35
laundress	50
laundresses	50
laundries	35
laundromat	60
laundromats	60
laundry	35
laundryman	50
laundrymen	50
laundrywoman	60
laundrywomen	60
laureate	35
laureates	35
laureateship	60
laurel	35
laurels	35
lav	60
lava	35
lavage	60
lavaliere	60
lavalieres	60
lavas	35
lavatorial	60
lavatories	35
lavatory	35
lave	60
laved	60
lavender	35
lavenders	35
laves	60
laving	60
lavish	35
lavished	35
lavisher	35
lavishes	35
lavishest	35
lavishing	35
lavishly	50
lavishness	50
lavs	60
law	35
lawbreaker	50
lawbreakers	50
lawbreaking	60
lawful	35
lawfully	50
lawfulness	50
lawgiver	50
lawgivers	50
lawless	35
lawlessly	50
lawlessness	40
lawmaker	35
lawmakers	35
lawmaking	60
lawman	60
lawmen	60
lawn	35
lawns	35
lawrencium	50
laws	35
lawsuit	35
lawsuits	35
lawyer	35
lawyers	35
lax	35
laxative	35
laxatives	35
laxer	35
laxest	35
laxity	35
laxly	50
laxness	50
lay	35
layabout	60
layabouts	60
layaway	40
layer	35
layered	35
layering	35
layers	35
layette	50
layettes	50
laying	35
layman	35
laymen	35
layoff	40
layoffs	40
layout	35
layouts	35
layover	40
layovers	40
laypeople	50
layperson	50
laypersons	60
lays	35
layup	60
layups	60
laywoman	50
laywomen	50
laze	50
lazed	50
lazes	50
lazied	35
lazier	35
lazies	35
laziest	35
lazily	40
laziness	35
lazing	50
lazy	35
lazybones	50
lazying	35
lbw	60
lea	50
leach	35
leached	50
leaches	50
leaching	50
lead	35
leaded	35
leaden	35
leader	35
leaderboard	60
leaderboards	60
leaderless	60
leaders	35
leadership	35
leaderships	35
leading	35
leadoff	60
leads	35
leaf	35
leafage	60
leafed	35
leafier	35
leafiest	35
leafing	35
leafless	50
leaflet	35
leafleted	35
leafleting	35
leaflets	35
leafs	35
leafstalk	60
leafstalks	60
leafy	35
league	35
leagued	35
leaguer	60
leaguers	60
leagues	35
leaguing	35
leak	35
leakage	35
leakages	35
leaked	35
leaker	60
leakers	60
leakier	40
leakiest	40
leakiness	60
leaking	35
leakproof	60
leaks	35
leaky	35
lean	35
leaned	35
leaner	35
leanest	35
leaning	35
leanings	40
leanness	50
leans	35
leap	35
leaped	35
leaper	60
leapers	60
leapfrog	35
leapfrogged	35
leapfrogging	35
leapfrogs	35
leaping	35
leaps	35
leapt	35
learn	35
learnability	60
learnable	60
learned	35
learnedly	60
learner	50
learners	50
learning	35
learns	35
leas	50
lease	35
leaseback	60
leasebacks	60
leased	35
leasehold	50
leaseholder	50
leaseholders	50
leaseholds	50
leaser	60
leasers	60
leases	35
leash	35
leashed	35
leashes	35
leashing	35
leasing	35
least	35
leastwise	50
leather	35
leatherette	60
leatherneck	50
leathernecks	50
leathers	35
leathery	35
leave	35
leaved	35
leaven	50
leavened	50
leavening	50
leavens	50
leaver	60
leavers	60
leaves	35
leaving	35
leavings	50
lech	60
leched	60
lecher	50
lecherous	40
lecherously	50
lecherousness	60
lechers	50
lechery	50
leches	60
leching	60
lecithin	50
lectern	35
lecterns	35
lecture	35
lectured	35
lecturer	35
lecturers	35
lectures	35
lectureship	60
lectureships	60
lecturing	35
led	35
lederhosen	60
ledge	35
ledger	35
ledgers	35
ledges	35
lee	35
leech	35
leeched	35
leeches	35
leeching	35
leek	35
leeks	35
leer	35
leered	35
leerier	35
leeriest	35
leeriness	60
leering	35
leers	35
leery	35
lees	50
leeward	50
leewards	50
leeway	35
left	35
lefter	35
leftest	35
lefties	50
leftism	50
leftist	50
leftists	50
leftmost	35
leftover	50
leftovers	40
lefts	35
leftward	60
leftwards	50
lefty	50
leg	35
legacies	35
legacy	35
legal	35
legalese	50
legalism	50
legalisms	50
legalistic	35
legalistically	60
legalities	35
legality	35
legalization	50
legalize	35
legalized	35
legalizes	35
legalizing	35
legally	35
legals	35
legate	50
legatee	50
legatees	50
legates	50
legation	50
legations	50
legato	50
legatos	50
legend	35
legendarily	60
legendary	35
legends	35
legerdemain	50
legged	35
leggier	40
leggiest	40
legginess	60
legging	35
leggings	35
leggy	40
leghorn	60
leghorns	60
legibility	35
legible	35
legibly	35
legion	35
legionaries	60
legionary	60
legionnaire	50
legionnaires	50
legions	35
legislate	35
legislated	35
legislates	35
legislating	35
legislation	35
legislative	35
legislatively	60
legislator	35
legislators	35
legislature	35
legislatures	35
legit	40
legitimacy	35
legitimate	35
legitimated	35
legitimately	35
legitimates	35
legitimating	35
legitimatize	60
legitimatized	60
legitimatizes	60
legitimatizing	60
legitimization	60
legitimize	50
legitimized	50
legitimizes	50
legitimizing	50
legless	50
legman	50
legmen	50
legroom	50
legrooms	50
legs	35
legume	35
legumes	35
leguminous	50
legwarmer	60
legwarmers	60
legwork	50
lei	50
leis	50
leisure	35
leisured	60
leisureliness	60
leisurely	35
leisurewear	60
leitmotif	50
leitmotifs	50
leitmotiv	60
leitmotivs	60
lemma	50
lemmas	50
lemme	35
lemming	50
lemmings	50
lemon	35
lemonade	35
lemonades	35
lemongrass	60
lemons	35
lemony	50
lemur	50
lemurs	50
lend	35
lender	40
lenders	40
lending	35
lends	35
length	35
lengthen	35
lengthened	35
lengthening	35
lengthens	35
lengthier	35
lengthiest	35
lengthily	50
lengthiness	60
lengths	35
lengthwise	35
lengthy	35
lenience	60
leniency	35
lenient	35
leniently	40
lenitive	60
lens	35
lenses	35
lent	35
lentil	35
lentils	35
lento	60
leonine	50
leopard	35
leopardess	60
leopardesses	60
leopards	35
leotard	35
leotards	35
leper	35
lepers	35
leprechaun	50
leprechauns	50
leprosy	35
leprous	40
lepta	60
lepton	60
leptons	60
lesbian	35
lesbianism	40
lesbians	35
lesion	35
lesions	35
less	35
lessee	50
lessees	50
lessen	35
lessened	35
lessening	35
lessens	35
lesser	35
lesson	35
lessons	35
lessor	50
lessors	50
lest	35
let	35
letdown	35
letdowns	35
lethal	35
lethality	60
lethally	40
lethargic	35
lethargically	50
lethargy	35
lets	35
letter	35
letterbox	50
letterboxes	60
lettered	35
letterer	60
letterers	60
letterhead	35
letterheads	35
lettering	35
letterpress	60
letters	35
letting	35
lettings	60
lettuce	35
lettuces	35
letup	35
letups	35
leucine	60
leucotomies	60
leucotomy	60
leukemia	35
leukemic	60
leukemics	60
leukocyte	50
leukocytes	50
levee	35
levees	35
level	35
leveled	35
leveler	35
levelers	50
levelheaded	40
levelheadedness	50
leveling	35
levelly	60
levelness	50
levels	35
lever	35
leverage	35
leveraged	35
leverages	35
leveraging	35
levered	35
levering	35
levers	35
leviathan	50
leviathans	50
levied	35
levier	60
leviers	60
levies	35
levitate	40
levitated	40
levitates	40
levitating	40
levitation	40
levity	35
levy	35
levying	35
lewd	35
lewder	35
lewdest	35
lewdly	50
lewdness	50
lexical	35
lexicographer	50
lexicographers	50
lexicographic	60
lexicographical	60
lexicography	50
lexicon	35
lexicons	35
lexis	60
liabilities	35
liability	35
liable	35
liaise	40
liaised	40
liaises	40
liaising	40
liaison	35
liaisons	35
liana	60
lianas	60
liar	35
liars	35
lib	40
libation	50
libations	50
libber	60
libbers	60
libel	35
libeled	35
libeler	50
libelers	50
libeling	35
libelous	35
libels	35
liberal	35
liberalism	35
liberality	50
liberalization	35
liberalizations	50
liberalize	35
liberalized	35
liberalizes	35
liberalizing	35
liberally	35
liberalness	60
liberals	35
liberate	35
liberated	35
liberates	35
liberating	35
liberation	35
liberator	50
liberators	50
libertarian	35
libertarianism	60
libertarians	50
liberties	35
libertine	50
libertines	50
liberty	35
libidinal	60
libidinous	50
libido	40
libidos	40
librarian	35
librarians	35
librarianship	60
libraries	35
library	35
librettist	50
librettists	50
libretto	35
librettos	50
lice	35
license	35
licensed	35
licensee	50
licensees	50
licenses	35
licensing	35
licensure	60
licentiate	50
licentiates	50
licentious	50
licentiously	50
licentiousness	50
lichen	35
lichens	35
licit	50
licitly	60
lick	35
licked	35
licking	35
lickings	40
licks	35
licorice	35
licorices	35
lid	35
lidar	60
lidded	50
lidless	60
lido	60
lidos	60
lids	35
lie	35
lied	35
lieder	60
lief	50
liefer	50
liefest	50
liege	50
lieges	50
lien	40
liens	40
lies	35
lieu	35
lieutenancy	50
lieutenant	35
lieutenants	35
life	35
lifebelt	50
lifebelts	60
lifeblood	50
lifeboat	35
lifeboats	35
lifebuoy	40
lifebuoys	60
lifeforms	35
lifeguard	35
lifeguards	35
lifeless	35
lifelessly	60
lifelessness	60
lifelike	35
lifeline	35
lifelines	35
lifelong	35
lifer	50
lifers	50
lifesaver	40
lifesavers	40
lifesaving	50
lifespan	35
lifespans	50
lifestyle	35
lifestyles	35
lifetime	35
lifetimes	35
lifework	50
lifeworks	50
lift	35
lifted	35
lifter	60
lifters	60
liftgate	60
liftgates	60
lifting	35
liftoff	40
liftoffs	40
lifts	35
ligament	35
ligaments	35
ligate	60
ligated	60
ligates	60
ligating	60
ligation	60
ligature	50
ligatured	50
ligatures	35
ligaturing	50
light	35
lighted	35
lighten	35
lightened	35
lightener	60
lighteners	60
lightening	35
lightens	35
lighter	35
lighters	35
lightest	35
lightface	60
lightfaced	60
lightheaded	40
lightheadedness	60
lighthearted	40
lightheartedly	50
lightheartedness	50
lighthouse	35
lighthouses	35
lighting	35
lightly	35
lightness	35
lightning	35
lightninged	35
lightnings	35
lightproof	60
lights	35
lightsaber	60
lightsabers	60
lightship	60
lightships	60
lightweight	35
lightweights	35
ligneous	60
lignin	60
lignite	50
likability	60
likable	35
likableness	50
like	35
liked	35
likelier	35
likeliest	35
likelihood	35
likelihoods	35
likeliness	60
likely	35
liken	35
likened	35
likeness	35
likenesses	35
likening	35
likens	35
likes	35
likewise	35
liking	35
lilac	35
lilacs	35
lilies	35
lilliputian	60
lilo	60
lilos	60
lilt	35
lilted	35
lilting	35
lilts	35
lily	35
limb	35
limber	35
limbered	35
limbering	35
limberness	60
limbers	35
limbless	50
limbo	35
limbos	40
limbs	35
lime	35
limeade	50
limeades	50
limed	35
limelight	35
limerick	35
limericks	35
limes	35
limescale	60
limestone	35
limey	60
limeys	60
limier	50
limiest	50
liminal	60
liming	35
limit	35
limitation	35
limitations	35
limited	35
limiter	60
limiters	60
limiting	35
limitings	40
limitless	35
limitlessness	60
limits	35
limn	50
limned	50
limning	50
limns	50
limo	40
limos	40
limousine	35
limousines	35
limp	35
limped	35
limper	35
limpest	35
limpet	50
limpets	50
limpid	50
limpidity	50
limpidly	50
limpidness	60
limping	35
limply	50
limpness	50
limps	35
limy	50
linage	50
linchpin	35
linchpins	35
linden	50
lindens	50
line	35
lineage	35
lineages	35
lineal	50
lineally	50
lineament	50
lineaments	50
linear	35
linearity	60
linearly	35
linebacker	50
linebackers	50
lined	35
linefeed	35
lineman	50
linemen	50
linen	35
linens	40
liner	35
liners	35
lines	35
linesman	50
linesmen	50
lineup	40
lineups	40
ling	60
linger	35
lingered	35
lingerer	50
lingerers	50
lingerie	35
lingering	35
lingeringly	60
lingers	35
lingo	35
lingoes	35
lings	60
lingual	50
linguine	60
linguist	35
linguistic	35
linguistically	60
linguistics	35
linguists	35
liniment	35
liniments	35
lining	35
linings	35
link	35
linkage	35
linkages	40
linked	35
linker	35
linking	35
linkman	60
linkmen	60
links	35
linkup	50
linkups	50
linnet	50
linnets	50
lino	60
linoleum	35
linseed	50
lint	35
lintel	50
lintels	50
lintier	60
lintiest	60
linty	60
lion	35
lioness	35
lionesses	35
lionhearted	50
lionization	60
lionize	50
lionized	50
lionizes	50
lionizing	50
lions	35
lip	35
lipid	50
lipids	50
liposuction	50
lipped	60
lippy	60
lipread	40
lipreader	60
lipreaders	60
lipreading	50
lipreads	60
lips	35
lipstick	35
lipsticks	35
liquefaction	50
liquefied	35
liquefies	35
liquefy	35
liquefying	35
liqueur	35
liqueurs	35
liquid	35
liquidate	35
liquidated	35
liquidates	35
liquidating	35
liquidation	35
liquidations	35
liquidator	50
liquidators	50
liquidity	50
liquidize	50
liquidized	50
liquidizer	60
liquidizers	60
liquidizes	50
liquidizing	50
liquids	35
liquor	35
liquored	35
liquoring	35
liquors	35
lira	50
lire	50
lisle	50
lisp	35
lisped	35
lisper	60
lispers	60
lisping	35
lisps	35
lissome	50
list	35
listed	35
listen	35
listenable	60
listened	35
listener	35
listeners	35
listening	35
listens	35
listeria	60
listing	35
listings	35
listless	35
listlessly	40
listlessness	50
lists	35
lit	35
litanies	35
litany	35
litchi	50
litchis	50
lite	40
liter	35
literacy	35
literal	35
literally	35
literalness	60
literals	35
literariness	60
literary	35
literate	35
literately	60
literates	35
literati	50
literature	35
liters	35
lithe	35
lithely	60
litheness	60
lither	35
lithesome	60
lithest	35
lithium	35
lithograph	50
lithographed	50
lithographer	50
lithographers	50
lithographic	50
lithographically	60
lithographing	50
lithographs	50
lithography	50
lithosphere	50
lithospheres	50
litigant	50
litigants	50
litigate	40
litigated	40
litigates	40
litigating	40
litigation	35
litigator	60
litigators	60
litigious	50
litigiousness	50
litmus	50
litotes	60
litter	35
litterateur	60
litterateurs	60
litterbug	35
litterbugs	35
littered	35
litterer	60
litterers	60
littering	35
litters	35
little	35
littleness	50
littoral	50
littorals	50
liturgical	35
liturgically	60
liturgies	35
liturgist	60
liturgists	60
liturgy	35
livability	50
livable	35
live	35
lived	35
livelier	35
liveliest	35
livelihood	35
livelihoods	35
liveliness	35
livelong	50
lively	35
liven	35
livened	35
livening	35
livens	35
liver	35
liveried	50
liveries	50
liverish	60
livers	35
liverwort	60
liverworts	60
liverwurst	50
livery	50
liveryman	60
liverymen	60
lives	35
livest	35
livestock	35
livestream	60
livestreamed	60
livestreaming	60
livestreams	60
livid	35
lividly	50
living	35
livings	35
lizard	35
lizards	35
llama	35
llamas	35
llano	50
llanos	50
lo	50
load	35
loadable	35
loaded	35
loader	35
loaders	50
loading	35
loads	35
loaf	35
loafed	35
loafer	35
loafers	35
loafing	35
loafs	35
loam	35
loamier	50
loamiest	50
loamy	50
loan	35
loaned	35
loaner	50
loaners	50
loaning	35
loans	35
loansharking	60
loanword	50
loanwords	50
loath	35
loathe	35
loathed	35
loather	60
loathers	60
loathes	35
loathing	35
loathings	35
loathsome	35
loathsomely	60
loathsomeness	50
loaves	35
lob	35
lobar	60
lobbed	35
lobber	60
lobbers	60
lobbied	35
lobbies	35
lobbing	35
lobby	35
lobbying	35
lobbyist	35
lobbyists	35
lobe	35
lobed	50
lobes	35
lobotomies	50
lobotomize	60
lobotomized	60
lobotomizes	60
lobotomizing	60
lobotomy	35
lobs	35
lobster	35
lobsters	35
local	35
locale	35
locales	35
localities	35
locality	35
localization	50
localize	35
localized	35
localizes	35
localizing	35
locally	35
locals	35
locate	35
located	35
locates	35
locating	35
location	35
locations	35
locator	60
locators	60
locavore	50
locavores	50
loch	60
lochs	60
loci	50
lock	35
lockable	50
lockbox	60
lockboxes	60
lockdown	60
lockdowns	60
locked	35
locker	35
lockers	35
locket	35
lockets	35
locking	35
lockjaw	50
lockout	50
lockouts	50
locks	35
locksmith	35
locksmiths	35
lockstep	50
lockup	50
lockups	50
loco	50
locomotion	35
locomotive	35
locomotives	35
locos	60
locoweed	50
locoweeds	50
locum	60
locums	60
locus	50
locust	35
locusts	35
locution	50
locutions	50
lode	50
lodes	50
lodestar	50
lodestars	50
lodestone	50
lodestones	50
lodge	35
lodged	35
lodger	35
lodgers	35
lodges	35
lodging	35
lodgings	35
loft	35
lofted	35
loftier	35
loftiest	35
loftily	50
loftiness	35
lofting	35
lofts	35
lofty	35
log	35
loganberries	50
loganberry	50
logarithm	35
logarithmic	35
logarithms	50
logbook	40
logbooks	40
loge	50
loges	50
logged	35
logger	35
loggerhead	50
loggerheads	50
loggers	50
loggia	60
loggias	60
logging	35
logic	35
logical	35
logicality	60
logically	35
logician	35
logicians	50
logier	60
logiest	60
login	50
logins	50
logistic	50
logistical	40
logistically	50
logistics	40
logjam	40
logjams	40
logo	35
logoff	50
logoffs	50
logon	50
logons	50
logos	40
logotype	50
logotypes	50
logout	50
logouts	50
logrolling	50
logs	35
logy	60
loin	35
loincloth	35
loincloths	35
loins	35
loiter	35
loitered	35
loiterer	35
loiterers	35
loitering	35
loiters	35
lolcat	50
lolcats	50
loll	35
lolled	35
lollies	60
lolling	35
lollipop	35
lollipops	35
lollop	60
lolloped	60
lolloping	60
lollops	60
lolls	35
lolly	60
lollygag	50
lollygagged	50
lollygagging	50
lollygags	50
lone	35
lonelier	35
loneliest	35
loneliness	35
lonely	35
loner	40
loners	40
lonesome	35
lonesomely	60
lonesomeness	60
long	35
longboat	50
longboats	50
longbow	60
longbows	60
longed	35
longer	35
longest	35
longevity	35
longhair	50
longhairs	50
longhand	35
longhorn	50
longhorns	50
longhouse	60
longhouses	60
longing	35
longingly	40
longings	35
longish	35
longitude	35
longitudes	35
longitudinal	35
longitudinally	50
longs	35
longshoreman	35
longshoremen	35
longsighted	60
longstanding	40
longtime	40
longueur	60
longueurs	60
longways	60
loo	60
loofah	50
loofahs	60
look	35
lookalike	40
lookalikes	40
looked	35
looker	60
lookers	60
looking	35
lookout	35
lookouts	35
looks	35
lookup	50
loom	35
loomed	35
looming	35
looms	35
loon	35
loonie	50
loonier	35
loonies	35
looniest	35
loons	35
loony	35
loop	35
looped	35
loophole	35
loopholes	35
loopier	50
loopiest	50
looping	35
loops	35
loopy	50
loos	60
loose	35
loosed	35
loosely	35
loosen	35
loosened	35
looseness	50
loosening	35
loosens	35
looser	35
looses	35
loosest	35
loosing	35
loot	35
looted	35
looter	40
looters	40
looting	35
loots	35
lop	35
lope	35
loped	35
lopes	35
loping	35
lopped	35
lopping	35
lops	35
lopsided	35
lopsidedly	50
lopsidedness	50
loquacious	50
loquaciously	60
loquaciousness	60
loquacity	50
lord	35
lorded	35
lording	35
lordlier	50
lordliest	50
lordliness	60
lordly	50
lords	35
lordship	50
lordships	50
lore	35
lorgnette	50
lorgnettes	50
loris	60
lorises	60
lorn	50
lorries	35
lorry	35
lose	35
loser	35
losers	35
loses	35
losing	35
losings	60
loss	35
losses	35
lossless	60
lost	35
lot	35
lotion	35
lotions	35
lots	35
lotteries	35
lottery	35
lotto	50
lotus	35
lotuses	35
louche	60
loud	35
louder	35
loudest	35
loudhailer	60
loudhailers	60
loudly	35
loudmouth	40
loudmouthed	40
loudmouths	40
loudness	35
loudspeaker	35
loudspeakers	35
lough	60
loughs	60
lounge	35
lounged	35
lounger	60
loungers	60
lounges	35
lounging	35
lour	60
loured	60
louring	60
lours	60
louse	35
loused	60
louses	35
lousier	35
lousiest	35
lousily	60
lousiness	50
lousing	60
lousy	35
lout	50
loutish	50
loutishly	60
loutishness	60
louts	50
louver	50
louvered	50
louvers	50
lovable	35
lovableness	60
lovably	60
love	35
lovebird	50
lovebirds	50
lovechild	60
lovechildren	60
loved	35
loveless	50
lovelier	35
lovelies	35
loveliest	35
loveliness	35
lovelorn	50
lovely	35
lovemaking	60
lover	35
lovers	35
loves	35
lovesick	40
lovestruck	60
lovey	60
loving	35
lovingly	35
low	35
lowball	60
lowballed	60
lowballing	60
lowballs	60
lowborn	60
lowboy	60
lowboys	60
lowbrow	40
lowbrows	40
lowdown	35
lowed	35
lower	35
lowercase	40
lowered	35
lowering	35
lowermost	60
lowers	35
lowest	35
lowing	35
lowish	50
lowland	50
lowlander	60
lowlanders	60
lowlands	50
lowlier	35
lowliest	35
lowlife	60
lowlifes	60
lowliness	50
lowly	35
lowness	50
lowrider	60
lowriders	60
lows	35
lox	50
loyal	35
loyaler	35
loyalest	35
loyalism	60
loyalist	50
loyalists	50
loyally	40
loyalties	35
loyalty	35
lozenge	35
lozenges	35
luau	50
luaus	50
lubber	50
lubberly	60
lubbers	50
lube	50
lubed	50
lubes	50
lubing	50
lubricant	35
lubricants	35
lubricate	35
lubricated	35
lubricates	35
lubricating	35
lubrication	35
lubricator	50
lubricators	50
lubricious	60
lubriciously	60
lubricity	60
lucent	60
lucid	35
lucidity	40
lucidly	40
lucidness	50
luck	35
lucked	35
luckier	35
luckiest	35
luckily	35
luckiness	50
lucking	35
luckless	50
lucks	35
lucky	35
lucrative	35
lucratively	50
lucrativeness	60
lucre	50
lucubrate	60
lucubrated	60
lucubrates	60
lucubrating	60
lucubration	60
ludicrous	35
ludicrously	35
ludicrousness	50
ludo	60
luff	60
luffed	60
luffing	60
luffs	60
lug	35
luge	60
luges	60
luggage	35
lugged	35
lugger	60
luggers	60
lugging	35
lughole	60
lugholes	60
lugs	35
lugsail	60
lugsails	60
lugubrious	40
lugubriously	50
lugubriousness	50
lukewarm	35
lukewarmly	60
lukewarmness	60
lull	35
lullabies	35
lullaby	35
lulled	35
lulling	35
lulls	35
lulu	60
lulus	60
lumbago	50
lumbar	50
lumber	35
lumbered	35
lumberer	60
lumberers	60
lumbering	35
lumberjack	35
lumberjacks	35
lumberman	50
lumbermen	50
lumbers	35
lumberyard	40
lumberyards	40
lumen	60
lumens	60
luminaries	35
luminary	35
luminescence	50
luminescent	50
luminosity	50
luminous	35
luminously	50
lummox	50
lummoxes	50
lump	35
lumpectomies	60
lumpectomy	60
lumped	35
lumpen	60
lumpenproletariat	60
lumpier	35
lumpiest	35
lumpiness	50
lumping	35
lumpish	50
lumps	35
lumpy	35
lunacies	35
lunacy	35
lunar	35
lunatic	35
lunatics	35
lunch	35
lunchbox	40
lunchboxes	40
lunched	35
luncheon	35
luncheonette	50
luncheonettes	50
luncheons	35
lunches	35
lunching	35
lunchroom	50
lunchrooms	50
lunchtime	35
lunchtimes	40
lung	35
lunge	35
lunged	35
lunges	35
lungfish	60
lungfishes	60
lungful	60
lungfuls	60
lunging	35
lungs	35
lunkhead	60
lunkheads	60
lupine	50
lupines	35
lupus	50
lurch	35
lurched	35
lurches	35
lurching	35
lure	35
lured	35
lures	35
lurgy	60
lurid	35
luridly	40
luridness	50
luring	35
lurk	35
lurked	35
lurking	35
lurks	35
luscious	35
lusciously	50
lusciousness	50
lush	35
lusher	35
lushes	35
lushest	35
lushly	60
lushness	50
lust	35
lusted	35
luster	35
lusterless	60
lustful	50
lustfully	50
lustier	35
lustiest	35
lustily	50
lustiness	50
lusting	35
lustrous	35
lustrously	60
lusts	35
lusty	35
lutanist	60
lutanists	60
lute	35
lutenist	60
lutenists	60
lutes	35
lutetium	60
lux	60
luxe	60
luxuriance	50
luxuriant	35
luxuriantly	50
luxuriate	35
luxuriated	35
luxuriates	35
luxuriating	35
luxuriation	60
luxuries	35
luxurious	35
luxuriously	40
luxuriousness	50
luxury	35
lycanthrope	60
lycanthropes	60
lyceum	50
lyceums	50
lychgate	60
lychgates	60
lye	35
lying	35
lymph	35
lymphatic	35
lymphatics	35
lymphocyte	60
lymphocytes	60
lymphoid	60
lymphoma	50
lymphomas	50
lynch	35
lynched	35
lyncher	60
lynchers	60
lynches	35
lynching	35
lynchings	40
lynx	50
lynxes	50
lyre	35
lyrebird	60
lyrebirds	60
lyres	35
lyric	35
lyrical	35
lyrically	50
lyricism	60
lyricist	40
lyricists	40
lyrics	35
lysosomal	60
lysosomes	60
ma	35
mac	60
macabre	35
macadam	50
macadamia	60
macadamias	60
macadamize	60
macadamized	60
macadamizes	60
macadamizing	60
macaque	60
macaques	60
macaroni	35
macaronis	35
macaroon	50
macaroons	50
macaw	50
macaws	50
mace	35
maced	35
macerate	50
macerated	50
macerates	50
macerating	50
maceration	50
maces	35
mach	60
machete	35
machetes	35
machinate	60
machinated	60
machinates	60
machinating	60
machination	50
machinations	50
machine	35
machined	35
machinery	35
machines	35
machining	35
machinist	35
machinists	35
machismo	50
macho	35
machos	60
macing	35
mackerel	35
mackerels	35
mackinaw	50
mackinaws	50
mackintosh	35
mackintoshes	50
macrame	50
macro	40
macrobiotic	50
macrobiotics	50
macrocosm	40
macrocosms	40
macroeconomic	60
macroeconomics	60
macron	50
macrons	50
macrophages	60
macros	40
macroscopic	35
macs	60
mad	35
madam	35
madame	35
madams	35
madcap	35
madcaps	35
madden	35
maddened	35
maddening	35
maddeningly	40
maddens	35
madder	35
madders	50
maddest	35
madding	60
made	35
mademoiselle	50
mademoiselles	50
madhouse	35
madhouses	35
madly	35
madman	35
madmen	35
madness	35
madras	50
madrasa	50
madrasah	50
madrasahs	50
madrasas	50
madrases	50
madrassa	50
madrassas	50
madrigal	50
madrigals	50
mads	35
madwoman	50
madwomen	50
maelstrom	35
maelstroms	35
maestro	50
maestros	50
mafia	60
mafias	60
mafiosi	60
mafioso	60
mag	60
magazine	35
magazines	35
mage	60
magenta	35
mages	60
maggot	35
maggots	35
maggoty	60
magi	60
magic	35
magical	35
magically	35
magician	35
magicians	35
magicked	60
magicking	60
magisterial	50
magisterially	50
magistracy	60
magistrate	35
magistrates	35
magma	50
magnanimity	35
magnanimous	35
magnanimously	35
magnate	35
magnates	35
magnesia	50
magnesium	35
magnet	35
magnetic	35
magnetically	50
magnetism	35
magnetite	60
magnetizable	60
magnetization	50
magnetize	35
magnetized	35
magnetizes	35
magnetizing	35
magneto	50
magnetometer	60
magnetometers	60
magnetos	50
magnetosphere	50
magnets	35
magnification	40
magnifications	40
magnificence	35
magnificent	35
magnificently	40
magnified	35
magnifier	50
magnifiers	50
magnifies	35
magnify	35
magnifying	35
magniloquence	60
magniloquent	60
magnitude	35
magnitudes	35
magnolia	35
magnolias	35
magnon	60
magnum	35
magnums	50
magpie	35
magpies	35
mags	60
maharajah	50
maharajahs	50
maharani	50
maharanis	50
maharishi	50
maharishis	50
mahatma	50
mahatmas	50
mahoganies	35
mahogany	35
mahout	60
mahouts	60
maid	35
maiden	35
maidenhair	50
maidenhead	50
maidenheads	50
maidenhood	50
maidenly	50
maidens	35
maids	35
maidservant	50
maidservants	50
mail	35
mailbag	60
mailbags	60
mailbox	35
mailboxes	35
mailed	35
mailer	50
mailers	50
mailing	35
mailings	40
maillot	60
maillots	60
mailman	35
mailmen	35
mailroom	60
mailrooms	60
mails	35
mailshot	60
mailshots	60
maim	35
maimed	35
maiming	35
maims	35
main	35
mainframe	40
mainframes	35
mainland	35
mainlands	35
mainline	35
mainlined	50
mainlines	50
mainlining	50
mainly	35
mainmast	50
mainmasts	50
mains	35
mainsail	50
mainsails	50
mainspring	50
mainsprings	50
mainstay	35
mainstays	35
mainstream	35
mainstreamed	40
mainstreaming	40
mainstreams	40
maintain	35
maintainability	35
maintainable	35
maintained	35
maintainer	35
maintainers	35
maintaining	35
maintains	35
maintenance	35
maintop	60
maintops	60
maisonette	60
maisonettes	60
maize	35
maizes	35
majestic	35
majestically	35
majesties	35
majesty	35
majolica	60
major	35
majordomo	50
majordomos	50
majored	35
majorette	50
majorettes	50
majoring	35
majoritarian	60
majoritarianism	60
majoritarians	60
majorities	35
majority	35
majorly	40
majors	35
make	35
makeover	60
makeovers	60
maker	35
makers	35
makes	35
makeshift	35
makeshifts	35
makeup	35
makeups	35
makeweight	60
makeweights	60
making	35
makings	50
malachite	60
maladaptive	60
maladies	35
maladjusted	35
maladjustment	50
maladministration	60
maladroit	50
maladroitly	60
maladroitness	60
malady	35
malaise	40
malamute	60
malamutes	60
malapropism	50
malapropisms	50
malaria	35
malarial	50
malarkey	50
malathion	60
malcontent	50
malcontents	50
male	35
malediction	50
maledictions	50
malefaction	60
malefactor	50
malefactors	50
malefic	60
maleficence	60
maleficent	60
maleness	50
males	35
malevolence	35
malevolent	35
malevolently	50
malfeasance	50
malformation	50
malformations	50
malformed	35
malfunction	35
malfunctioned	40
malfunctioning	40
malfunctions	40
malice	35
malicious	35
maliciously	35
maliciousness	60
malign	35
malignancies	35
malignancy	35
malignant	35
malignantly	50
maligned	35
maligning	35
malignity	50
maligns	35
malinger	50
malingered	50
malingerer	50
malingerers	50
malingering	50
malingers	50
mall	35
mallard	35
mallards	35
malleability	50
malleable	35
mallet	35
mallets	35
mallow	50
mallows	50
malls	35
malnourished	40
malnourishment	60
malnutrition	35
malocclusion	60
malodorous	50
malpractice	35
malpractices	35
malt	35
malted	35
malteds	50
maltier	60
maltiest	60
malting	35
maltose	60
maltreat	35
maltreated	35
maltreating	35
maltreatment	50
maltreats	35
malts	35
malty	60
malware	50
mam	60
mama	35
mamas	35
mamba	60
mambas	60
mambo	50
mamboed	50
mamboing	50
mambos	50
mamma	50
mammae	50
mammal	35
mammalian	35
mammalians	50
mammals	35
mammary	50
mammies	60
mammogram	50
mammograms	50
mammography	50
mammon	50
mammoth	35
mammoths	35
mammy	60
mams	60
man	35
mana	60
manacle	35
manacled	35
manacles	35
manacling	35
manage	35
manageability	50
manageable	35
managed	35
management	35
manager	35
manageress	60
manageresses	60
managerial	35
managers	35
manages	35
managing	35
manana	60
manatee	50
manatees	50
mandala	60
mandalas	60
mandamus	60
mandamuses	60
mandarin	40
mandarins	40
mandate	35
mandated	35
mandates	35
mandating	35
mandatory	35
mandible	35
mandibles	35
mandibular	60
mandolin	35
mandolins	35
mandrake	50
mandrakes	50
mandrel	60
mandrels	60
mandrill	50
mandrills	50
mane	35
maned	60
manege	50
manes	35
maneuver	35
maneuverability	50
maneuverable	50
maneuvered	35
maneuvering	35
maneuverings	60
maneuvers	35
manful	50
manfully	50
manga	50
manganese	50
mange	35
manger	35
mangers	35
mangetout	60
mangetouts	60
mangier	35
mangiest	35
manginess	60
mangle	35
mangled	35
mangles	35
mangling	35
mango	35
mangoes	35
mangrove	35
mangroves	35
mangy	35
manhandle	35
manhandled	35
manhandles	35
manhandling	35
manhole	35
manholes	35
manhood	35
manhunt	40
manhunts	40
mania	35
maniac	35
maniacal	35
maniacally	60
maniacs	35
manias	35
manic	35
manically	60
manicotti	60
manics	40
manicure	35
manicured	35
manicures	35
manicuring	35
manicurist	35
manicurists	35
manifest	35
manifestation	35
manifestations	35
manifested	35
manifesting	35
manifestly	35
manifesto	35
manifestos	35
manifests	35
manifold	35
manifolded	35
manifolding	35
manifolds	35
manikin	50
manikins	50
manila	60
manioc	60
maniocs	60
manipulable	60
manipulate	35
manipulated	35
manipulates	35
manipulating	35
manipulation	35
manipulations	35
manipulative	40
manipulatively	60
manipulator	50
manipulators	50
mankind	35
manky	60
manlier	35
manliest	35
manlike	60
manliness	35
manly	35
manna	50
manned	35
mannequin	35
mannequins	35
manner	35
mannered	50
mannerism	35
mannerisms	35
mannerly	50
manners	35
manning	35
mannish	35
mannishly	50
mannishness	50
manometer	60
manometers	60
manor	35
manorial	50
manors	35
manpower	35
manque	50
mans	35
mansard	50
mansards	50
manse	50
manservant	50
manses	50
mansion	35
mansions	35
manslaughter	35
mansplain	60
mansplained	60
mansplainer	60
mansplainers	60
mansplaining	60
mansplains	60
manta	60
mantas	60
mantel	35
mantelpiece	35
mantelpieces	35
mantels	35
mantelshelf	60
mantelshelves	60
mantilla	50
mantillas	50
mantis	50
mantises	50
mantissa	50
mantissas	60
mantle	35
mantled	35
mantles	35
mantling	35
mantra	40
mantras	40
manual	35
manually	35
manuals	35
manufacture	35
manufactured	35
manufacturer	35
manufacturers	35
manufactures	35
manufacturing	35
manumission	60
manumissions	60
manumit	50
manumits	50
manumitted	50
manumitting	50
manure	35
manured	35
manures	35
manuring	35
manuscript	35
manuscripts	35
many	35
map	35
maple	35
maples	35
mapmaker	60
mapmakers	60
mapped	35
mapper	35
mappers	60
mapping	35
mappings	35
maps	35
mar	35
marabou	50
marabous	50
marabout	60
marabouts	60
maraca	50
maracas	50
maraschino	60
maraschinos	60
marathon	35
marathoner	50
marathoners	50
marathons	35
maraud	50
marauded	50
marauder	50
marauders	50
marauding	50
marauds	50
marble	35
marbled	35
marbleize	60
marbleized	60
marbleizes	60
marbleizing	60
marbles	35
marbling	35
march	35
marched	35
marcher	35
marchers	50
marches	35
marching	35
marchioness	50
marchionesses	50
mare	35
mares	35
margarine	35
margarita	60
margaritas	60
marge	60
margin	35
marginal	35
marginalia	50
marginalization	60
marginalize	60
marginalized	60
marginalizes	60
marginalizing	60
marginally	35
marginals	60
margins	35
maria	35
mariachi	50
mariachis	50
marigold	35
marigolds	35
marijuana	35
marimba	50
marimbas	50
marina	35
marinade	40
marinaded	40
marinades	40
marinading	40
marinara	60
marinas	35
marinate	35
marinated	35
marinates	35
marinating	35
marination	60
marine	35
mariner	35
mariners	35
marines	35
marionette	35
marionettes	35
marital	35
maritally	60
maritime	35
marjoram	50
mark	35
markdown	40
markdowns	40
marked	35
markedly	35
marker	35
markers	35
market	35
marketability	40
marketable	35
marketed	35
marketeer	60
marketeers	60
marketer	40
marketers	40
marketing	35
marketplace	35
marketplaces	35
markets	35
marking	35
markings	35
markka	60
markkaa	60
marks	35
marksman	35
marksmanship	50
marksmen	35
markup	40
markups	40
marl	60
marlin	50
marlinespike	60
marlinespikes	60
marlins	50
marmalade	35
marmoreal	60
marmoset	50
marmosets	50
marmot	50
marmots	50
maroon	35
marooned	35
marooning	35
maroons	35
marque	60
marquee	35
marquees	35
marques	60
marquess	50
marquesses	50
marquetry	50
marquis	50
marquise	50
marquises	50
marquisette	60
marred	35
marriage	35
marriageability	60
marriageable	50
marriages	35
married	35
marrieds	40
marries	35
marring	35
marrow	35
marrows	35
marry	35
marrying	35
mars	35
marsh	35
marshal	35
marshaled	35
marshaling	35
marshals	35
marshes	35
marshier	35
marshiest	35
marshland	60
marshlands	60
marshmallow	35
marshmallows	35
marshy	35
marsupial	35
marsupials	35
mart	35
marten	50
martens	50
martensite	60
martial	35
martially	60
martin	35
martinet	50
martinets	50
martingale	60
martingales	60
martini	50
martinis	50
martins	50
marts	35
martyr	35
martyrdom	35
martyred	35
martyring	35
martyrs	35
marvel	35
marveled	35
marveling	35
marvelous	35
marvelously	50
marvels	35
marzipan	50
mas	35
masa	60
masala	60
masas	60
mascara	35
mascaraed	35
mascaraing	35
mascaras	35
mascarpone	60
mascot	35
mascots	35
masculine	35
masculines	35
masculinity	40
maser	60
masers	60
mash	35
mashed	35
masher	50
mashers	50
mashes	35
mashing	35
mashup	50
mashups	50
mask	35
masked	35
masker	60
maskers	60
masking	35
masks	35
masochism	40
masochist	35
masochistic	40
masochistically	60
masochists	35
mason	35
masonic	50
masonry	35
masons	35
masque	50
masquerade	35
masqueraded	35
masquerader	50
masqueraders	50
masquerades	35
masquerading	35
masques	50
mass	35
massacre	35
massacred	35
massacres	35
massacring	35
massage	35
massaged	35
massager	60
massagers	60
massages	35
massaging	35
massed	35
masses	35
masseur	40
masseurs	40
masseuse	40
masseuses	40
massif	60
massifs	60
massing	35
massive	35
massively	35
massiveness	50
mast	35
mastectomies	50
mastectomy	50
masted	60
master	35
masterclass	60
masterclasses	60
mastered	35
masterful	35
masterfully	50
mastering	35
masterly	35
mastermind	35
masterminded	35
masterminding	35
masterminds	35
masterpiece	35
masterpieces	35
masters	35
masterstroke	50
masterstrokes	50
masterwork	50
masterworks	50
mastery	35
masthead	50
mastheads	50
mastic	60
masticate	35
masticated	35
masticates	35
masticating	35
mastication	50
mastiff	50
mastiffs	50
mastitis	60
mastodon	50
mastodons	50
mastoid	50
mastoids	50
masts	35
masturbate	40
masturbated	40
masturbates	40
masturbating	40
masturbation	35
masturbatory	60
mat	35
matador	35
matadors	35
match	35
matchbook	35
matchbooks	35
matchbox	40
matchboxes	40
matched	35
matches	35
matching	35
matchless	35
matchlock	60
matchlocks	60
matchmaker	35
matchmakers	35
matchmaking	40
matchstick	40
matchsticks	40
matchup	50
matchups	50
matchwood	60
mate	35
mated	35
mater	60
material	35
materialism	35
materialist	35
materialistic	35
materialistically	50
materialists	35
materialities	60
materiality	60
materialization	50
materialize	35
materialized	35
materializes	35
materializing	35
materially	50
materials	35
materiel	50
maternal	35
maternally	50
maternity	35
maters	60
mates	35
matey	60
mateys	60
math	35
mathematical	35
mathematically	35
mathematician	35
mathematicians	35
mathematics	35
matinee	35
matinees	35
mating	35
matings	60
matins	50
matriarch	35
matriarchal	35
matriarchies	40
matriarchs	35
matriarchy	40
matrices	35
matricidal	60
matricide	50
matricides	50
matriculate	35
matriculated	35
matriculates	35
matriculating	35
matriculation	35
matrimonial	35
matrimony	35
matrix	35
matron	35
matronly	35
matrons	35
mats	35
matte	35
matted	35
matter	35
mattered	35
mattering	35
matters	35
mattes	40
matting	35
mattock	50
mattocks	50
mattress	35
mattresses	35
maturate	60
maturated	60
maturates	60
maturating	60
maturation	50
mature	35
matured	35
maturely	50
maturer	35
matures	35
maturest	35
maturing	35
maturities	35
maturity	35
matzo	50
matzoh	60
matzoth	50
maudlin	35
maul	35
mauled	35
mauler	60
maulers	60
mauling	35
mauls	35
maunder	50
maundered	50
maundering	50
maunders	50
mausoleum	35
mausoleums	35
mauve	35
maven	50
mavens	50
maverick	35
mavericks	35
maw	50
mawkish	40
mawkishly	50
mawkishness	60
maws	50
max	40
maxed	40
maxes	40
maxi	60
maxilla	50
maxillae	50
maxillary	50
maxim	35
maxima	35
maximal	35
maximally	50
maximization	50
maximize	35
maximized	35
maximizes	35
maximizing	40
maxims	35
maximum	35
maximums	35
maxing	40
maxis	60
may	35
maybe	35
maybes	35
mayday	40
maydays	40
mayflies	50
mayflower	50
mayflowers	50
mayfly	50
mayhem	35
mayo	40
mayonnaise	35
mayor	35
mayoral	50
mayoralty	50
mayoress	60
mayoresses	60
mayors	35
maypole	50
maypoles	50
maze	35
mazes	35
mazurka	50
mazurkas	50
me	35
mead	50
meadow	35
meadowland	60
meadowlands	60
meadowlark	50
meadowlarks	50
meadows	35
meager	35
meagerly	50
meagerness	50
meal	35
mealier	35
mealiest	35
mealiness	60
meals	35
mealtime	40
mealtimes	40
mealy	35
mealybug	60
mealybugs	60
mealymouthed	40
mean	35
meander	35
meandered	35
meandering	35
meanderings	60
meanders	35
meaner	35
meanest	35
meanie	60
meanies	60
meaning	35
meaningful	35
meaningfully	40
meaningfulness	60
meaningless	35
meaninglessly	60
meaninglessness	60
meanings	35
meanly	50
meanness	50
means	35
meant	35
meantime	35
meanwhile	35
meany	60
measles	35
measlier	35
measliest	35
measly	35
measurable	35
measurably	50
measure	35
measured	35
measureless	50
measurement	35
measurements	35
measures	35
measuring	35
meat	35
meatball	40
meatballs	40
meathead	60
meatheads	60
meatier	40
meatiest	40
meatiness	60
meatless	60
meatloaf	40
meatloaves	40
meatpacking	60
meats	35
meaty	40
mecca	40
meccas	40
mechanic	35
mechanical	35
mechanically	35
mechanics	35
mechanism	35
mechanisms	35
mechanistic	50
mechanistically	60
mechanization	40
mechanize	35
mechanized	35
mechanizes	35
mechanizing	35
med	40
medal	35
medalist	40
medalists	40
medallion	35
medallions	35
medals	35
meddle	35
meddled	35
meddler	35
meddlers	35
meddles	35
meddlesome	35
meddling	35
medevac	60
media	35
medial	50
medially	60
median	35
medians	40
mediate	35
mediated	35
mediates	35
mediating	35
mediation	35
mediator	35
mediators	35
medic	50
medicaid	60
medical	35
medically	35
medicals	35
medicament	60
medicare	60
medicate	35
medicated	35
medicates	35
medicating	35
medication	35
medications	35
medicinal	35
medicinally	50
medicine	35
medicines	35
medico	60
medicos	60
medics	50
medieval	35
medievalist	60
medievalists	60
mediocre	35
mediocrities	35
mediocrity	35
meditate	35
meditated	35
meditates	35
meditating	35
meditation	35
meditations	35
meditative	50
meditatively	50
medium	35
mediums	35
medley	35
medleys	35
meds	40
medulla	50
medullas	50
medusa	60
medusae	60
meed	60
meek	35
meeker	35
meekest	35
meekly	35
meekness	35
meerkat	60
meerkats	60
meerschaum	60
meerschaums	60
meet	35
meeting	35
meetinghouse	40
meetinghouses	40
meetings	35
meets	35
meetup	60
meetups	60
meg	40
mega	60
megabit	60
megabits	60
megabucks	60
megabyte	35
megabytes	35
megachurch	50
megachurches	50
megacities	60
megacity	60
megacycle	50
megacycles	50
megadeath	60
megadeaths	60
megagram	60
megagrams	60
megahertz	50
megahit	60
megahits	60
megajoule	60
megajoules	60
megalith	50
megalithic	60
megaliths	50
megalomania	40
megalomaniac	35
megalomaniacs	40
megalopolis	50
megalopolises	50
megameter	60
megameters	60
megapascal	60
megapascals	60
megaphone	35
megaphoned	35
megaphones	35
megaphoning	35
megapixel	50
megapixels	50
megastar	60
megastars	60
megastore	60
megastores	60
megaton	35
megatons	35
megawatt	60
megawatts	60
megs	40
meh	50
meiosis	60
meiotic	60
melamine	60
melancholia	50
melancholic	50
melancholy	35
melange	50
melanges	50
melanin	50
melanoma	50
melanomas	50
melatonin	60
meld	40
melded	40
melding	40
melds	40
melee	40
melees	40
meliorate	60
meliorated	60
meliorates	60
meliorating	60
melioration	60
meliorative	60
mellifluous	50
mellifluously	50
mellifluousness	60
mellow	35
mellowed	35
mellower	35
mellowest	35
mellowing	35
mellowly	60
mellowness	50
mellows	35
melodic	35
melodically	50
melodies	35
melodious	35
melodiously	50
melodiousness	50
melodrama	35
melodramas	35
melodramatic	35
melodramatically	50
melodramatics	60
melody	35
melon	35
melons	35
melt	35
meltdown	40
meltdowns	40
melted	35
melting	35
melts	35
meltwater	60
meltwaters	60
member	35
members	35
membership	35
memberships	35
membrane	35
membranes	35
membranous	50
meme	50
memento	35
mementos	35
memes	50
memo	35
memoir	50
memoirs	40
memorabilia	40
memorability	60
memorable	35
memorably	35
memorandum	35
memorandums	35
memorial	35
memorialize	50
memorialized	50
memorializes	50
memorializing	50
memorials	35
memories	35
memorization	50
memorize	35
memorized	35
memorizes	35
memorizing	35
memory	35
memos	35
memsahib	60
memsahibs	60
men	35
menace	35
menaced	35
menaces	35
menacing	35
menacingly	50
menage	50
menagerie	35
menageries	35
menages	50
mend	35
mendacious	50
mendaciously	60
mendacity	50
mended	35
mendelevium	60
mender	50
menders	50
mendicancy	60
mendicant	50
mendicants	50
mending	35
mends	35
menfolk	50
menfolks	60
menhaden	50
menial	35
menially	50
menials	35
meningeal	60
meninges	60
meningitis	40
meninx	60
menisci	60
meniscus	60
menopausal	50
menopause	35
menorah	40
menorahs	40
mensch	60
mensches	60
menservants	50
menses	50
menstrual	35
menstruate	35
menstruated	35
menstruates	35
menstruating	35
menstruation	35
mensurable	60
mensuration	60
menswear	60
mental	35
mentalist	60
mentalists	60
mentalities	35
mentality	35
mentally	35
mentee	60
mentees	60
menthol	35
mentholated	50
mention	35
mentioned	35
mentioning	35
mentions	35
mentor	35
mentored	35
mentoring	35
mentors	35
mentorship	60
mentorships	60
menu	35
menus	35
meow	35
meowed	35
meowing	35
meows	35
mercantile	35
mercantilism	60
mercenaries	35
mercenary	35
mercer	60
mercerize	50
mercerized	50
mercerizes	50
mercerizing	50
mercers	60
merchandise	35
merchandised	35
merchandiser	60
merchandisers	60
merchandises	35
merchandising	35
merchant	35
merchantable	60
merchantman	50
merchantmen	50
merchants	35
mercies	35
merciful	35
mercifully	35
merciless	35
mercilessly	35
mercilessness	60
mercurial	50
mercurially	60
mercuric	50
mercury	35
mercy	35
mere	35
merely	35
merengue	60
merengues	60
meres	35
merest	35
meretricious	50
meretriciously	60
meretriciousness	60
merganser	50
mergansers	50
merge	35
merged	35
merger	35
mergers	35
merges	35
merging	35
meridian	35
meridians	35
meringue	35
meringues	35
merino	50
merinos	50
merit	35
merited	35
meriting	35
meritless	60
meritocracies	50
meritocracy	50
meritocratic	60
meritorious	50
meritoriously	50
meritoriousness	60
merits	35
mermaid	35
mermaids	35
merman	50
mermen	50
merrier	35
merriest	35
merrily	35
merriment	35
merriness	50
merry	35
merrymaker	50
merrymakers	50
merrymaking	50
mesa	50
mesas	50
mescal	50
mescalin	60
mescaline	50
mescals	50
mesdames	35
mesh	35
meshed	35
meshes	35
meshing	35
mesmeric	60
mesmerism	50
mesmerize	40
mesmerized	40
mesmerizer	60
mesmerizers	60
mesmerizes	40
mesmerizing	40
mesomorph	60
mesomorphs	60
meson	60
mesons	60
mesosphere	60
mesospheres	60
mesquite	50
mesquites	50
mess	35
message	35
messaged	35
messages	35
messaging	35
messed	35
messeigneurs	60
messenger	35
messengers	35
messes	35
messiah	50
messiahs	50
messianic	60
messier	35
messiest	35
messieurs	50
messily	50
messiness	50
messing	35
messmate	60
messmates	60
messy	35
mestizo	50
mestizos	50
met	35
metabolic	35
metabolically	60
metabolism	35
metabolisms	35
metabolite	60
metabolites	60
metabolize	50
metabolized	50
metabolizes	50
metabolizing	50
metacarpal	50
metacarpals	50
metacarpi	50
metacarpus	50
metadata	60
metal	35
metalanguage	60
metalanguages	60
metaled	60
metalhead	60
metalheads	60
metallic	35
metallics	60
metalloid	60
metalloids	60
metallurgic	60
metallurgical	50
metallurgist	40
metallurgists	40
metallurgy	35
metals	35
metalwork	60
metalworker	60
metalworkers	60
metalworking	60
metamorphic	50
metamorphism	50
metamorphose	50
metamorphosed	50
metamorphoses	35
metamorphosing	50
metamorphosis	35
metaphor	35
metaphoric	60
metaphorical	35
metaphorically	35
metaphors	35
metaphysical	35
metaphysically	60
metaphysics	35
metastases	50
metastasis	50
metastasize	50
metastasized	50
metastasizes	50
metastasizing	50
metastatic	60
metatarsal	50
metatarsals	50
metatarsi	60
metatarsus	60
metatheses	60
metathesis	60
metaverse	50
metaverses	50
mete	35
meted	35
metempsychosis	60
meteor	35
meteoric	35
meteorically	60
meteorite	35
meteorites	35
meteoroid	50
meteoroids	50
meteorologic	60
meteorological	40
meteorologist	35
meteorologists	35
meteorology	35
meteors	35
meter	35
metered	35
metering	35
meters	35
metes	35
metformin	60
meth	60
methadone	40
methamphetamine	60
methane	40
methanol	50
methinks	50
method	35
methodical	35
methodically	40
methodicalness	60
methodological	40
methodologically	60
methodologies	40
methodology	35
methods	35
methotrexate	60
methought	50
meths	60
methyl	60
meticulous	35
meticulously	40
meticulousness	50
metier	50
metiers	50
meting	35
metric	35
metrical	50
metrically	50
metricate	60
metricated	60
metricates	60
metricating	60
metrication	50
metricize	60
metricized	60
metricizes	60
metricizing	60
metrics	50
metro	40
metronome	50
metronomes	50
metropolis	35
metropolises	35
metropolitan	35
metros	40
metrosexual	60
mettle	35
mettlesome	50
mew	35
mewed	35
mewing	35
mewl	50
mewled	50
mewling	50
mewls	50
mews	35
mezzanine	35
mezzanines	35
mezzo	60
mezzos	60
mi	50
miasma	50
miasmas	50
mic	60
mica	50
mice	35
mick	60
mickey	60
mickeys	60
micks	60
micro	60
microaggression	50
microaggressions	50
microbe	35
microbes	35
microbial	60
microbiological	60
microbiologist	50
microbiologists	50
microbiology	35
microbiome	60
microbiomes	60
microblog	60
microblogged	60
microblogging	60
microblogs	60
microbrew	60
microbreweries	60
microbrewery	60
microbrews	60
microchip	40
microchips	40
microcircuit	60
microcircuits	60
microclimate	60
microclimates	60
microcode	35
microcomputer	35
microcomputers	35
microcontroller	60
microcontrollers	60
microcosm	40
microcosmic	60
microcosms	40
microdot	60
microdots	60
microeconomics	50
microelectronic	60
microelectronics	60
microfiber	60
microfibers	60
microfiche	35
microfilm	35
microfilmed	35
microfilming	35
microfilms	35
microfinance	60
microgram	60
micrograms	60
microgroove	60
microgrooves	60
microlight	60
microlights	60
microloan	50
microloans	50
micromanage	60
micromanaged	60
micromanagement	60
micromanager	60
micromanagers	60
micromanages	60
micromanaging	60
micrometeorite	60
micrometeorites	60
micrometer	35
micrometers	35
micron	50
microns	50
microorganism	35
microorganisms	35
microphone	35
microphones	35
microplastic	60
microplastics	50
microprocessor	35
microprocessors	40
micros	60
microscope	35
microscopes	35
microscopic	35
microscopical	60
microscopically	50
microscopy	50
microsecond	50
microseconds	35
microsurgery	50
microwavable	60
microwave	35
microwaveable	60
microwaved	35
microwaves	35
microwaving	35
mics	60
mid	50
midafternoon	60
midair	40
midday	35
midden	60
middens	60
middies	50
middle	35
middlebrow	50
middlebrows	50
middleman	35
middlemen	35
middlemost	60
middles	35
middleware	60
middleweight	50
middleweights	50
middling	50
middy	50
midfield	60
midfielder	60
midfielders	60
midge	50
midges	50
midget	35
midgets	35
midi	60
midis	60
midland	50
midlands	50
midlevel	60
midlife	60
midline	60
midmorning	60
midmost	50
midnight	35
midnights	35
midpoint	50
midpoints	50
midrange	60
midrib	60
midribs	60
midriff	35
midriffs	35
midseason	60
midsection	60
midsections	60
midshipman	50
midshipmen	50
midships	60
midsize	60
midst	35
midstream	35
midsummer	35
midterm	40
midterms	40
midtown	50
midway	35
midways	35
midweek	40
midweeks	40
midwife	35
midwifed	35
midwiferies	50
midwifery	50
midwifes	35
midwifing	35
midwinter	40
midwives	35
midyear	50
midyears	50
mien	35
miens	35
miff	50
miffed	40
miffing	50
miffs	50
might	35
mightier	35
mightiest	35
mightily	50
mightiness	50
mighty	35
mignonette	60
mignonettes	60
migraine	35
migraines	35
migrant	35
migrants	35
migrate	35
migrated	35
migrates	35
migrating	35
migration	35
migrations	35
migratory	35
mikado	60
mikados	60
mike	35
miked	35
mikes	35
miking	35
mil	50
miladies	60
milady	60
milch	50
mild	35
milder	35
mildest	35
mildew	35
mildewed	35
mildewing	35
mildews	35
mildly	35
mildness	40
mile	35
mileage	35
mileages	35
milepost	50
mileposts	50
miler	50
milers	50
miles	35
milestone	35
milestones	35
milf	50
milfs	50
milieu	40
milieus	40
militancy	35
militant	35
militantly	50
militants	35
militaries	35
militarily	35
militarism	40
militarist	50
militaristic	50
militarists	50
militarization	50
militarize	50
militarized	50
militarizes	50
militarizing	50
military	35
militate	35
militated	35
militates	35
militating	35
militia	35
militiaman	50
militiamen	50
militias	35
milk	35
milked	35
milker	60
milkers	60
milkier	35
milkiest	35
milkiness	50
milking	35
milkmaid	50
milkmaids	50
milkman	35
milkmen	35
milks	35
milkshake	40
milkshakes	50
milksop	50
milksops	50
milkweed	50
milkweeds	50
milky	35
mill	35
millage	50
milled	35
millennia	40
millennial	50
millennials	50
millennium	40
millenniums	40
miller	35
millers	35
millet	50
milliard	60
milliards	60
millibar	60
millibars	60
milligram	35
milligrams	35
milliliter	40
milliliters	40
millimeter	35
millimeters	35
milliner	35
milliners	35
millinery	35
milling	35
millings	60
million	35
millionaire	35
millionaires	35
millionairess	60
millionairesses	60
millions	35
millionth	35
millionths	35
millipede	50
millipedes	50
millisecond	50
milliseconds	35
millpond	60
millponds	60
millrace	50
millraces	50
mills	35
millstone	50
millstones	50
millstream	60
millstreams	60
millwright	60
millwrights	60
milometer	60
milometers	60
milquetoast	60
milquetoasts	60
mils	50
milt	60
milted	60
milting	60
milts	60
mime	35
mimed	35
mimeograph	50
mimeographed	50
mimeographing	50
mimeographs	50
mimes	35
mimetic	50
mimic	35
mimicked	35
mimicker	60
mimickers	60
mimicking	35
mimicries	35
mimicry	35
mimics	35
miming	35
mimosa	50
mimosas	50
minaret	50
minarets	50
minatory	50
mince	35
minced	35
mincemeat	35
mincer	60
mincers	60
minces	35
mincing	35
mind	35
mindbogglingly	35
minded	35
mindedness	35
minder	60
minders	60
mindful	35
mindfully	50
mindfulness	50
minding	35
mindless	35
mindlessly	35
mindlessness	50
minds	35
mindset	60
mindsets	60
mine	35
mined	35
minefield	35
minefields	40
miner	35
mineral	35
mineralogical	60
mineralogist	50
mineralogists	50
mineralogy	50
minerals	35
miners	35
mines	35
minestrone	50
minesweeper	50
minesweepers	50
mineworker	60
mineworkers	60
mingle	35
mingled	35
mingles	35
mingling	35
mingy	60
mini	40
miniature	35
miniatures	35
miniaturist	50
miniaturists	50
miniaturization	50
miniaturize	50
miniaturized	50
miniaturizes	50
miniaturizing	50
minibar	60
minibars	60
minibike	50
minibikes	50
minibus	35
minibuses	35
minicab	60
minicabs	60
minicam	60
minicams	60
minicomputer	35
minicomputers	50
minidress	60
minidresses	60
minim	50
minima	35
minimal	35
minimalism	35
minimalist	35
minimalists	50
minimally	35
minimization	50
minimize	35
minimized	35
minimizes	35
minimizing	35
minims	50
minimum	35
minimums	35
mining	35
minion	35
minions	35
minis	40
miniseries	40
miniskirt	40
miniskirts	40
minister	35
ministered	35
ministerial	35
ministering	35
ministers	35
ministrant	50
ministrants	50
ministration	50
ministrations	50
ministries	35
ministry	35
minivan	40
minivans	40
mink	35
minks	35
minnesinger	60
minnesingers	60
minnow	35
minnows	35
minor	35
minored	35
minoring	35
minorities	35
minority	35
minors	35
minoxidil	60
minster	50
minsters	60
minstrel	35
minstrels	35
minstrelsy	60
mint	35
mintage	60
minted	35
minter	60
minters	60
mintier	40
mintiest	40
minting	35
mints	35
minty	40
minuend	50
minuends	50
minuet	35
minuets	35
minus	35
minuscule	35
minuscules	35
minuses	35
minute	35
minuted	35
minutely	50
minuteman	50
minutemen	50
minuteness	50
minuter	35
minutes	35
minutest	35
minutia	50
minutiae	50
minuting	35
minx	50
minxes	50
miracle	35
miracles	35
miraculous	35
miraculously	35
mirage	35
mirages	35
mire	35
mired	35
mires	35
mirier	60
miriest	60
miring	35
mirror	35
mirrored	35
mirroring	35
mirrors	35
mirth	35
mirthful	50
mirthfully	50
mirthfulness	60
mirthless	50
mirthlessly	60
miry	60
misaddress	60
misaddressed	60
misaddresses	60
misaddressing	60
misadventure	35
misadventures	35
misaligned	60
misalignment	50
misalliance	50
misalliances	50
misanthrope	50
misanthropes	50
misanthropic	50
misanthropically	60
misanthropist	50
misanthropists	50
misanthropy	50
misapplication	50
misapplications	50
misapplied	50
misapplies	50
misapply	50
misapplying	50
misapprehend	50
misapprehended	50
misapprehending	50
misapprehends	50
misapprehension	35
misapprehensions	50
misappropriate	35
misappropriated	35
misappropriates	35
misappropriating	35
misappropriation	35
misappropriations	35
misbegotten	50
misbehave	35
misbehaved	35
misbehaves	35
misbehaving	35
misbehavior	35
miscalculate	40
miscalculated	40
miscalculates	40
miscalculating	40
miscalculation	40
miscalculations	40
miscall	50
miscalled	50
miscalling	50
miscalls	50
miscarriage	35
miscarriages	35
miscarried	35
miscarries	35
miscarry	35
miscarrying	35
miscast	50
miscasting	50
miscasts	50
miscegenation	50
miscellaneous	35
miscellaneously	60
miscellanies	50
miscellany	35
mischance	50
mischances	50
mischaracterization	60
mischaracterizations	60
mischaracterize	60
mischaracterized	60
mischaracterizes	60
mischaracterizing	60
mischief	35
mischievous	35
mischievously	40
mischievousness	50
miscibility	60
miscible	60
misclassification	60
misclassifications	60
misclassified	60
misclick	60
misclicked	60
misclicking	60
misclicks	60
miscommunication	50
miscommunications	60
misconceive	50
misconceived	50
misconceives	50
misconceiving	50
misconception	35
misconceptions	35
misconduct	35
misconducted	35
misconducting	35
misconducts	35
misconstruction	50
misconstructions	50
misconstrue	35
misconstrued	35
misconstrues	35
misconstruing	35
miscount	50
miscounted	50
miscounting	50
miscounts	50
miscreant	50
miscreants	50
miscue	50
miscued	50
miscues	50
miscuing	50
misdeal	50
misdealing	50
misdeals	50
misdealt	50
misdeed	35
misdeeds	35
misdemeanor	35
misdemeanors	35
misdiagnose	60
misdiagnosed	60
misdiagnoses	60
misdiagnosing	60
misdiagnosis	60
misdid	60
misdirect	35
misdirected	35
misdirecting	35
misdirection	35
misdirections	50
misdirects	35
misdo	60
misdoes	60
misdoing	50
misdoings	50
misdone	60
miseducation	60
miser	35
miserable	35
miserableness	60
miserably	35
miseries	35
miserliness	50
miserly	35
misers	35
misery	35
misfeasance	50
misfile	60
misfiled	60
misfiles	60
misfiling	60
misfire	50
misfired	50
misfires	50
misfiring	50
misfit	35
misfits	35
misfitted	35
misfitting	35
misfortune	35
misfortunes	35
misgiving	40
misgivings	35
misgovern	50
misgoverned	50
misgoverning	50
misgovernment	60
misgoverns	50
misguidance	60
misguide	60
misguided	35
misguidedly	50
misguides	60
misguiding	60
mishandle	50
mishandled	50
mishandles	50
mishandling	50
mishap	35
mishaps	35
mishear	60
misheard	60
mishearing	60
mishears	60
mishit	60
mishits	60
mishitting	60
mishmash	50
mishmashes	50
misidentification	60
misidentifications	60
misidentified	50
misidentifies	50
misidentify	50
misidentifying	50
misinform	40
misinformation	35
misinformed	35
misinforming	40
misinforms	40
misinterpret	35
misinterpretation	35
misinterpretations	40
misinterpreted	35
misinterpreting	35
misinterprets	40
misjudge	35
misjudged	35
misjudges	35
misjudging	35
misjudgment	40
misjudgments	40
mislabel	60
mislabeled	60
mislabeling	60
mislabels	60
mislaid	35
mislay	35
mislaying	35
mislays	35
mislead	35
misleading	35
misleadingly	60
misleads	35
misled	35
mismanage	40
mismanaged	40
mismanagement	35
mismanages	40
mismanaging	40
mismatch	35
mismatched	40
mismatches	40
mismatching	40
misname	60
misnamed	60
misnames	60
misnaming	60
misnomer	35
misnomers	35
miso	60
misogamist	60
misogamists	60
misogamy	60
misogynist	40
misogynistic	50
misogynists	40
misogynous	60
misogyny	40
misos	60
misperception	60
misperceptions	60
misplace	35
misplaced	35
misplacement	60
misplaces	35
misplacing	35
misplay	50
misplayed	50
misplaying	50
misplays	50
misprint	35
misprinted	35
misprinting	35
misprints	35
misprision	60
mispronounce	40
mispronounced	40
mispronounces	40
mispronouncing	40
mispronunciation	40
mispronunciations	40
misquotation	50
misquotations	50
misquote	35
misquoted	35
misquotes	35
misquoting	35
misread	35
misreading	35
misreadings	40
misreads	35
misremember	60
misremembered	60
misremembering	60
misremembers	60
misreport	60
misreported	60
misreporting	60
misreports	60
misrepresent	35
misrepresentation	35
misrepresentations	35
misrepresented	35
misrepresenting	35
misrepresents	35
misrule	50
misruled	50
misrules	50
misruling	50
miss	35
missal	50
missals	50
missed	35
misses	35
misshape	60
misshaped	60
misshapen	35
misshapes	60
misshaping	60
missile	35
missilery	50
missiles	35
missing	35
mission	35
missionaries	35
missionary	35
missioner	60
missioners	60
missions	35
missive	35
missives	35
misspeak	60
misspeaking	60
misspeaks	60
misspell	35
misspelled	35
misspelling	35
misspellings	35
misspells	35
misspend	50
misspending	50
misspends	50
misspent	40
misspoke	60
misspoken	60
misstate	50
misstated	50
misstatement	50
misstatements	50
misstates	50
misstating	50
misstep	40
missteps	40
missus	60
missuses	60
mist	35
mistakable	60
mistake	35
mistaken	35
mistakenly	35
mistakes	35
mistaking	35
misted	35
mister	40
misters	40
mistier	35
mistiest	35
mistily	50
mistime	50
mistimed	50
mistimes	50
mistiming	50
mistiness	50
misting	35
mistletoe	35
mistook	35
mistral	60
mistrals	60
mistranslated	50
mistranslation	60
mistranslations	60
mistreat	40
mistreated	40
mistreating	40
mistreatment	40
mistreats	40
mistress	35
mistresses	35
mistrial	40
mistrials	40
mistrust	35
mistrusted	35
mistrustful	50
mistrustfully	60
mistrusting	35
mistrusts	35
mists	35
misty	35
mistype	35
mistypes	50
mistyping	35
misunderstand	35
misunderstanding	35
misunderstandings	35
misunderstands	35
misunderstood	35
misuse	35
misused	35
misuses	35
misusing	35
mite	35
miter	50
mitered	50
mitering	50
miters	50
mites	35
mitigate	35
mitigated	35
mitigates	35
mitigating	35
mitigation	40
mitochondria	60
mitochondrial	60
mitochondrion	60
mitosis	50
mitotic	60
mitral	60
mitt	35
mitten	35
mittens	35
mitts	35
mitzvah	60
mitzvahs	60
mitzvot	60
mix	35
mixable	60
mixed	35
mixer	35
mixers	35
mixes	35
mixing	35
mixtape	60
mixtapes	60
mixture	35
mixtures	35
mizzen	50
mizzenmast	50
mizzenmasts	50
mizzens	50
mkay	50
mnemonic	35
mnemonically	60
mnemonics	35
mo	60
moan	35
moaned	35
moaner	60
moaners	60
moaning	35
moans	35
moat	35
moated	60
moats	35
mob	35
mobbed	35
mobbing	35
mobile	35
mobiles	35
mobility	35
mobilization	35
mobilizations	35
mobilize	35
mobilized	35
mobilizer	60
mobilizers	60
mobilizes	35
mobilizing	35
mobs	35
mobster	50
mobsters	50
moccasin	35
moccasins	35
mocha	50
mochas	50
mock	35
mocked	35
mocker	50
mockeries	35
mockers	50
mockery	35
mocking	35
mockingbird	35
mockingbirds	35
mockingly	50
mocks	35
mod	35
modal	35
modalities	60
modality	60
modals	40
mode	35
model	35
modeled	35
modeler	60
modelers	60
modeling	35
modelings	40
models	35
modem	40
modems	40
moderate	35
moderated	35
moderately	35
moderateness	60
moderates	35
moderating	35
moderation	35
moderator	35
moderators	35
modern	35
modernism	50
modernist	50
modernistic	50
modernists	50
modernity	35
modernization	35
modernize	35
modernized	35
modernizer	60
modernizers	60
modernizes	35
modernizing	35
modernly	60
modernness	60
moderns	35
modes	35
modest	35
modestly	35
modesty	35
modi	60
modicum	35
modicums	35
modifiable	50
modification	35
modifications	35
modified	35
modifier	35
modifiers	35
modifies	35
modify	35
modifying	35
modish	50
modishly	50
modishness	50
mods	50
modular	35
modularization	60
modulate	35
modulated	35
modulates	35
modulating	35
modulation	35
modulations	35
modulator	50
modulators	50
module	35
modules	35
modulus	50
modus	60
moggy	60
mogul	50
moguls	50
mohair	35
moi	60
moieties	50
moiety	50
moil	60
moiled	60
moiling	60
moils	60
moire	50
moires	50
moist	35
moisten	35
moistened	35
moistener	60
moisteners	60
moistening	35
moistens	35
moister	35
moistest	35
moistly	50
moistness	50
moisture	35
moisturize	50
moisturized	50
moisturizer	40
moisturizers	40
moisturizes	50
moisturizing	50
mojito	60
mojitos	60
mojo	60
molar	35
molars	35
molasses	35
mold	35
moldable	60
moldboard	60
moldboards	60
molded	35
molder	50
moldered	50
moldering	50
molders	50
moldier	35
moldiest	35
moldiness	50
molding	35
moldings	35
molds	35
moldy	35
mole	35
molecular	35
molecularity	60
molecule	35
molecules	35
molehill	50
molehills	50
moles	35
moleskin	50
moleskins	50
molest	35
molestation	40
molested	35
molester	40
molesters	40
molesting	35
molests	35
moll	50
mollies	60
mollification	50
mollified	35
mollifies	35
mollify	35
mollifying	35
molls	50
molluscan	60
mollusk	35
mollusks	35
molly	60
mollycoddle	50
mollycoddled	50
mollycoddles	50
mollycoddling	50
molt	35
molted	35
molten	35
molter	60
molters	60
molting	35
molts	35
molybdenum	50
mom	35
moment	35
momentarily	35
momentariness	60
momentary	35
momentous	35
momentously	60
momentousness	50
moments	35
momentum	35
mommies	40
mommy	40
moms	35
monad	60
monads	60
monarch	35
monarchic	50
monarchical	50
monarchies	35
monarchism	50
monarchist	50
monarchistic	60
monarchists	50
monarchs	35
monarchy	35
monasteries	35
monastery	35
monastic	35
monastical	60
monastically	60
monasticism	50
monastics	35
monaural	50
monetarily	50
monetarism	35
monetarist	60
monetarists	60
monetary	35
monetization	60
monetize	50
monetized	50
monetizes	50
monetizing	50
money	35
moneybag	60
moneybags	50
moneybox	60
moneyboxes	60
moneyed	50
moneylender	60
moneylenders	60
moneymaker	50
moneymakers	50
moneymaking	50
moneys	35
monger	50
mongered	50
mongering	50
mongers	50
mongol	60
mongolism	50
mongoloid	60
mongoloids	60
mongols	60
mongoose	35
mongooses	50
mongrel	35
mongrels	35
moniker	40
monikers	40
monism	60
monist	60
monists	60
monition	60
monitions	60
monitor	35
monitored	35
monitoring	35
monitors	35
monitory	60
monk	35
monkey	35
monkeyed	35
monkeying	35
monkeypox	60
monkeys	35
monkeyshine	60
monkeyshines	50
monkish	60
monks	35
monkshood	60
monkshoods	60
mono	40
monochromatic	50
monochrome	35
monochromes	40
monocle	50
monocled	60
monocles	50
monoclonal	60
monocotyledon	50
monocotyledonous	60
monocotyledons	50
monocular	60
monoculture	60
monocultures	60
monodic	60
monodies	60
monodist	60
monodists	60
monody	60
monogamist	60
monogamists	60
monogamous	35
monogamously	60
monogamy	35
monogram	35
monogrammed	35
monogramming	35
monograms	35
monograph	50
monographs	50
monolingual	40
monolinguals	40
monolith	40
monolithic	35
monoliths	40
monologist	60
monologists	60
monologue	35
monologues	35
monomania	50
monomaniac	50
monomaniacal	60
monomaniacs	50
monomer	60
monomers	60
mononucleosis	40
monophonic	50
monoplane	60
monoplanes	60
monopolies	35
monopolist	50
monopolistic	50
monopolists	50
monopolization	40
monopolize	35
monopolized	35
monopolizer	60
monopolizers	60
monopolizes	35
monopolizing	35
monopoly	35
monorail	35
monorails	35
monosyllabic	50
monosyllable	35
monosyllables	35
monotheism	50
monotheist	50
monotheistic	50
monotheists	50
monotone	40
monotones	40
monotonic	50
monotonically	35
monotonous	35
monotonously	40
monotonousness	60
monotony	35
monounsaturated	60
monoxide	50
monoxides	50
monseigneur	60
monsieur	50
monsignor	50
monsignors	50
monsoon	35
monsoonal	60
monsoons	35
monster	35
monsters	35
monstrance	50
monstrances	50
monstrosities	35
monstrosity	35
monstrous	35
monstrously	50
montage	40
montages	40
month	35
monthlies	35
monthlong	60
monthly	35
months	35
monument	35
monumental	35
monumentally	50
monuments	35
moo	35
mooch	40
mooched	40
moocher	50
moochers	50
mooches	40
mooching	40
mood	35
moodier	35
moodiest	35
moodily	35
moodiness	40
moods	35
moody	35
mooed	35
mooing	35
moolah	60
moon	35
moonbeam	35
moonbeams	35
mooned	35
mooning	35
moonless	60
moonlight	35
moonlighted	35
moonlighter	50
moonlighters	50
moonlighting	35
moonlights	35
moonlit	35
moonrise	60
moons	35
moonscape	50
moonscapes	50
moonshine	50
moonshiner	60
moonshiners	60
moonshines	50
moonshot	50
moonshots	50
moonstone	50
moonstones	50
moonstruck	50
moonwalk	60
moonwalks	60
moor	35
moored	35
moorhen	60
moorhens	60
mooring	35
moorings	35
moorland	50
moorlands	60
moors	35
moos	35
moose	35
moot	35
mooted	35
mooting	35
moots	35
mop	35
mope	35
moped	35
mopeds	40
moper	60
mopers	60
mopes	35
mopey	60
mopier	60
mopiest	60
moping	35
mopish	60
mopped	35
moppet	50
moppets	50
mopping	35
mops	35
moraine	50
moraines	50
moral	35
morale	35
moralism	60
moralist	35
moralistic	40
moralistically	60
moralists	35
moralities	35
morality	35
moralization	60
moralize	50
moralized	50
moralizer	60
moralizers	60
moralizes	50
moralizing	50
morally	35
morals	35
morass	35
morasses	35
moratorium	35
moratoriums	35
moray	50
morays	50
morbid	35
morbidity	50
morbidly	50
morbidness	60
mordancy	60
mordant	50
mordantly	60
mordants	50
more	35
moreish	60
morel	60
morels	60
moreover	35
mores	40
morgue	35
morgues	35
moribund	50
morn	35
morning	35
mornings	35
morns	35
morocco	50
moron	35
moronic	35
moronically	60
morons	35
morose	35
morosely	50
moroseness	50
morph	60
morphed	60
morpheme	50
morphemes	50
morphemic	60
morphia	60
morphine	35
morphing	60
morphological	50
morphologies	50
morphology	35
morphs	60
morrow	50
morrows	50
morsel	35
morsels	35
mortal	35
mortality	35
mortally	35
mortals	35
mortar	35
mortarboard	40
mortarboards	40
mortared	35
mortaring	35
mortars	35
mortgage	35
mortgaged	35
mortgagee	50
mortgagees	50
mortgages	35
mortgaging	35
mortgagor	50
mortgagors	50
mortician	40
morticians	40
mortification	35
mortified	35
mortifies	35
mortify	35
mortifying	35
mortise	50
mortised	50
mortises	50
mortising	50
mortuaries	35
mortuary	35
mosaic	35
mosaics	35
mosey	50
moseyed	50
moseying	50
moseys	50
mosh	60
moshed	60
moshes	60
moshing	60
mosque	35
mosques	35
mosquito	35
mosquitoes	35
moss	35
mossback	60
mossbacks	60
mosses	35
mossier	35
mossiest	35
mossy	35
most	35
mostly	35
mot	60
mote	50
motel	35
motels	35
motes	50
motet	60
motets	60
moth	35
mothball	35
mothballed	35
mothballing	35
mothballs	35
mother	35
motherboard	40
motherboards	40
mothered	35
motherfucker	40
motherfuckers	40
motherfucking	60
motherhood	35
mothering	35
motherland	50
motherlands	50
motherless	50
motherliness	50
motherly	35
mothers	35
moths	35
motif	35
motifs	35
motile	50
motility	50
motion	35
motioned	35
motioning	35
motionless	35
motionlessly	60
motionlessness	60
motions	35
motivate	35
motivated	35
motivates	35
motivating	35
motivation	35
motivational	50
motivations	35
motivator	50
motivators	50
motive	35
motiveless	60
motives	35
motley	35
motleys	35
motlier	35
motliest	35
motocross	50
motocrosses	50
motor	35
motorbike	35
motorbiked	40
motorbikes	40
motorbiking	40
motorboat	40
motorboats	40
motorcade	35
motorcades	35
motorcar	50
motorcars	50
motorcycle	35
motorcycled	35
motorcycles	35
motorcycling	35
motorcyclist	40
motorcyclists	40
motored	35
motoring	35
motorist	35
motorists	35
motorization	60
motorize	35
motorized	35
motorizes	35
motorizing	35
motorman	50
motormen	50
motormouth	40
motormouths	40
motors	35
motorsport	60
motorsports	60
motorway	35
motorways	35
mots	60
mottle	50
mottled	40
mottles	50
mottling	50
motto	35
mottoes	35
moue	60
moues	60
mound	35
mounded	35
mounding	35
mounds	35
mount	35
mountable	60
mountain	35
mountaineer	35
mountaineered	35
mountaineering	35
mountaineers	35
mountainous	35
mountains	35
mountainside	40
mountainsides	40
mountaintop	50
mountaintops	50
mountebank	50
mountebanks	50
mounted	35
mounter	60
mounters	60
mounting	35
mountings	40
mounts	35
mourn	35
mourned	35
mourner	35
mourners	35
mournful	35
mournfully	40
mournfulness	50
mourning	35
mourns	35
mouse	35
moused	35
mouser	50
mousers	50
mouses	35
mousetrap	50
mousetrapped	50
mousetrapping	50
mousetraps	50
mousier	35
mousiest	35
mousiness	50
mousing	35
moussaka	60
moussakas	60
mousse	35
moussed	35
mousses	35
moussing	35
mousy	35
mouth	35
mouthed	35
mouthfeel	60
mouthful	35
mouthfuls	35
mouthier	60
mouthiest	60
mouthiness	60
mouthing	35
mouthpiece	35
mouthpieces	35
mouths	35
mouthwash	40
mouthwashes	40
mouthwatering	50
mouthy	60
mouton	60
movable	35
movables	35
move	35
moved	35
movement	35
movements	35
mover	35
movers	35
moves	35
movie	35
moviegoer	60
moviegoers	60
moviegoing	60
moviemaker	60
moviemakers	60
moviemaking	60
movies	35
moving	35
movingly	50
mow	35
mowed	35
mower	35
mowers	35
mowing	35
mown	60
mows	35
moxie	60
mozzarella	50
mu	35
much	35
mucilage	50
mucilaginous	60
muck	35
mucked	35
muckier	50
muckiest	50
mucking	35
muckrake	50
muckraked	50
muckraker	50
muckrakers	50
muckrakes	50
muckraking	50
mucks	35
mucky	50
mucosa	60
mucous	35
mucus	35
mud	35
muddied	35
muddier	35
muddies	35
muddiest	35
muddily	60
muddiness	50
muddle	35
muddled	35
muddleheaded	50
muddles	35
muddling	35
muddy	35
muddying	35
mudflap	60
mudflaps	60
mudflat	60
mudflats	60
mudflow	60
mudflows	60
mudguard	50
mudguards	50
mudhole	60
mudholes	60
mudpack	60
mudpacks	60
mudroom	60
mudrooms	60
mudslide	40
mudslides	40
mudslinger	50
mudslingers	50
mudslinging	40
muenster	60
muesli	50
muezzin	50
muezzins	50
muff	35
muffed	35
muffin	35
muffing	35
muffins	35
muffle	35
muffled	35
muffler	35
mufflers	35
muffles	35
muffling	35
muffs	35
mufti	50
muftis	50
mug	35
mugful	60
mugfuls	60
mugged	35
mugger	35
muggers	35
muggier	35
muggiest	35
mugginess	35
mugging	35
muggings	40
muggins	60
muggle	50
muggles	50
muggy	35
mugs	35
mugshot	60
mugshots	60
mugwump	60
mugwumps	60
mujahideen	60
mukluk	50
mukluks	50
mulatto	40
mulattoes	40
mulberries	50
mulberry	50
mulch	35
mulched	35
mulches	35
mulching	35
mulct	60
mulcted	60
mulcting	60
mulcts	60
mule	35
mules	35
muleskinner	60
muleskinners	60
muleteer	50
muleteers	50
mulish	50
mulishly	50
mulishness	50
mull	35
mullah	50
mullahs	50
mulled	35
mullein	60
mullet	50
mullets	50
mulligan	60
mulligans	60
mulligatawny	50
mulling	35
mullion	50
mullioned	60
mullions	50
mulls	35
multi	35
multibillion	60
multicellular	60
multichannel	60
multicolored	50
multicultural	40
multiculturalism	50
multiculturalist	60
multiculturalists	60
multidimensional	50
multidisciplinary	60
multiethnic	60
multifaceted	50
multifamily	60
multifarious	50
multifariously	60
multifariousness	50
multiform	60
multifunctional	60
multigenerational	60
multigrain	60
multilateral	40
multilateralism	60
multilaterally	60
multilayered	60
multilevel	60
multilingual	50
multilingualism	60
multimedia	40
multimillion	60
multimillionaire	40
multimillionaires	40
multimillions	60
multimodal	60
multinational	35
multinationals	35
multipart	60
multiparty	60
multiplayer	50
multiple	35
multiples	35
multiplex	40
multiplexed	40
multiplexer	50
multiplexers	50
multiplexes	40
multiplexing	40
multiplicand	50
multiplicands	50
multiplication	35
multiplications	35
multiplicative	35
multiplicities	35
multiplicity	35
multiplied	35
multiplier	50
multipliers	50
multiplies	35
multiply	35
multiplying	35
multiprocessing	35
multiprocessor	60
multiprocessors	60
multipronged	60
multipurpose	50
multiracial	50
multistage	60
multistory	60
multitalented	60
multitask	60
multitasked	60
multitasker	60
multitaskers	60
multitasking	35
multitasks	60
multitude	35
multitudes	35
multitudinous	50
multivariate	50
multiverse	50
multiverses	50
multivitamin	50
multivitamins	50
multiyear	60
mum	35
mumble	35
mumbled	35
mumbler	50
mumblers	50
mumbles	35
mumbletypeg	60
mumbling	35
mummer	50
mummers	50
mummery	50
mummies	35
mummification	50
mummified	35
mummifies	35
mummify	35
mummifying	35
mummy	35
mumps	35
munch	35
munched	35
munches	35
munchie	60
munchies	40
munching	35
munchkin	60
munchkins	60
mundane	35
mundanely	50
muni	60
municipal	35
municipalities	35
municipality	35
municipally	50
municipals	35
munificence	50
munificent	50
munificently	60
munis	60
munition	60
munitioned	60
munitioning	60
munitions	40
mural	35
muralist	50
muralists	50
murals	35
murder	35
murdered	35
murderer	35
murderers	35
murderess	50
murderesses	50
murdering	35
murderous	35
murderously	50
murders	35
murk	50
murkier	35
murkiest	35
murkily	50
murkiness	50
murks	50
murky	35
murmur	35
murmured	35
murmurer	60
murmurers	60
murmuring	35
murmurings	60
murmurous	60
murmurs	35
murrain	60
mus	60
muscat	50
muscatel	50
muscatels	50
muscats	60
muscle	35
musclebound	60
muscled	35
muscleman	60
musclemen	60
muscles	35
muscling	35
muscly	60
muscular	35
muscularity	50
muscularly	60
musculature	50
musculoskeletal	60
muse	35
mused	35
muses	35
musette	60
musettes	60
museum	35
museumgoers	60
museums	35
mush	35
mushed	35
musher	60
mushers	60
mushes	35
mushier	35
mushiest	35
mushiness	50
mushing	35
mushroom	35
mushroomed	35
mushrooming	35
mushrooms	35
mushy	35
music	35
musical	35
musicale	50
musicales	50
musicality	60
musically	35
musicals	35
musician	35
musicianly	60
musicians	35
musicianship	50
musicological	60
musicologist	50
musicologists	50
musicology	50
musing	35
musingly	60
musings	40
musk	35
muskeg	60
muskegs	60
muskellunge	50
muskellunges	50
musket	35
musketeer	50
musketeers	50
musketry	50
muskets	35
muskie	60
muskier	50
muskies	60
muskiest	50
muskiness	50
muskmelon	50
muskmelons	50
muskox	50
muskoxen	60
muskrat	50
muskrats	50
musky	50
muslin	50
muss	35
mussed	35
mussel	35
mussels	35
musses	35
mussier	50
mussiest	50
mussing	35
mussy	50
must	35
mustache	35
mustached	60
mustaches	35
mustachio	60
mustachioed	60
mustachios	60
mustang	35
mustangs	35
mustard	35
muster	35
mustered	35
mustering	35
musters	35
mustier	35
mustiest	35
mustily	60
mustiness	50
musts	35
musty	35
mutability	40
mutable	40
mutably	60
mutagen	60
mutagenic	60
mutagens	60
mutant	35
mutants	35
mutate	35
mutated	35
mutates	35
mutating	35
mutation	35
mutational	60
mutations	35
mutative	60
mute	35
muted	35
mutely	35
muteness	50
muter	35
mutes	35
mutest	35
mutilate	35
mutilated	35
mutilates	35
mutilating	35
mutilation	35
mutilations	35
mutilator	60
mutilators	60
mutineer	50
mutineers	50
muting	35
mutinied	35
mutinies	35
mutinous	35
mutinously	50
mutiny	35
mutinying	35
mutt	35
mutter	35
muttered	35
mutterer	60
mutterers	60
muttering	35
mutterings	60
mutters	35
mutton	35
muttonchops	60
muttony	60
mutts	35
mutual	35
mutuality	50
mutually	35
muumuu	50
muumuus	50
muzak	60
muzzily	60
muzziness	60
muzzle	35
muzzled	35
muzzles	35
muzzling	35
muzzy	60
my	35
mycologist	60
mycologists	60
mycology	60
myelitis	60
myna	50
mynas	50
myocardial	60
myocardium	60
myopia	50
myopic	35
myopically	60
myriad	35
myriads	35
myrmidon	60
myrmidons	60
myrrh	50
myrtle	50
myrtles	50
myself	35
mysteries	35
mysterious	35
mysteriously	35
mysteriousness	50
mystery	35
mystic	35
mystical	35
mystically	50
mysticism	35
mystics	35
mystification	50
mystified	35
mystifies	35
mystify	35
mystifying	35
mystique	40
myth	35
mythic	50
mythical	35
mythological	35
mythologies	35
mythologist	50
mythologists	50
mythologize	60
mythologized	60
mythologizes	60
mythologizing	60
mythology	35
myths	35
myxomatosis	60
naan	60
naans	60
nab	35
nabbed	35
nabbing	35
nabob	50
nabobs	50
nabs	35
nacelle	60
nacelles	60
nacho	60
nachos	60
nacre	50
nacreous	60
nadir	50
nadirs	50
nae	60
naff	60
naffer	60
naffest	60
nag	35
nagged	35
nagger	60
naggers	60
nagging	35
nags	35
nah	60
naiad	50
naiads	50
naif	60
naifs	60
nail	35
nailbrush	40
nailbrushes	40
nailed	35
nailing	35
nails	35
naive	35
naively	35
naiver	35
naivest	35
naivete	35
naivety	35
naked	35
nakedly	50
nakedness	35
name	35
nameable	60
named	35
nameless	35
namelessly	60
namely	35
nameplate	60
nameplates	60
names	35
namesake	35
namesakes	35
naming	35
nannies	40
nanny	40
nanobot	60
nanobots	60
nanometer	60
nanometers	60
nanosecond	50
nanoseconds	50
nanotech	60
nanotechnology	50
nanotube	60
nanotubes	60
nap	35
napalm	35
napalmed	35
napalming	35
napalms	35
nape	35
napes	35
naphtha	50
naphthalene	50
napkin	35
napkins	35
napless	60
napoleon	60
napoleons	60
napped	35
napper	60
nappers	60
nappier	40
nappies	40
nappiest	40
napping	35
nappy	40
naps	35
naptime	60
naptimes	60
narc	40
narcissi	50
narcissism	40
narcissist	40
narcissistic	40
narcissists	40
narcissus	50
narco	60
narcolepsy	60
narcoleptic	60
narcos	60
narcosis	50
narcotic	35
narcotics	35
narcotization	60
narcotize	60
narcotized	60
narcotizes	60
narcotizing	60
narcs	40
nark	50
narky	60
narrate	35
narrated	35
narrates	35
narrating	35
narration	35
narrations	35
narrative	35
narratives	35
narrator	35
narrators	35
narrow	35
narrowed	35
narrower	35
narrowest	35
narrowing	35
narrowly	35
narrowness	35
narrows	35
narwhal	50
narwhals	50
nary	50
nasal	35
nasality	60
nasalization	60
nasalize	50
nasalized	50
nasalizes	50
nasalizing	50
nasally	40
nasals	35
nascence	60
nascent	50
nastier	35
nastiest	35
nastily	35
nastiness	35
nasturtium	50
nasturtiums	50
nasty	35
natal	50
natch	60
nation	35
national	35
nationalism	35
nationalist	35
nationalistic	35
nationalistically	60
nationalists	35
nationalities	35
nationality	35
nationalization	40
nationalizations	40
nationalize	35
nationalized	35
nationalizes	35
nationalizing	35
nationally	35
nationals	35
nationhood	60
nations	35
nationwide	35
native	35
natives	35
nativism	60
nativist	60
nativists	60
nativities	35
nativity	35
natter	60
nattered	60
nattering	60
natters	60
nattier	35
nattiest	35
nattily	50
nattiness	60
natty	35
natural	35
naturalism	50
naturalist	35
naturalistic	50
naturalists	35
naturalization	35
naturalize	35
naturalized	35
naturalizes	35
naturalizing	35
naturally	35
naturalness	35
naturals	35
nature	35
natures	35
naturism	60
naturist	60
naturists	60
naught	35
naughtier	35
naughtiest	35
naughtily	35
naughtiness	35
naughts	35
naughty	35
nausea	35
nauseam	50
nauseate	35
nauseated	35
nauseates	35
nauseating	35
nauseatingly	50
nauseous	35
nauseously	60
nauseousness	60
nautical	35
nautically	50
nautilus	50
nautiluses	50
naval	35
nave	50
navel	35
navels	35
naves	50
navies	35
navigability	50
navigable	35
navigate	35
navigated	35
navigates	35
navigating	35
navigation	35
navigational	40
navigator	35
navigators	35
navvies	60
navvy	60
navy	35
nay	35
nays	35
naysayer	50
naysayers	50
neanderthal	60
neanderthals	60
neap	60
neaps	60
near	35
nearby	35
neared	35
nearer	35
nearest	35
nearing	35
nearly	35
nearness	50
nears	35
nearshore	60
nearside	60
nearsighted	35
nearsightedly	60
nearsightedness	35
neat	35
neaten	60
neatened	60
neatening	60
neatens	60
neater	35
neatest	35
neath	50
neatly	35
neatness	35
nebula	35
nebulae	35
nebular	50
nebulous	35
nebulously	60
nebulousness	60
necessaries	35
necessarily	35
necessary	35
necessitate	35
necessitated	35
necessitates	35
necessitating	35
necessities	35
necessitous	60
necessity	35
neck	35
neckband	60
neckbands	60
necked	35
neckerchief	35
neckerchiefs	35
necking	35
necklace	35
necklaced	60
necklaces	35
necklacing	60
necklacings	60
neckline	35
necklines	35
necks	35
necktie	35
neckties	35
neckwear	60
necrology	60
necromancer	50
necromancers	50
necromancy	50
necrophilia	35
necrophiliac	60
necrophiliacs	60
necropolis	60
necropolises	60
necrosis	50
necrotic	60
nectar	35
nectarine	35
nectarines	35
nee	35
need	35
needed	35
needful	50
needfully	60
needier	35
neediest	35
neediness	50
needing	35
needle	35
needled	35
needlelike	60
needlepoint	50
needles	35
needless	35
needlessly	35
needlessness	60
needlewoman	60
needlewomen	60
needlework	35
needling	35
needs	35
needy	35
nefarious	50
nefariously	50
nefariousness	50
negate	35
negated	35
negates	35
negating	35
negation	35
negations	35
negative	35
negatived	35
negatively	35
negativeness	60
negatives	35
negativing	35
negativism	60
negativity	50
neglect	35
neglected	35
neglectful	35
neglectfully	50
neglectfulness	60
neglecting	35
neglects	35
negligee	35
negligees	35
negligence	35
negligent	35
negligently	35
negligible	35
negligibly	50
negotiability	60
negotiable	35
negotiate	35
negotiated	35
negotiates	35
negotiating	35
negotiation	35
negotiations	35
negotiator	35
negotiators	35
negritude	60
negro	60
negroid	60
neigh	35
neighbor	35
neighbored	35
neighborhood	35
neighborhoods	35
neighboring	35
neighborliness	35
neighborly	35
neighbors	35
neighed	35
neighing	35
neighs	35
neither	35
nelson	60
nelsons	60
nematode	50
nematodes	50
nemeses	50
nemesis	50
neoclassic	50
neoclassical	50
neoclassicism	50
neocolonialism	50
neocolonialist	60
neocolonialists	60
neocon	50
neocons	50
neoconservatism	60
neoconservative	50
neoconservatives	50
neocortex	60
neodymium	50
neoliberal	60
neoliberalism	60
neolithic	60
neologism	50
neologisms	50
neon	35
neonatal	50
neonate	50
neonates	50
neophyte	35
neophytes	35
neoplasm	60
neoplasms	60
neoplastic	60
neoprene	50
nepenthe	60
nephew	35
nephews	35
nephrite	60
nephritic	60
nephritis	50
nephropathy	60
nepotism	35
nepotist	60
nepotistic	60
nepotists	60
neptunium	50
nerd	40
nerdier	40
nerdiest	40
nerds	40
nerdy	40
nerve	35
nerved	35
nerveless	50
nervelessly	50
nervelessness	60
nerves	35
nervier	50
nerviest	50
nerviness	60
nerving	35
nervous	35
nervously	35
nervousness	35
nervy	50
nest	35
nested	35
nesting	35
nestle	35
nestled	35
nestles	35
nestling	35
nestlings	50
nests	35
net	35
netball	60
netbook	50
netbooks	50
nether	35
nethermost	50
netherworld	60
netiquette	60
netizen	60
netizens	60
nets	35
netted	35
netting	35
nettle	35
nettled	35
nettles	35
nettlesome	50
nettling	35
network	35
networked	35
networker	60
networkers	60
networking	35
networks	35
neural	35
neuralgia	50
neuralgic	50
neurally	60
neurasthenia	60
neurasthenic	60
neurasthenics	60
neuritic	60
neuritics	60
neuritis	50
neurodivergent	60
neurodiverse	60
neurodiversity	60
neurological	40
neurologically	60
neurologist	35
neurologists	35
neurology	35
neuron	35
neuronal	60
neurons	35
neuroscience	60
neuroscientist	60
neuroscientists	60
neuroses	35
neurosis	35
neurosurgeon	60
neurosurgeons	60
neurosurgery	50
neurosurgical	60
neurotic	35
neurotically	50
neuroticism	60
neurotics	35
neurotransmitter	50
neurotransmitters	50
neurotypical	60
neurotypicals	60
neuter	35
neutered	35
neutering	35
neuters	35
neutral	35
neutralism	60
neutralist	60
neutralists	60
neutrality	35
neutralization	40
neutralize	35
neutralized	35
neutralizer	50
neutralizers	50
neutralizes	35
neutralizing	35
neutrally	50
neutrals	35
neutrino	50
neutrinos	50
neutron	35
neutrons	35
never	35
nevermore	50
nevertheless	35
nevi	60
nevus	60
new	35
newbie	35
newbies	35
newborn	35
newborns	35
newcomer	35
newcomers	35
newel	50
newels	50
newer	35
newest	35
newfangled	35
newfound	60
newish	60
newly	35
newlywed	40
newlyweds	40
newness	40
news	35
newsagencies	60
newsagency	60
newsagent	60
newsagents	35
newsboy	50
newsboys	50
newscast	35
newscaster	35
newscasters	35
newscasts	35
newsdealer	60
newsdealers	60
newsflash	50
newsflashes	60
newsgirl	60
newsgirls	60
newsgroup	60
newsgroups	60
newshound	60
newshounds	60
newsier	35
newsiest	35
newsletter	35
newsletters	35
newsman	50
newsmen	50
newspaper	35
newspaperman	50
newspapermen	50
newspapers	35
newspaperwoman	50
newspaperwomen	50
newspeak	60
newspeople	60
newsperson	60
newspersons	60
newsprint	35
newsreader	60
newsreaders	60
newsreel	50
newsreels	50
newsroom	60
newsrooms	60
newsstand	35
newsstands	35
newsweeklies	60
newsweekly	60
newswire	60
newswires	60
newswoman	60
newswomen	60
newsworthiness	60
newsworthy	40
newsy	35
newt	35
newton	35
newtons	50
newts	35
next	35
nexus	50
nexuses	50
niacin	50
nib	50
nibble	35
nibbled	35
nibbler	50
nibblers	50
nibbles	35
nibbling	35
nibs	50
nice	35
nicely	35
niceness	50
nicer	35
nicest	35
niceties	35
nicety	50
niche	35
niches	35
nick	35
nicked	35
nickel	35
nickelodeon	50
nickelodeons	50
nickels	35
nicker	60
nickered	60
nickering	60
nickers	60
nicking	35
nickname	35
nicknamed	35
nicknames	35
nicknaming	35
nicks	35
nicotine	35
niece	35
nieces	35
nifedipine	60
niff	60
niffy	60
niftier	35
niftiest	35
nifty	35
nigga	50
niggard	50
niggardliness	50
niggardly	50
niggards	50
niggas	50
niggaz	50
nigger	40
niggers	40
niggle	50
niggled	50
niggler	60
nigglers	60
niggles	50
niggling	40
nigh	35
nigher	50
nighest	50
night	35
nightcap	50
nightcaps	50
nightclothes	50
nightclub	35
nightclubbed	35
nightclubbing	35
nightclubs	35
nightdress	60
nightdresses	60
nightfall	35
nightgown	35
nightgowns	35
nighthawk	50
nighthawks	50
nightie	40
nighties	40
nightingale	35
nightingales	35
nightlife	40
nightlight	40
nightlights	60
nightlong	60
nightly	35
nightmare	35
nightmares	35
nightmarish	35
nights	35
nightshade	50
nightshades	50
nightshirt	50
nightshirts	50
nightspot	60
nightspots	60
nightstand	60
nightstands	60
nightstick	50
nightsticks	50
nighttime	35
nightwatchman	60
nightwatchmen	60
nightwear	60
nihilism	50
nihilist	50
nihilistic	50
nihilists	50
nil	35
nimbi	50
nimble	35
nimbleness	50
nimbler	35
nimblest	35
nimbly	35
nimbus	50
nimby	60
nimrod	60
nimrods	60
nincompoop	35
nincompoops	35
nine	35
ninepin	60
ninepins	50
nines	35
nineteen	35
nineteens	35
nineteenth	35
nineteenths	35
nineties	35
ninetieth	35
ninetieths	35
ninety	35
ninja	50
ninjas	50
ninnies	35
ninny	35
ninth	35
ninths	35
niobium	60
nip	35
nipped	35
nipper	50
nippers	50
nippier	35
nippiest	35
nippiness	60
nipping	35
nipple	35
nipples	35
nippy	35
nips	35
nirvana	50
nisei	60
nit	35
niter	50
nitpick	50
nitpicked	50
nitpicker	50
nitpickers	50
nitpicking	50
nitpicks	50
nitrate	35
nitrated	35
nitrates	35
nitrating	35
nitration	60
nitric	60
nitride	60
nitrides	60
nitrification	60
nitrite	60
nitrites	60
nitro	60
nitrocellulose	60
nitrogen	35
nitrogenous	50
nitroglycerin	50
nitrous	60
nits	35
nitwit	35
nitwits	35
nix	50
nixed	50
nixes	50
nixing	50
no	35
nob	60
nobble	60
nobbled	60
nobbles	60
nobbling	60
nobelium	60
nobility	35
noble	35
nobleman	35
noblemen	35
nobleness	50
nobler	35
nobles	35
noblest	35
noblewoman	35
noblewomen	35
nobly	35
nobodies	35
nobody	35
nobs	60
nocturnal	35
nocturnally	50
nocturne	50
nocturnes	50
nod	35
nodal	50
nodded	35
nodding	35
noddle	60
noddles	60
noddy	50
node	35
nodes	35
nods	35
nodular	50
nodule	50
nodules	50
noel	50
noels	50
noggin	50
noggins	50
nohow	60
noir	60
noirs	60
noise	35
noised	35
noiseless	35
noiselessly	35
noiselessness	50
noisemaker	50
noisemakers	50
noises	35
noisier	35
noisiest	35
noisily	35
noisiness	35
noising	35
noisome	50
noisy	35
nomad	35
nomadic	35
nomads	35
nomenclature	35
nomenclatures	35
nominal	35
nominally	35
nominate	35
nominated	35
nominates	35
nominating	35
nomination	35
nominations	35
nominative	35
nominatives	35
nominator	60
nominators	60
nominee	35
nominees	35
non	35
nonabrasive	50
nonabsorbent	50
nonabsorbents	50
nonacademic	60
nonacceptance	60
nonacid	60
nonactive	60
nonactives	60
nonaddictive	60
nonadhesive	60
nonadjacent	60
nonadjustable	60
nonadministrative	60
nonage	60
nonagenarian	50
nonagenarians	50
nonages	60
nonaggression	60
nonalcoholic	50
nonaligned	50
nonalignment	60
nonallergic	60
nonanswer	60
nonanswers	60
nonappearance	60
nonappearances	60
nonassignable	60
nonathletic	60
nonattendance	60
nonautomotive	60
nonavailability	60
nonbasic	60
nonbeliever	60
nonbelievers	60
nonbelligerent	60
nonbelligerents	60
nonbinary	60
nonbinding	60
nonbreakable	50
nonburnable	60
noncaloric	60
noncancerous	60
nonce	50
nonchalance	35
nonchalant	35
nonchalantly	35
nonchargeable	60
noncitizen	60
noncitizens	60
nonclerical	60
nonclericals	60
nonclinical	60
noncollectable	60
noncom	50
noncombat	60
noncombatant	50
noncombatants	50
noncombustible	60
noncommercial	50
noncommercials	50
noncommissioned	60
noncommittal	35
noncommittally	40
noncommunicable	60
noncompeting	60
noncompetitive	50
noncompliance	50
noncompliant	60
noncomplying	60
noncomprehending	60
noncoms	50
nonconducting	60
nonconductor	50
nonconductors	50
nonconforming	60
nonconformism	60
nonconformist	35
nonconformists	35
nonconformity	50
nonconfrontational	60
nonconsecutive	60
nonconsensual	60
nonconstructive	60
noncontagious	50
noncontinuous	60
noncontributing	60
noncontributory	60
noncontroversial	60
nonconvertible	60
noncooperation	50
noncorroding	60
noncorrosive	60
noncredit	60
noncriminal	60
noncriminals	60
noncritical	60
noncrystalline	60
noncumulative	60
noncustodial	60
nondairy	40
nondeductible	50
nondeliveries	60
nondelivery	60
nondemocratic	60
nondenominational	40
nondepartmental	60
nondepreciating	60
nondescript	35
nondestructive	60
nondetachable	60
nondeterminism	60
nondeterministic	60
nondisabled	60
nondisciplinary	60
nondisclosure	60
nondiscrimination	60
nondiscriminatory	60
nondramatic	60
nondrinker	50
nondrinkers	50
nondrying	60
none	35
noneducational	60
noneffective	60
nonelastic	60
nonelectric	60
nonelectrical	60
nonempty	50
nonenforceable	60
nonentities	35
nonentity	35
nonequivalent	60
nonequivalents	60
nonessential	50
nonesuch	50
nonesuches	50
nonetheless	35
nonevent	40
nonevents	40
nonexchangeable	60
nonexclusive	60
nonexempt	50
nonexempts	50
nonexistence	50
nonexistent	40
nonexplosive	60
nonexplosives	60
nonfactual	60
nonfading	60
nonfat	40
nonfatal	50
nonfattening	60
nonferrous	60
nonfiction	35
nonfictional	60
nonfinancial	60
nonflammable	35
nonflowering	60
nonfluctuating	60
nonflying	60
nonfood	60
nonfoods	60
nonfreezing	60
nonfunctional	60
nongovernmental	50
nongranular	60
nonhazardous	60
nonhereditary	60
nonhuman	50
nonidentical	60
noninclusive	60
nonindependent	60
nonindigenous	60
nonindustrial	50
noninfectious	60
noninflammatory	60
noninflationary	60
noninflected	60
nonintellectual	60
nonintellectuals	60
noninterchangeable	60
noninterference	60
nonintervention	40
nonintoxicating	60
noninvasive	60
nonirritating	60
nonissue	60
nonissues	60
nonjudgmental	50
nonjudicial	60
nonlegal	60
nonlethal	60
nonlinear	60
nonliterary	60
nonliving	50
nonmagnetic	60
nonmalignant	60
nonmedical	60
nonmember	50
nonmembers	50
nonmetal	60
nonmetallic	60
nonmetals	60
nonmigratory	60
nonmilitant	60
nonmilitary	60
nonmonogamous	60
nonnarcotic	60
nonnarcotics	60
nonnative	60
nonnatives	60
nonnegotiable	60
nonnuclear	60
nonnumerical	60
nonobjective	50
nonobligatory	60
nonobservance	60
nonobservant	60
nonoccupational	60
nonoccurrence	60
nonofficial	60
nonoperational	60
nonoperative	60
nonparallel	60
nonparallels	60
nonpareil	50
nonpareils	50
nonparticipant	60
nonparticipants	60
nonparticipating	60
nonpartisan	35
nonpartisans	35
nonpaying	60
nonpayment	50
nonpayments	50
nonperformance	60
nonperforming	60
nonperishable	60
nonperson	60
nonpersons	60
nonphysical	50
nonphysically	60
nonplus	50
nonpluses	50
nonplussed	40
nonplussing	50
nonpoisonous	50
nonpolitical	50
nonpolluting	60
nonporous	60
nonpracticing	60
nonprejudicial	60
nonprescription	50
nonproductive	50
nonprofessional	50
nonprofessionals	50
nonprofit	35
nonprofitable	60
nonprofits	35
nonproliferation	40
nonpublic	60
nonpunishable	60
nonracial	60
nonradioactive	60
nonrandom	60
nonreactive	60
nonreciprocal	60
nonreciprocals	60
nonreciprocating	60
nonrecognition	60
nonrecoverable	60
nonrecurring	60
nonrecyclable	60
nonredeemable	60
nonrefillable	60
nonrefundable	40
nonreligious	60
nonrenewable	40
nonrepresentational	60
nonresident	35
nonresidential	60
nonresidents	35
nonresidual	60
nonresistance	60
nonresistant	60
nonrestrictive	50
nonreturnable	50
nonreturnables	50
nonrhythmic	60
nonrigid	50
nonsalaried	60
nonscheduled	50
nonscientific	60
nonscoring	60
nonseasonal	50
nonsectarian	50
nonsecular	60
nonsegregated	60
nonsense	35
nonsensical	35
nonsensically	50
nonsensitive	60
nonsexist	50
nonsexual	60
nonsignificant	60
nonskid	50
nonslip	60
nonsmoker	40
nonsmokers	40
nonsmoking	40
nonsocial	60
nonspeaking	60
nonspecialist	60
nonspecialists	60
nonspecializing	60
nonspecific	60
nonspiritual	60
nonspirituals	60
nonstaining	60
nonstandard	35
nonstarter	60
nonstarters	60
nonstick	40
nonstop	35
nonstrategic	60
nonstriking	60
nonstructural	60
nonsuccessive	60
nonsupport	50
nonsupporting	60
nonsurgical	60
nonsustaining	60
nonsympathizer	60
nonsympathizers	60
nontarnishable	60
nontaxable	60
nontechnical	50
nontenured	60
nontheatrical	60
nonthinking	60
nonthreatening	60
nontoxic	50
nontraditional	60
nontransferable	60
nontransparent	60
nontrivial	35
nontropical	60
nonuniform	60
nonunion	50
nonuser	50
nonusers	50
nonvenomous	60
nonverbal	40
nonviable	60
nonviolence	35
nonviolent	40
nonviolently	60
nonvirulent	60
nonvocal	60
nonvocational	60
nonvolatile	60
nonvoter	60
nonvoters	60
nonvoting	60
nonwhite	50
nonwhites	50
nonworking	60
nonyielding	60
nonzero	50
noodle	35
noodled	35
noodles	35
noodling	35
nook	35
nookie	60
nooks	35
nooky	60
noon	35
noonday	50
noontide	60
noontime	50
noose	35
nooses	35
nope	40
nor	35
nori	60
noris	60
norm	35
normal	35
normalcy	40
normality	35
normalization	40
normalize	40
normalized	40
normalizes	40
normalizing	40
normally	35
normative	50
norms	35
norovirus	60
north	35
northbound	40
northeast	35
northeaster	50
northeasterly	35
northeastern	35
northeasters	50
northeastward	40
northeastwards	60
norther	60
northerlies	35
northerly	35
northern	35
northerner	40
northerners	40
northernmost	40
northers	60
northward	35
northwards	50
northwest	35
northwester	60
northwesterly	40
northwestern	35
northwesters	60
northwestward	40
northwestwards	60
nose	35
nosebag	60
nosebags	60
nosebleed	35
nosebleeds	35
nosed	35
nosedive	40
nosedived	40
nosedives	40
nosediving	40
nosegay	50
nosegays	50
noses	35
nosh	50
noshed	50
nosher	60
noshers	60
noshes	50
noshing	50
nosier	35
nosiest	35
nosily	60
nosiness	50
nosing	35
nostalgia	35
nostalgic	35
nostalgically	40
nostril	35
nostrils	35
nostrum	50
nostrums	50
nosy	35
not	35
notabilities	60
notability	60
notable	35
notables	35
notably	35
notarial	60
notaries	50
notarization	60
notarize	50
notarized	50
notarizes	50
notarizing	50
notary	50
notate	60
notated	60
notates	60
notating	60
notation	35
notations	35
notch	35
notched	35
notches	35
notching	35
note	35
notebook	35
notebooks	35
noted	35
notelet	60
notelets	60
notepad	50
notepads	60
notepaper	50
notes	35
noteworthiness	60
noteworthy	35
nothing	35
nothingness	35
notice	35
noticeable	35
noticeably	35
noticeboard	35
noticeboards	35
noticed	35
notices	35
noticing	35
notifiable	60
notification	35
notifications	35
notified	35
notifier	60
notifiers	60
notifies	35
notify	35
notifying	35
noting	35
notion	35
notional	35
notionally	50
notions	35
notoriety	35
notorious	35
notoriously	35
notwithstanding	35
nougat	35
nougats	35
noun	35
nouns	35
nourish	35
nourished	35
nourishes	35
nourishing	35
nourishment	35
nous	50
nova	35
novas	50
novel	35
novelette	50
novelettes	50
novelist	35
novelists	35
novelization	60
novelizations	60
novelize	60
novelized	60
novelizes	60
novelizing	60
novella	50
novellas	50
novels	35
novelties	35
novelty	35
novena	60
novenas	60
novene	60
novice	35
novices	35
novitiate	50
novitiates	50
now	35
nowadays	35
noway	50
noways	60
nowhere	35
nowise	50
nowt	60
noxious	35
nozzle	35
nozzles	35
nth	50
nu	50
nuance	35
nuanced	50
nuances	35
nub	50
nubbier	60
nubbiest	60
nubbin	60
nubbins	60
nubby	60
nubile	50
nubs	50
nuclear	35
nucleate	60
nucleated	60
nucleates	60
nucleating	60
nucleation	60
nuclei	35
nucleic	50
nucleoli	60
nucleolus	60
nucleon	60
nucleons	60
nucleoside	60
nucleotide	60
nucleotides	60
nucleus	35
nude	35
nuder	35
nudes	35
nudest	35
nudge	35
nudged	35
nudges	35
nudging	35
nudism	50
nudist	40
nudists	40
nudity	35
nugatory	60
nugget	35
nuggets	35
nuisance	35
nuisances	35
nuke	40
nuked	40
nukes	40
nuking	40
null	35
nullification	50
nullified	35
nullifies	35
nullify	35
nullifying	35
nullity	50
nulls	35
numb	35
numbed	35
number	35
numbered	35
numbering	35
numberless	50
numbers	35
numbest	35
numbing	35
numbingly	60
numbly	50
numbness	35
numbs	35
numerable	60
numeracy	50
numeral	35
numerals	35
numerate	35
numerated	50
numerates	50
numerating	50
numeration	50
numerations	50
numerator	35
numerators	35
numeric	35
numerical	35
numerically	35
numerologist	60
numerologists	60
numerology	50
numerous	35
numerously	60
numinous	60
numismatic	50
numismatics	50
numismatist	50
numismatists	50
numskull	50
numskulls	50
nun	35
nuncio	50
nuncios	50
nunneries	50
nunnery	50
nuns	35
nuptial	35
nuptials	35
nurse	35
nursed	35
nurselings	60
nursemaid	35
nursemaids	35
nurser	60
nurseries	35
nursers	60
nursery	35
nurseryman	50
nurserymen	50
nurses	35
nursing	35
nursling	60
nurslings	60
nurture	35
nurtured	35
nurturer	60
nurturers	60
nurtures	35
nurturing	35
nus	60
nut	35
nutcase	60
nutcases	60
nutcracker	35
nutcrackers	35
nuthatch	50
nuthatches	50
nuthouse	60
nuthouses	60
nutmeat	50
nutmeats	50
nutmeg	35
nutmegs	35
nutpick	60
nutpicks	60
nutria	50
nutrias	50
nutrient	35
nutrients	35
nutriment	35
nutriments	35
nutrition	35
nutritional	35
nutritionally	50
nutritionist	50
nutritionists	50
nutritious	35
nutritiously	60
nutritiousness	60
nutritive	50
nuts	35
nutshell	35
nutshells	35
nutted	35
nutter	60
nutters	60
nuttier	35
nuttiest	35
nuttiness	50
nutting	35
nutty	35
nuzzle	35
nuzzled	35
nuzzler	60
nuzzlers	60
nuzzles	35
nuzzling	35
nylon	35
nylons	40
nymph	35
nymphet	60
nymphets	60
nympho	60
nymphomania	40
nymphomaniac	40
nymphomaniacs	40
nymphos	60
nymphs	35
oaf	35
oafish	50
oafishly	60
oafishness	60
oafs	35
oak	35
oaken	50
oaks	35
oakum	50
oar	35
oared	35
oaring	35
oarlock	50
oarlocks	50
oars	35
oarsman	50
oarsmen	50
oarswoman	60
oarswomen	60
oases	35
oasis	35
oat	40
oatcake	60
oatcakes	60
oaten	50
oath	35
oaths	35
oatmeal	35
oats	40
obbligato	60
obbligatos	60
obduracy	50
obdurate	50
obdurately	50
obdurateness	60
obedience	35
obedient	35
obediently	35
obeisance	50
obeisances	50
obeisant	50
obelisk	35
obelisks	35
obese	35
obesity	35
obey	35
obeyed	35
obeying	35
obeys	35
obfuscate	50
obfuscated	50
obfuscates	50
obfuscating	50
obfuscation	35
obfuscations	50
obi	60
obis	60
obit	50
obits	50
obituaries	35
obituary	35
object	35
objected	35
objectification	60
objectified	60
objectifies	60
objectify	60
objectifying	60
objecting	35
objection	35
objectionable	35
objectionably	50
objections	35
objective	35
objectively	35
objectiveness	50
objectives	35
objectivity	35
objector	40
objectors	35
objects	35
objurgate	60
objurgated	60
objurgates	60
objurgating	60
objurgation	60
objurgations	60
oblate	50
oblation	50
oblations	50
obligate	35
obligated	35
obligates	35
obligating	35
obligation	35
obligations	35
obligatorily	60
obligatory	35
oblige	35
obliged	35
obliges	35
obliging	35
obligingly	40
oblique	35
obliquely	50
obliqueness	50
obliques	35
obliquity	60
obliterate	35
obliterated	35
obliterates	35
obliterating	35
obliteration	35
oblivion	35
oblivious	35
obliviously	50
obliviousness	50
oblong	35
oblongs	35
obloquy	50
obnoxious	35
obnoxiously	40
obnoxiousness	60
oboe	35
oboes	35
oboist	50
oboists	50
obscene	35
obscenely	50
obscener	35
obscenest	35
obscenities	35
obscenity	35
obscurantism	60
obscurantist	60
obscurantists	60
obscure	35
obscured	35
obscurely	50
obscurer	35
obscures	35
obscurest	35
obscuring	35
obscurities	35
obscurity	35
obsequies	50
obsequious	50
obsequiously	50
obsequiousness	50
obsequy	60
observable	35
observably	50
observance	35
observances	35
observant	35
observantly	50
observation	35
observational	50
observations	35
observatories	35
observatory	35
observe	35
observed	35
observer	35
observers	35
observes	35
observing	35
obsess	35
obsessed	35
obsesses	35
obsessing	35
obsession	35
obsessional	60
obsessionally	60
obsessions	35
obsessive	35
obsessively	40
obsessiveness	60
obsessives	40
obsidian	50
obsolesce	60
obsolesced	60
obsolescence	35
obsolescent	35
obsolesces	60
obsolescing	60
obsolete	35
obsoleted	35
obsoletes	35
obsoleting	35
obstacle	35
obstacles	35
obstetric	50
obstetrical	50
obstetrician	35
obstetricians	35
obstetrics	35
obstinacy	35
obstinate	35
obstinately	40
obstreperous	50
obstreperously	60
obstreperousness	60
obstruct	35
obstructed	35
obstructing	35
obstruction	35
obstructionism	60
obstructionist	50
obstructionists	50
obstructions	35
obstructive	35
obstructively	50
obstructiveness	50
obstructs	35
obtain	35
obtainable	35
obtained	35
obtaining	35
obtainment	60
obtains	35
obtrude	50
obtruded	50
obtrudes	50
obtruding	50
obtrusion	60
obtrusive	35
obtrusively	50
obtrusiveness	50
obtuse	35
obtusely	50
obtuseness	50
obtuser	35
obtusest	35
obverse	50
obverses	50
obviate	50
obviated	50
obviates	50
obviating	50
obviation	60
obvious	35
obviously	35
obviousness	50
ocarina	50
ocarinas	50
occasion	35
occasional	35
occasionally	35
occasioned	35
occasioning	35
occasions	35
occidental	50
occidentals	50
occlude	50
occluded	50
occludes	50
occluding	50
occlusion	50
occlusions	50
occlusive	50
occult	40
occultism	60
occultist	60
occultists	60
occupancies	35
occupancy	35
occupant	35
occupants	35
occupation	35
occupational	35
occupationally	60
occupations	35
occupied	35
occupier	60
occupiers	60
occupies	35
occupy	35
occupying	35
occur	35
occurred	35
occurrence	35
occurrences	35
occurring	35
occurs	35
ocean	35
oceanfront	60
oceanfronts	60
oceangoing	50
oceanic	35
oceanographer	50
oceanographers	50
oceanographic	50
oceanography	35
oceanology	60
oceans	35
ocelot	50
ocelots	50
och	60
ocher	50
ocker	60
ockers	60
octagon	35
octagonal	35
octagons	35
octal	35
octane	50
octanes	50
octave	35
octaves	35
octavo	60
octavos	60
octet	50
octets	50
octogenarian	50
octogenarians	50
octopus	35
octopuses	35
ocular	35
oculars	35
oculist	50
oculists	50
oculomotor	60
odalisque	60
odalisques	60
odd	35
oddball	50
oddballs	50
odder	35
oddest	35
oddities	35
oddity	35
oddly	35
oddment	60
oddments	60
oddness	40
odds	35
ode	35
odes	35
odious	35
odiously	50
odiousness	60
odium	50
odometer	35
odometers	35
odor	35
odored	60
odoriferous	50
odorless	50
odorous	50
odors	35
odyssey	40
odysseys	40
oedipal	60
oenology	60
oenophile	60
oenophiles	60
oeuvre	60
oeuvres	60
of	35
off	35
offal	50
offbeat	35
offbeats	35
offed	35
offend	35
offended	35
offender	35
offenders	35
offending	35
offends	35
offense	35
offenses	35
offensive	35
offensively	40
offensiveness	35
offensives	35
offer	35
offered	35
offering	35
offerings	35
offers	35
offertories	50
offertory	50
offhand	35
offhanded	60
offhandedly	50
offhandedness	60
office	35
officeholder	50
officeholders	50
officer	35
officers	35
offices	35
official	35
officialdom	50
officialese	60
officialism	60
officially	35
officials	35
officiant	60
officiants	60
officiate	35
officiated	35
officiates	35
officiating	35
officiator	60
officiators	60
officious	35
officiously	50
officiousness	50
offing	35
offings	35
offish	60
offline	50
offload	35
offloaded	50
offloading	50
offloads	50
offprint	60
offprints	60
offs	35
offset	35
offsets	35
offsetting	35
offshoot	35
offshoots	35
offshore	35
offshoring	50
offside	50
offspring	35
offstage	35
offtrack	60
oft	50
often	35
oftener	35
oftenest	35
oftentimes	50
ofttimes	60
ogle	35
ogled	35
ogler	60
oglers	60
ogles	35
ogling	35
ogre	35
ogreish	60
ogres	35
ogress	60
ogresses	60
oh	35
ohm	35
ohmmeter	60
ohmmeters	60
ohms	35
oho	50
ohs	35
oi	60
oik	60
oiks	60
oil	35
oilcan	60
oilcans	60
oilcloth	50
oilcloths	50
oiled	35
oilfield	40
oilfields	40
oilier	35
oiliest	35
oiliness	50
oiling	35
oilman	60
oilmen	60
oils	35
oilskin	50
oilskins	60
oily	35
oink	40
oinked	40
oinking	40
oinks	40
ointment	35
ointments	35
okapi	60
okapis	60
okay	35
okayed	35
okaying	35
okays	35
okra	35
okras	35
old	35
olden	35
older	35
oldest	35
oldie	40
oldies	40
oldish	60
oldness	60
oldster	60
oldsters	60
ole	60
oleaginous	50
oleander	50
oleanders	50
oleo	50
oleomargarine	50
olfactories	35
olfactory	35
oligarch	50
oligarchic	50
oligarchical	60
oligarchies	50
oligarchs	50
oligarchy	50
oligonucleotide	60
oligonucleotides	60
oligopolies	60
oligopoly	60
olive	35
olives	35
om	60
ombudsman	40
ombudsmen	40
omega	35
omegas	50
omelet	35
omelets	35
omen	35
omens	35
omicron	60
omicrons	60
ominous	35
ominously	35
ominousness	60
omission	35
omissions	35
omit	35
omits	35
omitted	35
omitting	35
omnibus	35
omnibuses	50
omnidirectional	60
omnipotence	35
omnipotent	35
omnipresence	50
omnipresent	35
omniscience	40
omniscient	35
omnivore	50
omnivores	50
omnivorous	50
omnivorously	60
omnivorousness	60
oms	60
on	35
onboard	60
once	35
oncogene	60
oncogenes	60
oncologist	60
oncologists	60
oncology	50
oncoming	35
one	35
oneness	50
onerous	35
onerously	60
onerousness	60
ones	35
oneself	35
onesie	60
onesies	60
onetime	40
ongoing	35
onion	35
onions	35
onionskin	50
online	40
onlooker	35
onlookers	35
onlooking	60
only	35
onomatopoeia	35
onomatopoeic	50
onomatopoetic	60
onrush	35
onrushes	35
onrushing	50
onscreen	60
onset	35
onsets	35
onshore	50
onside	60
onslaught	35
onslaughts	35
onstage	60
onto	35
ontogeny	60
ontological	60
ontology	60
onus	35
onuses	35
onward	35
onyx	50
onyxes	50
oodles	35
ooh	60
oohed	60
oohing	60
oohs	60
oolong	60
oomph	60
oops	40
ooze	35
oozed	35
oozes	35
oozier	60
ooziest	60
oozing	35
oozy	60
op	60
opacity	50
opal	35
opalescence	50
opalescent	50
opals	35
opaque	35
opaqued	35
opaquely	50
opaqueness	50
opaquer	35
opaques	35
opaquest	35
opaquing	35
opcode	60
opcodes	60
ope	60
oped	60
open	35
opencast	60
opened	35
opener	35
openers	35
openest	35
openhanded	50
openhandedness	60
openhearted	50
opening	35
openings	35
openly	35
openness	35
opens	35
openwork	50
opera	35
operable	40
operand	35
operands	35
operas	35
operate	35
operated	35
operates	35
operatic	35
operatically	60
operating	35
operation	35
operational	35
operationally	40
operations	35
operative	35
operatives	35
operator	35
operators	35
operetta	50
operettas	50
opes	60
ophthalmic	50
ophthalmologist	35
ophthalmologists	35
ophthalmology	35
opiate	50
opiates	50
opine	50
opined	50
opines	50
oping	60
opining	50
opinion	35
opinionated	35
opinions	35
opioid	50
opioids	50
opium	35
opossum	35
opossums	35
opponent	35
opponents	35
opportune	35
opportunely	60
opportunism	40
opportunist	35
opportunistic	40
opportunistically	60
opportunists	35
opportunities	35
opportunity	35
oppose	35
opposed	35
opposes	35
opposing	35
opposite	35
oppositely	60
opposites	35
opposition	35
oppositional	60
oppositions	35
oppress	35
oppressed	35
oppresses	35
oppressing	35
oppression	35
oppressive	35
oppressively	50
oppressiveness	60
oppressor	35
oppressors	35
opprobrious	50
opprobriously	60
opprobrium	50
ops	60
opt	35
opted	35
optic	35
optical	35
optically	50
optician	35
opticians	35
optics	35
optima	35
optimal	35
optimally	60
optimism	35
optimist	35
optimistic	35
optimistically	40
optimists	35
optimization	35
optimizations	50
optimize	35
optimized	35
optimizer	50
optimizes	60
optimizing	35
optimum	35
opting	35
option	35
optional	35
optionally	35
optioned	35
optioning	35
options	35
optometrist	35
optometrists	35
optometry	40
opts	35
opulence	40
opulent	35
opulently	60
opus	35
or	35
oracle	35
oracles	35
oracular	50
oral	35
orality	60
orally	40
orals	35
orange	35
orangeade	50
orangeades	50
orangeness	60
orangeries	60
orangery	60
oranges	35
orangutan	35
orangutans	35
orate	50
orated	50
orates	50
orating	50
oration	35
orations	35
orator	35
oratorical	50
oratorically	60
oratories	35
oratorio	50
oratorios	50
orators	35
oratory	35
orb	50
orbicular	60
orbit	35
orbital	35
orbitals	35
orbited	35
orbiter	60
orbiters	60
orbiting	35
orbits	35
orbs	50
orc	50
orca	60
orcas	60
orchard	35
orchards	35
orchestra	35
orchestral	35
orchestras	35
orchestrate	35
orchestrated	35
orchestrates	35
orchestrating	35
orchestration	35
orchestrations	35
orchid	35
orchids	35
orcs	50
ordain	35
ordained	35
ordaining	35
ordainment	60
ordains	35
ordeal	35
ordeals	35
order	35
ordered	35
ordering	35
orderings	50
orderlies	35
orderliness	50
orderly	35
orders	35
ordinal	40
ordinals	40
ordinance	35
ordinances	35
ordinaries	35
ordinarily	35
ordinariness	50
ordinary	35
ordinate	60
ordinates	60
ordination	35
ordinations	35
ordnance	50
ordure	50
ore	35
oregano	50
ores	35
organ	35
organdy	50
organelle	50
organelles	50
organic	35
organically	40
organics	35
organism	35
organismic	60
organisms	35
organist	35
organists	35
organization	35
organizational	35
organizationally	60
organizations	35
organize	35
organized	35
organizer	35
organizers	35
organizes	35
organizing	35
organs	35
organza	60
orgasm	35
orgasmic	50
orgasms	40
orgiastic	50
orgies	35
orgy	35
oriel	60
oriels	60
orient	35
oriental	35
orientalist	60
orientalists	60
orientals	40
orientate	50
orientated	50
orientates	50
orientating	50
orientation	35
orientations	35
oriented	35
orienteering	60
orienting	35
orients	35
orifice	35
orifices	50
origami	50
origin	35
original	35
originality	35
originally	35
originals	35
originate	35
originated	35
originates	35
originating	35
origination	50
originator	35
originators	35
origins	35
oriole	40
orioles	40
orison	60
orisons	60
ormolu	50
ornament	35
ornamental	35
ornamentation	50
ornamented	35
ornamenting	35
ornaments	35
ornate	35
ornately	35
ornateness	50
ornerier	50
orneriest	50
orneriness	60
ornery	50
ornithological	60
ornithologist	35
ornithologists	35
ornithology	35
orotund	50
orotundities	60
orotundity	60
orphan	35
orphanage	35
orphanages	35
orphaned	35
orphaning	35
orphans	35
orris	60
orrises	60
orthodontia	50
orthodontic	50
orthodontics	40
orthodontist	35
orthodontists	35
orthodox	35
orthodoxies	40
orthodoxy	40
orthogonal	35
orthogonality	35
orthographic	50
orthographically	60
orthographies	50
orthography	35
orthopedic	50
orthopedics	35
orthopedist	50
orthopedists	50
orzo	60
oscillate	35
oscillated	35
oscillates	35
oscillating	35
oscillation	50
oscillations	35
oscillator	50
oscillators	50
oscillatory	60
oscilloscope	35
oscilloscopes	50
osculate	60
osculated	60
osculates	60
osculating	60
osculation	60
osculations	60
osier	50
osiers	50
osmium	60
osmosis	35
osmotic	50
osprey	50
ospreys	50
ossicles	60
ossification	50
ossified	50
ossifies	50
ossify	50
ossifying	50
ostensible	35
ostensibly	35
ostentation	35
ostentatious	35
ostentatiously	40
osteoarthritis	60
osteopath	50
osteopathic	60
osteopaths	50
osteopathy	50
osteoporosis	50
ostler	60
ostlers	60
ostracism	40
ostracize	35
ostracized	35
ostracizes	35
ostracizing	35
ostrich	35
ostriches	35
other	35
othering	60
otherness	60
others	35
otherwise	35
otherworldly	50
otiose	50
otter	35
otters	35
ottoman	50
ottomans	50
oubliette	60
oubliettes	60
ouch	35
ought	35
ounce	35
ounces	35
our	35
ours	35
ourself	35
ourselves	35
oust	35
ousted	35
ouster	35
ousters	35
ousting	35
ousts	35
out	35
outage	40
outages	40
outargue	60
outargued	60
outargues	60
outarguing	60
outback	40
outbacks	40
outbalance	50
outbalanced	50
outbalances	50
outbalancing	50
outbid	40
outbidding	40
outbids	40
outboard	60
outboards	60
outboast	60
outboasted	60
outboasting	60
outboasts	60
outbound	35
outbox	60
outboxed	60
outboxes	60
outboxing	60
outbreak	35
outbreaks	35
outbuilding	50
outbuildings	50
outburst	35
outbursts	35
outcast	35
outcasts	35
outclass	35
outclassed	35
outclasses	35
outclassing	35
outcome	35
outcomes	35
outcompete	60
outcries	35
outcrop	50
outcropped	50
outcropping	40
outcroppings	40
outcrops	50
outcry	35
outdated	35
outdid	35
outdistance	35
outdistanced	35
outdistances	35
outdistancing	35
outdo	35
outdoes	35
outdoing	35
outdone	35
outdoor	35
outdoors	35
outdoorsman	60
outdoorsmen	60
outdoorsy	60
outdraw	60
outdrawing	60
outdrawn	60
outdraws	60
outdrew	60
outed	35
outer	35
outercourse	60
outermost	35
outerwear	60
outface	60
outfaced	60
outfaces	60
outfacing	60
outfall	60
outfalls	60
outfield	35
outfielder	40
outfielders	40
outfields	35
outfight	60
outfighting	60
outfights	60
outfit	35
outfits	35
outfitted	35
outfitter	50
outfitters	50
outfitting	35
outflank	50
outflanked	50
outflanking	50
outflanks	50
outflow	60
outflows	60
outfought	60
outfox	50
outfoxed	50
outfoxes	50
outfoxing	50
outgo	50
outgoes	50
outgoing	35
outgoings	60
outgrew	35
outgrow	35
outgrowing	35
outgrown	35
outgrows	35
outgrowth	35
outgrowths	35
outguess	60
outguessed	60
outguesses	60
outguessing	60
outgun	60
outgunned	60
outgunning	60
outguns	60
outhit	60
outhits	60
outhitting	60
outhouse	35
outhouses	35
outing	35
outings	35
outlaid	35
outlandish	35
outlandishly	50
outlandishness	60
outlast	35
outlasted	35
outlasting	35
outlasts	35
outlaw	35
outlawed	35
outlawing	35
outlaws	35
outlay	35
outlaying	35
outlays	35
outlet	35
outlets	35
outlier	60
outliers	60
outline	35
outlined	35
outlines	35
outlining	35
outlive	35
outlived	35
outlives	35
outliving	35
outlook	35
outlooks	35
outlying	35
outmaneuver	40
outmaneuvered	40
outmaneuvering	40
outmaneuvers	40
outmatch	60
outmatched	60
outmatches	60
outmatching	60
outmoded	35
outnumber	35
outnumbered	35
outnumbering	35
outnumbers	35
outpace	60
outpaced	60
outpaces	60
outpacing	60
outpatient	35
outpatients	35
outperform	40
outperformed	40
outperforming	40
outperforms	40
outplace	60
outplaced	60
outplacement	40
outplaces	60
outplacing	60
outplay	50
outplayed	50
outplaying	50
outplays	50
outpoint	60
outpointed	60
outpointing	60
outpoints	60
outpost	35
outposts	35
outpouring	40
outpourings	40
outproduce	60
outproduced	60
outproduces	60
outproducing	60
output	35
outputs	35
outputted	35
outputting	35
outrace	60
outraced	60
outraces	60
outracing	60
outrage	35
outraged	35
outrageous	35
outrageously	35
outrages	35
outraging	35
outran	35
outrank	50
outranked	50
outranking	50
outranks	50
outre	50
outreach	40
outreached	40
outreaches	40
outreaching	40
outrider	50
outriders	50
outrigger	50
outriggers	50
outright	35
outrun	35
outrunning	35
outruns	35
outs	35
outscore	60
outscored	60
outscores	60
outscoring	60
outsell	50
outselling	50
outsells	50
outset	35
outsets	35
outshine	35
outshines	35
outshining	35
outshone	35
outshout	60
outshouted	60
outshouting	60
outshouts	60
outside	35
outsider	35
outsiders	35
outsides	35
outsize	50
outsizes	50
outskirt	60
outskirts	35
outsmart	35
outsmarted	35
outsmarting	35
outsmarts	35
outsold	50
outsource	60
outsourced	60
outsources	60
outsourcing	40
outspend	60
outspending	60
outspends	60
outspent	60
outspoken	35
outspokenly	50
outspokenness	40
outspread	50
outspreading	50
outspreads	50
outstanding	35
outstandingly	35
outstation	35
outstations	35
outstay	50
outstayed	50
outstaying	50
outstays	50
outstretch	60
outstretched	40
outstretches	60
outstretching	60
outstrip	35
outstripped	35
outstripping	35
outstrips	35
outta	60
outtake	50
outtakes	50
outvote	50
outvoted	50
outvotes	50
outvoting	50
outward	35
outwardly	35
outwards	35
outwear	50
outwearing	50
outwears	50
outweigh	35
outweighed	35
outweighing	35
outweighs	35
outwit	35
outwith	60
outwits	35
outwitted	35
outwitting	35
outwore	50
outwork	60
outworked	60
outworker	60
outworkers	60
outworking	60
outworks	60
outworn	50
ouzo	60
ouzos	60
ova	35
oval	35
ovals	35
ovarian	40
ovaries	35
ovary	35
ovate	60
ovation	35
ovations	35
oven	35
ovenbird	60
ovenbirds	60
ovenproof	60
ovens	35
ovenware	60
over	35
overabundance	50
overabundant	50
overachieve	50
overachieved	50
overachiever	50
overachievers	50
overachieves	50
overachieving	50
overact	50
overacted	50
overacting	50
overactive	50
overacts	50
overage	50
overages	50
overaggressive	60
overall	35
overalls	35
overambitious	50
overanalyze	60
overanalyzed	60
overanalyzes	60
overanalyzing	60
overanxious	50
overarching	60
overarm	60
overarmed	60
overarming	60
overarms	60
overate	35
overattentive	60
overawe	50
overawed	50
overawes	50
overawing	50
overbalance	50
overbalanced	50
overbalances	50
overbalancing	50
overbear	60
overbearing	35
overbearingly	60
overbears	60
overbid	60
overbidding	60
overbids	60
overbite	60
overbites	60
overblown	35
overboard	35
overbold	60
overbook	50
overbooked	50
overbooking	50
overbooks	50
overbore	60
overborne	60
overbought	60
overbuild	60
overbuilding	60
overbuilds	60
overbuilt	60
overburden	35
overburdened	35
overburdening	35
overburdens	35
overbuy	60
overbuying	60
overbuys	60
overcame	35
overcapacity	60
overcapitalize	60
overcapitalized	60
overcapitalizes	60
overcapitalizing	60
overcareful	60
overcast	35
overcasting	35
overcasts	35
overcautious	50
overcharge	35
overcharged	35
overcharges	35
overcharging	35
overcloud	60
overclouded	60
overclouding	60
overclouds	60
overcoat	35
overcoats	35
overcome	35
overcomes	35
overcoming	35
overcommit	60
overcompensate	40
overcompensated	40
overcompensates	40
overcompensating	40
overcompensation	40
overconfidence	60
overconfident	50
overconscientious	60
overconsumption	60
overcook	50
overcooked	50
overcooking	50
overcooks	50
overcorrect	60
overcorrected	60
overcorrecting	60
overcorrects	60
overcritical	60
overcrowd	50
overcrowded	35
overcrowding	35
overcrowds	50
overdecorate	60
overdecorated	60
overdecorates	60
overdecorating	60
overdependent	60
overdevelop	60
overdeveloped	60
overdeveloping	60
overdevelops	60
overdid	35
overdo	35
overdoes	35
overdoing	35
overdone	35
overdose	35
overdosed	35
overdoses	35
overdosing	35
overdraft	35
overdrafts	50
overdraw	35
overdrawing	35
overdrawn	35
overdraws	35
overdress	50
overdressed	50
overdresses	50
overdressing	50
overdrew	35
overdrive	50
overdrives	50
overdub	60
overdubbed	60
overdubbing	60
overdubs	60
overdue	35
overeager	50
overeat	35
overeaten	35
overeating	35
overeats	35
overeducated	60
overemotional	60
overemphasis	60
overemphasize	50
overemphasized	50
overemphasizes	50
overemphasizing	50
overenthusiastic	50
overestimate	35
overestimated	35
overestimates	35
overestimating	35
overestimation	60
overexcite	60
overexcited	60
overexcites	60
overexciting	60
overexercise	60
overexercised	60
overexercises	60
overexercising	60
overexert	60
overexerted	60
overexerting	60
overexertion	60
overexerts	60
overexpose	50
overexposed	50
overexposes	50
overexposing	50
overexposure	50
overextend	40
overextended	40
overextending	40
overextends	40
overfed	60
overfeed	60
overfeeding	60
overfeeds	60
overfill	60
overfilled	60
overfilling	60
overfills	60
overfish	60
overfished	60
overfishes	60
overfishing	60
overflew	60
overflies	60
overflight	60
overflights	60
overflow	35
overflowed	35
overflowing	35
overflown	60
overflows	35
overfly	60
overflying	60
overfond	60
overfull	50
overgeneralize	60
overgeneralized	60
overgeneralizes	60
overgeneralizing	60
overgenerous	50
overgraze	60
overgrazed	60
overgrazes	60
overgrazing	60
overgrew	50
overground	60
overgrow	50
overgrowing	50
overgrown	35
overgrows	50
overgrowth	50
overhand	35
overhanded	60
overhands	35
overhang	35
overhanging	35
overhangs	35
overhasty	60
overhaul	35
overhauled	35
overhauling	35
overhauls	35
overhead	35
overheads	35
overhear	35
overheard	35
overhearing	35
overhears	35
overheat	50
overheated	50
overheating	35
overheats	50
overhung	35
overhype	60
overhyped	60
overhypes	60
overhyping	60
overindulge	50
overindulged	50
overindulgence	50
overindulgent	60
overindulges	50
overindulging	50
overinflated	60
overjoy	60
overjoyed	40
overjoying	60
overjoys	60
overkill	35
overladen	60
overlaid	35
overlain	60
overland	35
overlap	35
overlapped	35
overlapping	35
overlaps	35
overlarge	60
overlay	35
overlaying	50
overlays	50
overleaf	60
overlie	60
overlies	60
overload	35
overloaded	35
overloading	35
overloads	35
overlong	35
overlook	35
overlooked	35
overlooking	35
overlooks	35
overlord	50
overlords	50
overly	35
overlying	60
overmanned	60
overmanning	60
overmaster	60
overmastered	60
overmastering	60
overmasters	60
overmodest	60
overmuch	50
overnice	60
overnight	35
overnights	35
overoptimism	60
overoptimistic	60
overpaid	50
overparticular	60
overpass	35
overpasses	35
overpay	50
overpaying	50
overpayment	60
overpayments	60
overpays	50
overplay	50
overplayed	50
overplaying	50
overplays	50
overpopulate	50
overpopulated	40
overpopulates	50
overpopulating	50
overpopulation	35
overpower	35
overpowered	35
overpowering	35
overpoweringly	60
overpowers	35
overpraise	60
overpraised	60
overpraises	60
overpraising	60
overprecise	60
overprice	50
overpriced	35
overprices	50
overpricing	50
overprint	50
overprinted	50
overprinting	35
overprints	60
overproduce	50
overproduced	50
overproduces	50
overproducing	50
overproduction	50
overpromise	60
overprotect	60
overprotected	60
overprotecting	60
overprotection	60
overprotective	60
overprotects	60
overqualified	50
overran	35
overrate	35
overrated	35
overrates	35
overrating	35
overreach	50
overreached	50
overreaches	50
overreaching	50
overreact	40
overreacted	40
overreacting	35
overreaction	60
overreactions	60
overreacts	40
overrefined	60
overreliance	60
overrepresented	60
overridden	35
override	35
overrides	35
overriding	35
overripe	50
overrode	35
overrule	35
overruled	35
overrules	35
overruling	35
overrun	35
overrunning	35
overruns	35
overs	35
oversampling	35
oversaw	35
oversea	60
overseas	35
oversee	35
overseeing	35
overseen	35
overseer	35
overseers	35
oversees	35
oversell	50
overselling	50
oversells	50
oversensitive	50
oversensitiveness	60
oversexed	50
overshadow	35
overshadowed	35
overshadowing	35
overshadows	35
overshare	50
overshared	50
overshares	50
oversharing	50
overshoe	50
overshoes	50
overshoot	35
overshooting	35
overshoots	35
overshot	35
oversight	35
oversights	35
oversimple	60
oversimplification	35
oversimplifications	40
oversimplified	40
oversimplifies	40
oversimplify	40
oversimplifying	40
oversize	40
oversleep	35
oversleeping	35
oversleeps	35
overslept	35
oversold	50
overspecialization	60
overspecialize	50
overspecialized	50
overspecializes	50
overspecializing	50
overspend	50
overspending	50
overspends	50
overspent	50
overspilled	60
overspread	50
overspreading	50
overspreads	50
overstaffed	60
overstate	35
overstated	35
overstatement	50
overstatements	50
overstates	35
overstating	35
overstay	50
overstayed	50
overstaying	50
overstays	50
overstep	35
overstepped	35
overstepping	35
oversteps	35
overstimulate	60
overstimulated	60
overstimulates	60
overstimulating	60
overstimulation	60
overstock	50
overstocked	50
overstocking	50
overstocks	50
overstretch	60
overstretched	60
overstretches	60
overstretching	60
overstrict	60
overstrung	60
overstuffed	50
oversubscribe	60
oversubscribed	60
oversubscribes	60
oversubscribing	60
oversubtle	60
oversupplied	50
oversupplies	50
oversupply	50
oversupplying	50
oversuspicious	60
overt	35
overtake	35
overtaken	35
overtakes	35
overtaking	35
overtax	50
overtaxed	50
overtaxes	50
overtaxing	50
overthink	50
overthinking	50
overthinks	50
overthought	50
overthrew	35
overthrow	35
overthrowing	35
overthrown	35
overthrows	35
overtime	35
overtimes	35
overtire	60
overtired	60
overtires	60
overtiring	60
overtly	35
overtone	40
overtones	35
overtook	35
overture	35
overtures	35
overturn	35
overturned	35
overturning	35
overturns	35
overuse	35
overused	35
overuses	50
overusing	50
overvaluation	60
overvaluations	60
overvalue	60
overvalued	60
overvalues	60
overvaluing	60
overview	35
overviews	40
overweening	50
overweeningly	60
overweight	35
overwhelm	35
overwhelmed	35
overwhelming	35
overwhelmingly	35
overwhelms	35
overwinter	60
overwintered	60
overwintering	60
overwinters	60
overwork	35
overworked	35
overworking	35
overworks	35
overwrite	35
overwrites	35
overwriting	35
overwritten	35
overwrote	60
overwrought	35
overzealous	60
oviduct	50
oviducts	50
oviparous	50
ovoid	50
ovoids	50
ovular	60
ovulate	50
ovulated	50
ovulates	50
ovulating	50
ovulation	50
ovule	50
ovules	50
ovum	35
ow	40
owe	35
owed	35
owes	35
owing	35
owl	35
owlet	50
owlets	50
owlish	50
owlishly	60
owls	35
own	35
owned	35
owner	35
owners	35
ownership	35
owning	35
owns	35
ox	35
oxalate	60
oxblood	60
oxbow	50
oxbows	50
oxcart	60
oxcarts	60
oxen	35
oxford	50
oxfords	50
oxidant	60
oxidants	60
oxidase	60
oxidases	60
oxidation	35
oxidative	60
oxide	35
oxides	35
oxidization	60
oxidize	35
oxidized	35
oxidizer	50
oxidizers	50
oxidizes	35
oxidizing	35
oxtail	60
oxtails	60
oxyacetylene	50
oxygen	35
oxygenate	50
oxygenated	50
oxygenates	50
oxygenating	50
oxygenation	50
oxymora	50
oxymoron	50
oxymoronic	60
oyster	35
oysters	35
ozone	35
pa	35
pablum	60
pabulum	60
pace	35
paced	35
pacemaker	35
pacemakers	35
pacer	60
pacers	60
paces	35
pacesetter	40
pacesetters	40
pacey	60
pachyderm	50
pachyderms	50
pachysandra	60
pachysandras	60
pacier	60
paciest	60
pacific	35
pacifically	50
pacification	50
pacified	35
pacifier	35
pacifiers	35
pacifies	35
pacifism	35
pacifist	35
pacifistic	60
pacifists	35
pacify	35
pacifying	35
pacing	35
pack	35
package	35
packaged	35
packager	60
packagers	60
packages	35
packaging	35
packed	35
packer	35
packers	35
packet	35
packets	35
packing	35
packinghouse	60
packinghouses	60
packs	35
packsaddle	60
packsaddles	60
pact	35
pacts	35
pacy	60
pad	35
padded	35
paddies	35
padding	35
paddle	35
paddled	35
paddler	60
paddlers	60
paddles	35
paddling	35
paddock	35
paddocked	35
paddocking	35
paddocks	35
paddy	35
padlock	35
padlocked	35
padlocking	35
padlocks	35
padre	40
padres	40
pads	35
paean	50
paeans	50
paella	60
paellas	60
pagan	35
paganism	50
pagans	35
page	35
pageant	35
pageantry	35
pageants	35
pageboy	60
pageboys	60
paged	35
pager	35
pagers	40
pages	35
paginate	50
paginated	50
paginates	50
paginating	50
pagination	35
paging	35
pagoda	35
pagodas	35
pah	60
paid	35
pail	35
pailful	50
pailfuls	50
pails	35
pain	35
pained	35
painful	35
painfuller	35
painfullest	35
painfully	35
painfulness	60
paining	35
painkiller	40
painkillers	40
painkilling	60
painless	35
painlessly	35
painlessness	60
pains	35
painstaking	35
painstakingly	40
paint	35
paintball	60
paintbox	60
paintboxes	60
paintbrush	40
paintbrushes	40
painted	35
painter	35
painterly	60
painters	40
painting	35
paintings	35
paints	35
paintwork	50
pair	35
paired	35
pairing	35
pairings	60
pairs	35
pairwise	50
paisley	50
paisleys	50
pajama	60
pajamas	35
pal	35
palace	35
palaces	35
paladin	60
paladins	60
palanquin	60
palanquins	60
palatable	35
palatal	50
palatalization	60
palatalize	60
palatalized	60
palatalizes	60
palatalizing	60
palatals	50
palate	35
palates	35
palatial	35
palatially	60
palatinate	60
palatinates	60
palatine	60
palatines	60
palaver	50
palavered	50
palavering	50
palavers	50
palazzi	50
palazzo	50
pale	35
paled	35
paleface	50
palefaces	50
palely	60
paleness	50
paleo	60
paleographer	60
paleographers	60
paleography	60
paleolithic	60
paleontologist	35
paleontologists	35
paleontology	35
paler	35
pales	35
palest	35
palette	35
palettes	35
palfrey	60
palfreys	60
palimony	50
palimpsest	50
palimpsests	50
palindrome	50
palindromes	50
palindromic	50
paling	35
palings	50
palisade	50
palisades	50
palish	60
pall	35
palladium	50
pallbearer	35
pallbearers	35
palled	35
pallet	50
pallets	50
palliate	50
palliated	50
palliates	50
palliating	50
palliation	50
palliative	50
palliatives	50
pallid	35
pallidly	60
pallidness	60
palling	35
pallor	35
palls	35
pally	60
palm	35
palmate	60
palmed	35
palmetto	50
palmettos	50
palmier	50
palmiest	50
palming	35
palmist	50
palmistry	50
palmists	50
palms	35
palmtop	60
palmtops	60
palmy	50
palomino	35
palominos	35
palpable	35
palpably	35
palpate	50
palpated	50
palpates	50
palpating	50
palpation	50
palpitate	50
palpitated	50
palpitates	50
palpitating	50
palpitation	50
palpitations	50
pals	35
palsied	50
palsies	50
palsy	50
palsying	50
paltrier	35
paltriest	35
paltriness	50
paltry	35
pampas	50
pamper	35
pampered	35
pampering	35
pampers	35
pamphlet	35
pamphleteer	50
pamphleteers	50
pamphlets	35
pan	35
panacea	35
panaceas	35
panache	40
panama	60
panamas	60
panatella	60
panatellas	60
pancake	35
pancaked	35
pancakes	35
pancaking	35
pancetta	60
panchromatic	50
pancreas	35
pancreases	35
pancreatic	35
pancreatitis	60
panda	35
pandas	35
pandemic	50
pandemics	50
pandemonium	35
pander	35
pandered	35
panderer	50
panderers	50
pandering	35
panders	35
pane	35
panegyric	50
panegyrics	50
panel	35
paneled	35
paneling	35
panelings	35
panelist	40
panelists	40
panels	35
panes	35
pang	35
pangolin	60
pangolins	60
pangs	35
panhandle	35
panhandled	35
panhandler	35
panhandlers	35
panhandles	35
panhandling	35
panic	35
panicked	35
panicking	35
panicky	35
panics	35
panini	60
panko	60
panned	35
pannier	50
panniers	50
panning	35
panoplies	50
panoply	50
panorama	35
panoramas	35
panoramic	35
panpipes	60
pans	35
pansexual	60
pansexuals	60
pansies	35
pansy	35
pant	35
pantaloons	50
pantechnicon	60
pantechnicons	60
panted	35
pantheism	40
pantheist	50
pantheistic	50
pantheists	50
pantheon	50
pantheons	50
panther	35
panthers	35
pantie	60
panties	35
panting	35
panto	60
pantomime	35
pantomimed	35
pantomimes	35
pantomimic	60
pantomiming	35
pantomimist	60
pantomimists	60
pantos	60
pantries	35
pantry	35
pants	35
pantsuit	50
pantsuits	50
pantyhose	40
pantyliner	60
pantyliners	60
pantywaist	60
pantywaists	60
pap	35
papa	35
papacies	35
papacy	35
papal	35
paparazzi	60
paparazzo	60
papas	35
papaya	35
papayas	35
paper	35
paperback	35
paperbacks	35
paperbark	60
paperbarks	60
paperboard	60
paperboy	40
paperboys	40
paperclip	40
paperclips	40
papered	35
paperer	60
paperers	60
papergirl	40
papergirls	40
paperhanger	50
paperhangers	50
paperhanging	60
papering	35
paperless	60
papers	35
paperweight	35
paperweights	35
paperwork	35
papery	50
papilla	50
papillae	50
papillary	60
papist	60
papists	60
papoose	50
papooses	50
pappies	60
pappy	60
paprika	35
paps	50
papyri	35
papyrus	35
par	35
para	60
parable	35
parables	35
parabola	50
parabolas	50
parabolic	50
paracetamol	60
paracetamols	60
parachute	35
parachuted	35
parachutes	35
parachuting	35
parachutist	50
parachutists	50
parade	35
paraded	35
parader	60
paraders	60
parades	35
paradigm	35
paradigmatic	50
paradigms	40
parading	35
paradisaical	60
paradise	35
paradises	35
paradox	35
paradoxes	35
paradoxical	35
paradoxically	35
paraffin	35
paragliding	50
paragon	35
paragons	35
paragraph	35
paragraphed	35
paragraphing	35
paragraphs	35
parakeet	35
parakeets	35
paralegal	40
paralegals	40
parallax	50
parallaxes	50
parallel	35
paralleled	35
paralleling	35
parallelism	50
parallelisms	50
parallelization	60
parallelized	60
parallelogram	50
parallelograms	50
parallels	35
paralyses	35
paralysis	35
paralytic	35
paralytics	35
paralyze	35
paralyzed	35
paralyzes	35
paralyzing	35
paralyzingly	60
paramagnetic	60
paramecia	50
paramecium	50
paramedic	40
paramedical	50
paramedicals	50
paramedics	40
parameter	35
parameterize	60
parameterized	60
parameterizes	60
parameterizing	60
parameters	35
parametric	60
paramilitaries	40
paramilitary	40
paramount	35
paramountcy	60
paramour	50
paramours	50
paranoia	35
paranoiac	60
paranoiacs	60
paranoid	35
paranoids	35
paranormal	50
parapet	50
parapets	50
paraphernalia	35
paraphrase	35
paraphrased	35
paraphrases	35
paraphrasing	35
paraplegia	50
paraplegic	35
paraplegics	35
paraprofessional	50
paraprofessionals	50
parapsychologist	60
parapsychologists	60
parapsychology	50
paraquat	60
paras	60
parasailing	50
parascending	60
parasite	35
parasites	35
parasitic	35
parasitical	60
parasitically	60
parasitism	60
parasol	35
parasols	35
parasympathetic	60
parathion	60
parathyroid	60
parathyroids	60
paratroop	60
paratrooper	35
paratroopers	35
paratroops	50
paratyphoid	60
parboil	50
parboiled	50
parboiling	50
parboils	50
parcel	35
parceled	35
parceling	35
parcels	35
parch	35
parched	35
parches	35
parching	35
parchment	35
parchments	35
pardner	60
pardners	60
pardon	35
pardonable	35
pardonably	60
pardoned	35
pardoner	60
pardoners	60
pardoning	35
pardons	35
pare	35
pared	35
paregoric	60
parent	35
parentage	35
parental	35
parented	35
parentheses	35
parenthesis	35
parenthesize	60
parenthesized	50
parenthesizes	60
parenthesizing	60
parenthetic	50
parenthetical	35
parenthetically	50
parenthood	35
parenting	35
parents	35
parer	60
parers	60
pares	35
paresis	60
parfait	50
parfaits	50
pariah	50
pariahs	50
paribus	60
parietal	60
parimutuel	60
parimutuels	60
paring	35
parings	50
parish	35
parishes	35
parishioner	35
parishioners	35
parities	35
parity	35
park	35
parka	35
parkas	35
parked	35
parking	35
parkland	60
parklet	60
parklets	60
parkour	50
parks	35
parkway	35
parkways	35
parky	60
parlance	50
parlay	50
parlayed	50
parlaying	50
parlays	50
parley	50
parleyed	50
parleying	50
parleys	50
parliament	35
parliamentarian	50
parliamentarians	50
parliamentary	35
parliaments	35
parlor	35
parlors	35
parlous	60
parmigiana	60
parochial	35
parochialism	50
parochially	60
parodied	35
parodies	35
parodist	60
parodists	60
parody	35
parodying	35
parole	35
paroled	35
parolee	50
parolees	50
paroles	35
paroling	35
parotid	60
paroxysm	50
paroxysmal	60
paroxysms	50
parquet	40
parqueted	40
parqueting	40
parquetry	50
parquets	40
parred	35
parricidal	60
parricide	50
parricides	50
parried	50
parries	50
parring	35
parrot	35
parroted	35
parroting	35
parrots	35
parry	50
parrying	50
pars	35
parse	35
parsec	50
parsecs	35
parsed	35
parser	35
parses	35
parsimonious	50
parsimoniously	60
parsimony	50
parsing	35
parsley	35
parsnip	35
parsnips	35
parson	35
parsonage	35
parsonages	35
parsons	35
part	35
partake	35
partaken	35
partaker	50
partakers	50
partakes	35
partaking	35
parted	35
parterre	50
parterres	50
parthenogenesis	50
partial	35
partiality	35
partially	35
partials	35
participant	35
participants	35
participate	35
participated	35
participates	35
participating	35
participation	35
participator	50
participators	50
participatory	50
participial	50
participle	35
participles	35
particle	35
particleboard	60
particles	35
particular	35
particularities	50
particularity	50
particularization	50
particularize	50
particularized	50
particularizes	50
particularizing	50
particularly	35
particulars	35
particulate	50
particulates	50
partied	35
parties	35
parting	35
partings	35
partisan	35
partisans	35
partisanship	50
partition	35
partitioned	35
partitioning	35
partitions	35
partitive	60
partitives	60
partly	35
partner	35
partnered	35
partnering	35
partners	35
partnership	35
partnerships	35
partook	35
partridge	35
partridges	35
parts	35
parturition	50
partway	40
party	35
partygoer	60
partygoers	60
partying	35
parvenu	50
parvenus	50
pas	35
pascal	60
pascals	60
paschal	50
pasha	50
pashas	50
pashmina	60
pashminas	60
pass	35
passable	35
passably	50
passage	35
passages	35
passageway	35
passageways	35
passbook	35
passbooks	35
passe	35
passed	35
passel	50
passels	50
passenger	35
passengers	35
passer	60
passerby	40
passers	60
passersby	40
passes	35
passim	60
passing	35
passingly	60
passion	35
passionate	35
passionately	35
passionflower	60
passionflowers	60
passionless	50
passions	35
passive	35
passively	35
passiveness	60
passives	35
passivity	50
passivization	60
passivize	60
passivized	60
passivizes	60
passivizing	60
passkey	50
passkeys	50
passphrase	60
passphrases	60
passport	35
passports	35
password	35
passwords	35
past	35
pasta	35
pastas	35
paste	35
pasteboard	50
pasted	35
pastel	35
pastels	35
pastern	50
pasterns	50
pastes	35
pasteurization	35
pasteurize	35
pasteurized	35
pasteurizer	60
pasteurizers	60
pasteurizes	35
pasteurizing	35
pastiche	35
pastiches	50
pastier	35
pasties	35
pastiest	35
pastille	60
pastilles	60
pastime	35
pastimes	35
pastiness	60
pasting	35
pastor	35
pastoral	35
pastorals	35
pastorate	50
pastorates	50
pastors	35
pastrami	50
pastries	35
pastry	35
pasts	35
pasturage	50
pasture	35
pastured	35
pastureland	60
pastures	35
pasturing	35
pasty	35
pat	35
patch	35
patched	35
patches	35
patchier	40
patchiest	40
patchily	60
patchiness	50
patching	35
patchouli	60
patchwork	35
patchworks	35
patchy	35
pate	35
patella	50
patellas	50
patent	35
patented	35
patenting	35
patently	35
patents	35
paterfamilias	60
paterfamiliases	60
paternal	35
paternalism	35
paternalist	60
paternalistic	40
paternalists	60
paternally	50
paternity	35
paternoster	60
paternosters	60
pates	35
path	35
pathbreaking	60
pathetic	35
pathetically	35
pathfinder	60
pathfinders	60
pathless	60
pathogen	50
pathogenic	50
pathogens	50
pathological	35
pathologically	40
pathologies	35
pathologist	35
pathologists	35
pathology	35
pathos	35
paths	35
pathway	35
pathways	35
patience	35
patient	35
patienter	35
patientest	35
patiently	35
patients	35
patina	50
patinas	50
patine	50
patio	35
patios	35
patisserie	60
patisseries	60
patois	50
patresfamilias	60
patriarch	35
patriarchal	35
patriarchate	60
patriarchates	60
patriarchies	40
patriarchs	35
patriarchy	40
patrician	50
patricians	50
patricidal	60
patricide	40
patricides	40
patrimonial	50
patrimonies	35
patrimony	35
patriot	35
patriotic	35
patriotically	40
patriotism	35
patriots	35
patrol	35
patrolled	35
patrolling	35
patrolman	40
patrolmen	40
patrols	35
patrolwoman	40
patrolwomen	40
patron	35
patronage	35
patronages	35
patroness	60
patronesses	60
patronize	35
patronized	35
patronizer	60
patronizers	60
patronizes	35
patronizing	35
patronizingly	40
patrons	35
patronymic	50
patronymically	60
patronymics	50
patroon	60
patroons	60
pats	35
patsies	50
patsy	50
patted	35
patter	35
pattered	35
pattering	35
pattern	35
patterned	35
patterning	35
patterns	35
patters	35
patties	35
patting	35
patty	35
paucity	35
paunch	35
paunches	35
paunchier	35
paunchiest	35
paunchy	35
pauper	35
pauperism	50
pauperize	50
pauperized	50
pauperizes	50
pauperizing	50
paupers	35
pause	35
paused	35
pauses	35
pausing	35
pave	35
paved	35
pavement	35
pavements	35
paver	60
pavers	60
paves	35
pavilion	35
pavilions	35
paving	35
pavings	50
pavlova	60
pavlovas	60
paw	35
pawed	35
pawing	35
pawl	50
pawls	50
pawn	35
pawnbroker	35
pawnbrokers	35
pawnbroking	60
pawned	35
pawning	35
pawns	35
pawnshop	50
pawnshops	50
pawpaw	50
pawpaws	50
paws	35
pay	35
payable	35
payback	60
paybacks	60
paycheck	40
paychecks	40
payday	40
paydays	40
payed	35
payee	40
payees	40
payer	50
payers	35
paying	35
payload	35
payloads	40
paymaster	50
paymasters	50
payment	35
payments	35
payoff	35
payoffs	35
payola	60
payout	60
payouts	60
payphone	40
payphones	40
payroll	35
payrolls	35
pays	35
payslip	60
payslips	60
paywall	50
paywalls	50
pea	35
peace	35
peaceable	35
peaceably	40
peaceful	35
peacefully	35
peacefulness	40
peacekeeper	60
peacekeepers	60
peacekeeping	40
peacemaker	35
peacemakers	35
peacemaking	60
peaces	35
peacetime	40
peach	35
peaches	35
peachier	60
peachiest	60
peachy	60
peacoat	60
peacock	35
peacocks	35
peafowl	50
peafowls	50
peahen	50
peahens	50
peak	35
peaked	35
peaking	35
peaks	35
peaky	60
peal	35
pealed	35
pealing	35
peals	35
peanut	35
peanuts	35
pear	35
pearl	35
pearled	35
pearlescent	60
pearlier	50
pearliest	50
pearling	35
pearls	35
pearly	50
pears	35
peas	35
peasant	35
peasantry	50
peasants	35
peashooter	60
peashooters	60
peat	35
peatier	60
peatiest	60
peaty	60
pebble	35
pebbled	35
pebbles	35
pebbling	35
pebbly	50
pecan	35
pecans	35
peccadillo	50
peccadilloes	50
peccaries	50
peccary	50
peck	35
pecked	35
pecker	60
peckers	60
pecking	35
peckish	60
pecks	35
pecs	50
pectic	60
pectin	50
pectoral	50
pectoralis	60
pectorals	50
peculate	60
peculated	60
peculates	60
peculating	60
peculation	60
peculator	60
peculators	60
peculiar	35
peculiarities	35
peculiarity	35
peculiarly	35
pecuniary	50
pedagogic	50
pedagogical	40
pedagogically	60
pedagogue	50
pedagogues	50
pedagogy	35
pedal	35
pedaled	35
pedaling	35
pedalo	60
pedalos	60
pedals	35
pedant	35
pedantic	35
pedantically	40
pedantry	35
pedants	35
peddle	35
peddled	35
peddler	35
peddlers	35
peddles	35
peddling	35
pederast	50
pederasts	50
pederasty	50
pedestal	35
pedestals	35
pedestrian	35
pedestrianization	60
pedestrianize	60
pedestrianized	50
pedestrianizes	60
pedestrianizing	60
pedestrians	35
pediatric	50
pediatrician	35
pediatricians	35
pediatrics	35
pedicab	60
pedicabs	60
pedicure	50
pedicured	50
pedicures	50
pedicuring	50
pedicurist	60
pedicurists	60
pedigree	35
pedigreed	40
pedigrees	35
pediment	50
pediments	50
pedometer	50
pedometers	50
pedophile	60
pedophiles	60
pedophilia	60
peduncle	60
peduncles	60
pee	40
peed	40
peeing	40
peek	35
peekaboo	40
peeked	35
peeking	35
peeks	35
peel	35
peeled	35
peeler	60
peelers	60
peeling	35
peelings	50
peels	35
peen	60
peens	60
peep	35
peepbo	60
peeped	35
peeper	50
peepers	50
peephole	40
peepholes	40
peeping	35
peeps	35
peepshow	60
peepshows	60
peer	35
peerage	50
peerages	50
peered	35
peeress	60
peeresses	60
peering	35
peerless	35
peers	35
pees	40
peeve	35
peeved	35
peeves	35
peeving	35
peevish	35
peevishly	50
peevishness	50
peewee	50
peewees	50
peewit	60
peewits	60
peg	35
pegboard	60
pegboards	60
pegged	35
pegging	35
pegs	35
peignoir	60
peignoirs	60
pejoration	60
pejorative	40
pejoratively	60
pejoratives	40
peke	60
pekes	60
pekineses	60
pekingese	60
pekingeses	60
pekoe	50
pelagic	50
pelf	60
pelican	35
pelicans	35
pellagra	50
pellet	35
pelleted	35
pelleting	35
pellets	35
pellucid	50
pelmet	60
pelmets	60
peloton	60
pelt	35
pelted	35
pelting	35
pelts	35
pelvic	35
pelvis	35
pelvises	35
pemmican	60
pen	35
penal	35
penalization	60
penalize	35
penalized	35
penalizes	35
penalizing	35
penalties	35
penalty	35
penance	35
penances	35
pence	35
penchant	35
penchants	40
pencil	35
penciled	35
penciling	35
pencils	35
pend	60
pendant	35
pendants	35
pended	60
pendent	50
pendents	50
pending	35
pends	60
pendulous	50
pendulum	35
pendulums	35
penetrability	60
penetrable	50
penetrate	35
penetrated	35
penetrates	35
penetrating	35
penetratingly	60
penetration	35
penetrations	35
penetrative	50
penfriend	60
penfriends	60
penguin	35
penguins	35
penicillin	35
penile	50
peninsula	35
peninsular	50
peninsulas	35
penis	35
penises	35
penitence	35
penitent	35
penitential	50
penitentiaries	35
penitentiary	35
penitently	50
penitents	35
penknife	35
penknives	35
penlight	50
penlights	50
penman	60
penmanship	35
penmen	60
pennant	35
pennants	35
penne	60
penned	35
pennies	35
penniless	35
penning	35
pennon	50
pennons	50
penny	35
pennyweight	50
pennyweights	50
pennyworth	60
penologist	50
penologists	50
penology	50
pens	35
pension	35
pensionable	60
pensioned	35
pensioner	50
pensioners	35
pensioning	35
pensions	35
pensive	35
pensively	35
pensiveness	50
pent	50
pentacle	60
pentacles	60
pentagon	35
pentagonal	35
pentagons	35
pentagram	60
pentagrams	60
pentameter	50
pentameters	50
pentathlete	60
pentathletes	60
pentathlon	50
pentathlons	50
penthouse	35
penthouses	35
penuche	60
penultimate	35
penultimates	50
penumbra	60
penumbrae	60
penurious	50
penuriously	60
penuriousness	60
penury	50
peon	35
peonage	50
peonies	35
peons	35
peony	35
people	35
peopled	35
peoples	35
peopling	35
pep	35
pepped	35
pepper	35
peppercorn	50
peppercorns	50
peppered	35
peppering	35
peppermint	35
peppermints	35
pepperoni	40
pepperonis	40
peppers	35
peppery	50
peppier	40
peppiest	40
peppiness	60
pepping	35
peppy	40
peps	35
pepsin	50
peptic	50
peptics	50
peptide	60
peptides	60
per	35
peradventure	60
perambulate	50
perambulated	50
perambulates	50
perambulating	50
perambulation	60
perambulations	60
perambulator	50
perambulators	50
percale	50
percales	50
perceivable	50
perceive	35
perceived	35
perceives	35
perceiving	35
percent	35
percentage	35
percentages	35
percentile	40
percentiles	40
perceptible	35
perceptibly	40
perception	35
perceptional	60
perceptions	35
perceptive	35
perceptively	40
perceptiveness	50
perceptual	50
perceptually	60
perch	35
perchance	35
perched	35
perches	35
perching	35
percipience	60
percipient	60
percolate	35
percolated	35
percolates	35
percolating	35
percolation	35
percolator	35
percolators	35
percussion	35
percussionist	50
percussionists	50
percussive	60
perdition	50
perdurable	60
peregrinate	60
peregrinated	60
peregrinates	60
peregrinating	60
peregrination	50
peregrinations	50
peregrine	60
peregrines	60
peremptorily	50
peremptory	35
perennial	35
perennially	50
perennials	35
perestroika	60
perfect	35
perfecta	60
perfectas	60
perfected	35
perfecter	35
perfectest	35
perfectibility	60
perfectible	50
perfecting	35
perfection	35
perfectionism	50
perfectionist	35
perfectionists	35
perfections	35
perfectly	35
perfectness	60
perfects	35
perfidies	50
perfidious	50
perfidiously	60
perfidy	50
perforate	35
perforated	35
perforates	35
perforating	35
perforation	50
perforations	35
perforce	50
perform	35
performance	35
performances	35
performative	60
performed	35
performer	35
performers	35
performing	35
performs	35
perfume	35
perfumed	35
perfumer	60
perfumeries	50
perfumers	60
perfumery	50
perfumes	35
perfuming	35
perfunctorily	35
perfunctory	35
perfusion	60
pergola	60
pergolas	60
perhaps	35
pericardia	50
pericardial	60
pericarditis	60
pericardium	50
perigee	50
perigees	50
perihelia	50
perihelion	50
peril	35
periled	35
periling	35
perilous	35
perilously	35
perils	35
perimeter	35
perimeters	35
perinatal	60
perinea	60
perineum	60
period	35
periodic	35
periodical	35
periodically	35
periodicals	35
periodicity	50
periodontal	50
periodontics	60
periodontist	60
periodontists	60
periods	35
peripatetic	50
peripatetics	50
peripheral	35
peripherally	60
peripherals	35
peripheries	35
periphery	35
periphrases	50
periphrasis	50
periphrastic	60
periscope	35
periscopes	35
perish	35
perishable	35
perishables	35
perished	35
perisher	60
perishers	60
perishes	35
perishing	35
peristalsis	60
peristaltic	60
peristyle	60
peristyles	60
peritoneal	60
peritoneum	50
peritoneums	50
peritonitis	50
periwig	50
periwigs	50
periwinkle	50
periwinkles	50
perjure	35
perjured	35
perjurer	50
perjurers	50
perjures	35
perjuries	35
perjuring	35
perjury	35
perk	35
perked	35
perkier	35
perkiest	35
perkily	60
perkiness	50
perking	35
perks	35
perky	35
perm	40
permafrost	50
permanence	35
permanency	60
permanent	35
permanently	35
permanents	35
permeability	50
permeable	50
permeate	35
permeated	35
permeates	35
permeating	35
permeation	60
permed	40
perming	40
permissible	35
permissibly	50
permission	35
permissions	35
permissive	35
permissively	50
permissiveness	50
permit	35
permits	35
permitted	35
permitting	35
permittivity	60
perms	40
permutation	35
permutations	35
permute	60
permuted	50
permutes	60
permuting	60
pernicious	35
perniciously	50
perniciousness	60
peroration	50
perorations	50
peroxide	35
peroxided	35
peroxides	35
peroxiding	35
perp	60
perpendicular	35
perpendicularity	60
perpendicularly	60
perpendiculars	35
perpetrate	35
perpetrated	35
perpetrates	35
perpetrating	35
perpetration	50
perpetrator	35
perpetrators	35
perpetual	35
perpetually	35
perpetuals	35
perpetuate	35
perpetuated	35
perpetuates	35
perpetuating	35
perpetuation	50
perpetuity	50
perplex	35
perplexed	35
perplexedly	60
perplexes	35
perplexing	35
perplexingly	60
perplexities	35
perplexity	35
perps	60
perquisite	40
perquisites	40
persecute	35
persecuted	35
persecutes	35
persecuting	35
persecution	35
persecutions	35
persecutor	35
persecutors	35
perseverance	35
persevere	35
persevered	35
perseveres	35
persevering	35
persiflage	50
persimmon	50
persimmons	50
persist	35
persisted	35
persistence	35
persistent	35
persistently	35
persisting	35
persists	35
persnickety	50
person	35
persona	35
personable	35
personae	40
personage	50
personages	50
personal	35
personalities	35
personality	35
personalization	60
personalizations	60
personalize	35
personalized	35
personalizes	35
personalizing	35
personally	35
personals	35
personalty	60
personas	40
personhood	60
personification	35
personifications	35
personified	35
personifies	35
personify	35
personifying	35
personnel	35
persons	60
perspective	35
perspectives	35
perspex	60
perspicacious	50
perspicaciously	60
perspicacity	50
perspicuity	50
perspicuous	50
perspiration	35
perspire	35
perspired	35
perspires	35
perspiring	35
persuadable	60
persuade	35
persuaded	35
persuader	60
persuaders	60
persuades	35
persuading	35
persuasion	35
persuasions	35
persuasive	35
persuasively	35
persuasiveness	40
pert	35
pertain	35
pertained	35
pertaining	35
pertains	35
perter	35
pertest	35
pertinacious	50
pertinaciously	60
pertinacity	50
pertinence	50
pertinent	35
pertinently	60
pertly	50
pertness	50
perturb	35
perturbation	50
perturbations	50
perturbed	35
perturbing	35
perturbs	35
pertussis	60
peruke	60
perukes	60
perusal	35
perusals	35
peruse	35
perused	35
peruses	35
perusing	35
perv	60
pervade	35
pervaded	35
pervades	35
pervading	35
pervasive	35
pervasively	60
pervasiveness	60
perverse	35
perversely	40
perverseness	50
perversion	35
perversions	35
perversity	40
pervert	35
perverted	35
perverting	35
perverts	35
pervs	60
peseta	50
pesetas	50
peskier	35
peskiest	35
peskily	60
peskiness	60
pesky	35
peso	50
pesos	50
pessaries	60
pessary	60
pessimism	35
pessimist	35
pessimistic	35
pessimistically	40
pessimists	35
pest	35
pester	35
pestered	35
pestering	35
pesters	35
pesticide	35
pesticides	35
pestiferous	60
pestilence	35
pestilences	35
pestilent	50
pestilential	60
pestle	50
pestled	50
pestles	50
pestling	50
pesto	60
pests	35
pet	35
petabyte	60
petabytes	60
petajoule	60
petajoules	60
petal	35
petaled	60
petals	35
petard	50
petards	50
petawatt	60
petawatts	60
petcock	60
petcocks	60
peter	35
petered	35
petering	35
peters	35
petiole	50
petioles	50
petite	35
petites	35
petition	35
petitionary	60
petitioned	35
petitioner	50
petitioners	50
petitioning	35
petitions	35
petrel	50
petrels	50
petrification	50
petrified	35
petrifies	35
petrify	35
petrifying	35
petrochemical	50
petrochemicals	50
petrodollar	60
petrodollars	60
petrol	35
petrolatum	50
petroleum	35
petrologist	60
petrologists	60
petrology	60
pets	35
petted	35
petticoat	35
petticoats	35
pettier	35
pettiest	35
pettifog	50
pettifogged	50
pettifogger	50
pettifoggers	50
pettifoggery	60
pettifogging	50
pettifogs	50
pettily	50
pettiness	35
petting	35
pettish	60
pettishly	60
petty	35
petulance	50
petulant	35
petulantly	50
petunia	35
petunias	35
pew	35
pewee	50
pewees	50
pewit	60
pewits	60
pews	35
pewter	35
pewters	35
peyote	50
pfennig	60
phaeton	60
phaetons	60
phagocyte	60
phagocytes	60
phalanger	60
phalangers	60
phalanges	50
phalanx	50
phalanxes	50
phalli	40
phallic	40
phallocentric	60
phallocentrism	60
phallus	40
phantasm	50
phantasmagoria	50
phantasmagorias	50
phantasmagorical	60
phantasmal	60
phantasms	50
phantom	35
phantoms	35
pharaoh	50
pharaohs	50
pharisaic	60
pharisee	60
pharisees	60
pharma	60
pharmaceutic	60
pharmaceutical	35
pharmaceuticals	35
pharmaceutics	60
pharmacies	35
pharmacist	35
pharmacists	35
pharmacologic	60
pharmacological	60
pharmacologist	40
pharmacologists	40
pharmacology	40
pharmacopoeia	50
pharmacopoeias	50
pharmacotherapy	60
pharmacy	35
pharyngeal	50
pharynges	50
pharyngitis	60
pharynx	50
phase	35
phased	35
phaseout	60
phaseouts	60
phaser	60
phasers	60
phases	35
phasing	35
phat	60
pheasant	35
pheasants	35
phenacetin	60
phenobarbital	50
phenol	60
phenols	60
phenom	60
phenomena	35
phenomenal	35
phenomenally	35
phenomenological	60
phenomenology	60
phenomenon	35
phenomenons	35
phenoms	60
phenotype	50
phenytoin	60
pheromone	50
pheromones	50
phew	60
phi	60
phial	50
phials	50
philander	50
philandered	50
philanderer	50
philanderers	50
philandering	50
philanders	50
philanthropic	35
philanthropically	50
philanthropies	35
philanthropist	35
philanthropists	35
philanthropy	35
philatelic	50
philatelist	50
philatelists	50
philately	50
philharmonic	50
philharmonics	50
philippic	50
philippics	50
philistine	40
philistines	40
philistinism	60
philodendron	50
philodendrons	50
philological	50
philologist	50
philologists	50
philology	50
philosopher	35
philosophers	35
philosophic	50
philosophical	35
philosophically	40
philosophies	35
philosophize	35
philosophized	35
philosophizer	60
philosophizers	60
philosophizes	35
philosophizing	35
philosophy	35
philter	50
philters	50
phis	60
phish	50
phished	50
phisher	50
phishers	50
phishing	50
phlebitis	50
phlegm	35
phlegmatic	35
phlegmatically	50
phloem	60
phlox	50
phobia	35
phobias	35
phobic	40
phobics	40
phoebe	50
phoebes	50
phoenix	35
phoenixes	40
phone	35
phonecard	60
phonecards	60
phoned	35
phoneme	50
phonemes	50
phonemic	50
phonemically	60
phones	35
phonetic	35
phonetically	40
phonetician	50
phoneticians	50
phonetics	35
phonic	50
phonically	50
phonics	35
phonied	35
phonier	35
phonies	35
phoniest	35
phoniness	50
phoning	35
phonograph	35
phonographic	60
phonographs	35
phonological	50
phonologically	60
phonologist	50
phonologists	50
phonology	50
phonon	60
phonons	60
phony	35
phonying	35
phooey	40
phosphate	40
phosphates	40
phosphodiesterase	60
phosphor	35
phosphorescence	35
phosphorescent	35
phosphorescently	60
phosphoric	50
phosphorous	60
phosphors	50
phosphorus	35
phosphorylation	60
photo	35
photocell	60
photocells	60
photocopied	35
photocopier	35
photocopiers	35
photocopies	35
photocopy	35
photocopying	35
photoed	35
photoelectric	50
photoelectrically	60
photoengrave	60
photoengraved	60
photoengraver	60
photoengravers	60
photoengraves	60
photoengraving	60
photoengravings	60
photofinishing	60
photogenic	35
photogenically	60
photograph	35
photographed	35
photographer	35
photographers	35
photographic	35
photographically	50
photographing	35
photographs	35
photography	35
photoing	35
photojournalism	50
photojournalist	50
photojournalists	50
photometer	60
photometers	60
photon	50
photons	35
photorealistic	60
photos	35
photosensitive	50
photostat	60
photostatic	60
photostats	60
photostatted	60
photostatting	60
photosynthesis	35
photosynthesize	60
photosynthesized	60
photosynthesizes	60
photosynthesizing	60
photosynthetic	60
phototropic	60
phototropism	60
phototypesetter	35
phototypesetting	50
photovoltaic	60
phrasal	50
phrase	35
phrasebook	60
phrasebooks	60
phrased	35
phraseology	35
phrases	35
phrasing	35
phrasings	40
phrenologist	60
phrenologists	60
phrenology	50
phyla	50
phylacteries	60
phylactery	60
phyllo	60
phylogeny	60
phylum	50
physic	50
physical	35
physicality	60
physically	35
physicals	35
physician	35
physicians	35
physicist	35
physicists	35
physicked	50
physicking	50
physics	35
physio	60
physiognomies	50
physiognomy	50
physiography	60
physiologic	60
physiological	35
physiologically	60
physiologist	50
physiologists	50
physiology	35
physios	60
physiotherapist	50
physiotherapists	50
physiotherapy	40
physique	35
physiques	35
phytoplankton	60
pi	35
pianissimo	50
pianissimos	50
pianist	35
pianists	35
piano	35
pianoforte	50
pianofortes	50
pianola	60
pianolas	60
pianos	35
piaster	60
piasters	60
piazza	50
piazzas	50
pibroch	60
pibrochs	60
pic	60
pica	50
picador	60
picadors	60
picante	50
picaresque	50
picayune	50
piccalilli	50
piccata	60
piccolo	35
piccolos	35
pick	35
pickax	35
pickaxed	35
pickaxes	35
pickaxing	35
picked	35
picker	40
pickerel	50
pickerels	50
pickers	40
picket	35
picketed	35
picketer	60
picketers	60
picketing	35
pickets	35
pickier	35
pickiest	35
pickiness	60
picking	35
pickings	50
pickle	35
pickled	35
pickles	35
pickling	35
pickpocket	35
pickpockets	35
picks	35
pickup	35
pickups	35
picky	35
picnic	35
picnicked	35
picnicker	50
picnickers	50
picnicking	35
picnics	35
picot	60
picots	60
pics	60
pictogram	60
pictograms	60
pictograph	50
pictographs	50
pictorial	35
pictorially	50
pictorials	35
picture	35
pictured	35
pictures	35
picturesque	35
picturesquely	60
picturesqueness	60
picturing	35
piddle	50
piddled	50
piddles	50
piddling	35
piddly	60
pidgin	40
pidgins	40
pie	35
piebald	50
piebalds	50
piece	35
pieced	35
piecemeal	35
pieces	35
piecework	35
pieceworker	60
pieceworkers	60
piecing	35
piecrust	60
piecrusts	60
pied	50
pieing	50
pier	35
pierce	35
pierced	35
pierces	35
piercing	35
piercingly	50
piercings	40
pierogi	60
pierogies	60
piers	35
pies	35
piety	35
piezoelectric	60
piffle	50
piffling	60
pig	35
pigeon	35
pigeonhole	35
pigeonholed	35
pigeonholes	35
pigeonholing	35
pigeons	35
pigged	35
piggeries	60
piggery	60
piggier	40
piggies	40
piggiest	40
pigging	35
piggish	35
piggishly	60
piggishness	50
piggy	40
piggyback	35
piggybacked	35
piggybacking	35
piggybacks	35
pigheaded	35
pigheadedly	60
pigheadedness	60
piglet	40
piglets	40
pigment	35
pigmentation	40
pigmented	60
pigments	35
pigpen	35
pigpens	35
pigs	35
pigskin	50
pigskins	50
pigsties	40
pigsty	40
pigswill	60
pigtail	35
pigtails	35
pike	35
piked	35
piker	50
pikers	50
pikes	35
pikestaff	60
pikestaffs	60
piking	35
pilaf	50
pilafs	50
pilaster	50
pilasters	50
pilchard	50
pilchards	50
pile	35
piled	35
piles	35
pileup	40
pileups	40
pilfer	35
pilferage	60
pilfered	35
pilferer	50
pilferers	50
pilfering	35
pilfers	35
pilgrim	35
pilgrimage	35
pilgrimages	35
pilgrims	35
piling	35
pilings	40
pill	35
pillage	35
pillaged	35
pillager	60
pillagers	60
pillages	35
pillaging	35
pillar	35
pillared	60
pillars	35
pillbox	50
pillboxes	50
pilled	35
pilling	35
pillion	50
pillions	50
pillock	60
pillocks	60
pilloried	50
pillories	50
pillory	50
pillorying	50
pillow	35
pillowcase	35
pillowcases	35
pillowed	35
pillowing	35
pillows	35
pillowslip	60
pillowslips	60
pills	35
pilot	35
piloted	35
pilothouse	50
pilothouses	50
piloting	35
pilots	35
pimento	50
pimentos	50
pimiento	50
pimientos	50
pimp	40
pimped	40
pimpernel	50
pimpernels	50
pimping	40
pimple	35
pimpled	60
pimples	35
pimplier	35
pimpliest	35
pimply	35
pimps	40
pin	35
pinafore	50
pinafores	50
pinata	60
pinatas	60
pinball	60
pincer	60
pincers	40
pinch	35
pinched	35
pinches	35
pinching	35
pincushion	35
pincushions	35
pine	35
pineapple	35
pineapples	35
pined	35
pines	35
pinewood	60
pinewoods	60
piney	60
pinfeather	50
pinfeathers	50
ping	40
pinged	40
pinging	40
pings	40
pinhead	50
pinheads	50
pinhole	50
pinholes	50
pinier	60
piniest	60
pining	35
pinion	35
pinioned	35
pinioning	35
pinions	35
pink	35
pinked	35
pinker	35
pinkest	35
pinkeye	50
pinkie	40
pinkies	40
pinking	35
pinkish	50
pinkness	60
pinko	60
pinkos	60
pinks	35
pinnacle	35
pinnacles	35
pinnate	50
pinned	35
pinnies	60
pinning	35
pinny	60
pinochle	50
pinon	60
pinons	60
pinpoint	35
pinpointed	35
pinpointing	35
pinpoints	35
pinprick	40
pinpricks	40
pins	35
pinsetter	60
pinsetters	60
pinstripe	40
pinstriped	50
pinstripes	40
pint	35
pinto	50
pintos	50
pints	35
pinup	40
pinups	40
pinwheel	50
pinwheeled	50
pinwheeling	50
pinwheels	50
pinyin	60
pioneer	35
pioneered	35
pioneering	35
pioneers	35
pious	35
piously	40
piousness	60
pip	50
pipe	35
piped	35
pipeline	35
pipelined	60
pipelines	35
pipelining	60
piper	50
pipers	50
pipes	35
pipette	60
pipettes	60
pipework	60
piping	35
pipit	50
pipits	50
pipped	50
pippin	50
pipping	50
pippins	50
pips	50
pipsqueak	40
pipsqueaks	40
piquancy	40
piquant	40
piquantly	60
pique	35
piqued	35
piques	35
piquing	35
piracy	35
piranha	35
piranhas	35
pirate	35
pirated	35
pirates	35
piratical	50
piratically	60
pirating	35
pirogi	60
piroshki	60
pirouette	35
pirouetted	35
pirouettes	35
pirouetting	35
pis	50
piscatorial	50
pismire	60
pismires	60
piss	40
pissed	40
pisser	60
pissers	60
pisses	40
pissing	40
pissoir	60
pissoirs	60
pistachio	35
pistachios	35
piste	60
pistes	60
pistil	50
pistillate	50
pistils	50
pistol	35
pistols	35
piston	35
pistons	35
pit	35
pita	50
pitapat	60
pitapats	60
pitas	50
pitch	35
pitchblende	50
pitched	35
pitcher	35
pitchers	35
pitches	35
pitchfork	35
pitchforked	35
pitchforking	35
pitchforks	35
pitching	35
pitchman	50
pitchmen	50
piteous	35
piteously	35
piteousness	60
pitfall	35
pitfalls	35
pith	50
pithead	60
pitheads	60
pithier	35
pithiest	35
pithily	50
pithiness	60
pithy	35
pitiable	50
pitiably	50
pitied	35
pities	35
pitiful	35
pitifully	35
pitiless	35
pitilessly	50
pitilessness	60
piton	50
pitons	50
pits	35
pitta	60
pittance	35
pittances	35
pittas	60
pitted	35
pitting	35
pituitaries	50
pituitary	50
pity	35
pitying	35
pityingly	60
pivot	35
pivotal	35
pivoted	35
pivoting	35
pivots	35
pix	60
pixel	40
pixelated	60
pixels	40
pixie	35
pixies	35
pizza	35
pizzas	35
pizzazz	40
pizzeria	50
pizzerias	50
pizzicati	50
pizzicato	50
placard	35
placarded	35
placarding	35
placards	35
placate	35
placated	35
placates	35
placating	35
placation	50
placatory	60
place	35
placebo	40
placebos	40
placed	35
placeholder	50
placeholders	60
placekick	60
placekicked	60
placekicker	60
placekickers	60
placekicking	60
placekicks	60
placement	35
placements	50
placenta	35
placental	50
placentas	35
placer	50
placers	50
places	35
placid	35
placidity	50
placidly	35
placing	35
placings	60
placket	50
plackets	50
plagiarism	35
plagiarisms	35
plagiarist	35
plagiarists	35
plagiarize	35
plagiarized	35
plagiarizer	60
plagiarizers	60
plagiarizes	35
plagiarizing	35
plagiary	60
plague	35
plagued	35
plagues	35
plaguing	35
plaice	35
plaid	35
plaids	35
plain	35
plainchant	60
plainclothes	40
plainclothesman	50
plainclothesmen	50
plainer	35
plainest	35
plainly	35
plainness	50
plains	35
plainsman	60
plainsmen	60
plainsong	60
plainspoken	60
plaint	50
plaintiff	35
plaintiffs	35
plaintive	35
plaintively	50
plaints	50
plait	50
plaited	50
plaiting	50
plaits	50
plan	35
planar	35
plane	35
planed	35
planeload	60
planer	60
planers	60
planes	35
planet	35
planetarium	35
planetariums	35
planetary	35
planets	35
planetwide	60
plangency	60
plangent	50
planing	35
plank	35
planked	35
planking	35
planks	35
plankton	35
planned	35
planner	40
planners	35
planning	35
plannings	40
plans	35
plant	35
plantain	35
plantains	35
plantar	60
plantation	35
plantations	35
planted	35
planter	35
planters	35
planting	35
plantings	40
plantlike	60
plants	35
plaque	35
plaques	35
plash	60
plashed	60
plashes	60
plashing	60
plasma	35
plasmas	35
plasmon	60
plaster	35
plasterboard	50
plastered	35
plasterer	50
plasterers	50
plastering	35
plasters	35
plastic	35
plasticity	50
plasticize	60
plasticized	60
plasticizes	60
plasticizing	60
plastics	35
plastique	50
plat	60
plate	35
plateau	35
plateaued	35
plateauing	35
plateaus	35
plated	35
plateful	40
platefuls	40
platelet	50
platelets	50
platen	50
platens	50
plates	35
platform	35
platformed	35
platforming	35
platforms	35
plating	35
platinum	35
platitude	35
platitudes	35
platitudinous	50
platonic	40
platoon	35
platooned	35
platooning	35
platoons	35
plats	60
platted	60
platter	35
platters	35
platting	60
platy	60
platypus	50
platypuses	50
platys	60
plaudit	50
plaudits	50
plausibility	35
plausible	35
plausibly	35
play	35
playa	60
playable	35
playact	60
playacted	60
playacting	50
playacts	60
playas	60
playback	35
playbacks	50
playbill	50
playbills	50
playbook	60
playbooks	60
playboy	40
playboys	40
playdate	60
playdates	60
played	35
player	35
players	35
playfellow	60
playfellows	60
playful	35
playfully	35
playfulness	35
playgirl	60
playgirls	60
playgoer	50
playgoers	50
playground	35
playgrounds	35
playgroup	60
playgroups	60
playhouse	35
playhouses	35
playing	35
playlist	50
playlists	50
playmaker	60
playmakers	60
playmate	35
playmates	35
playoff	40
playoffs	40
playpen	35
playpens	35
playroom	40
playrooms	40
plays	35
playschool	60
playschools	60
plaything	35
playthings	35
playtime	60
playwright	35
playwrights	35
playwriting	60
plaza	35
plazas	35
plea	35
plead	35
pleaded	35
pleader	50
pleaders	50
pleading	35
pleadingly	60
pleadings	60
pleads	35
pleas	35
pleasant	35
pleasanter	35
pleasantest	35
pleasantly	35
pleasantness	50
pleasantries	35
pleasantry	35
please	35
pleased	35
pleaser	60
pleasers	60
pleases	35
pleasing	35
pleasingly	50
pleasings	35
pleasurable	35
pleasurably	50
pleasure	35
pleasured	35
pleasureful	60
pleasures	35
pleasuring	35
pleat	35
pleated	35
pleating	35
pleats	35
pleb	60
plebby	60
plebe	60
plebeian	50
plebeians	50
plebes	60
plebiscite	50
plebiscites	50
plebs	60
plectra	50
plectrum	50
pledge	35
pledged	35
pledges	35
pledging	35
plenaries	40
plenary	40
plenipotentiaries	50
plenipotentiary	50
plenitude	50
plenitudes	50
plenteous	50
plentiful	35
plentifully	35
plenty	35
plenum	60
plenums	60
pleonasm	60
pleonasms	60
plethora	35
pleura	60
pleurae	60
pleurisy	50
plexiglass	60
plexus	50
plexuses	50
pliability	50
pliable	35
pliancy	50
pliant	35
pliantly	60
plied	35
pliers	35
plies	35
plight	35
plighted	35
plighting	35
plights	35
plimsoll	60
plimsolls	60
plinth	50
plinths	50
plod	35
plodded	35
plodder	50
plodders	50
plodding	35
ploddings	40
plods	35
plonk	60
plonked	60
plonker	60
plonkers	60
plonking	60
plonks	60
plop	35
plopped	35
plopping	35
plops	35
plosive	60
plosives	60
plot	35
plotline	60
plotlines	60
plots	35
plotted	35
plotter	35
plotters	35
plotting	35
plover	50
plovers	50
plow	35
plowed	35
plowing	35
plowman	50
plowmen	50
plows	35
plowshare	50
plowshares	50
ploy	35
ploys	35
pluck	35
plucked	35
pluckier	40
pluckiest	40
pluckily	60
pluckiness	50
plucking	35
plucks	35
plucky	35
plug	35
plugged	35
plugging	35
plughole	60
plugholes	60
plugin	50
plugins	50
plugs	35
plum	35
plumage	35
plumb	50
plumbed	50
plumber	35
plumbers	35
plumbing	35
plumbs	50
plume	35
plumed	35
plumes	35
plumier	60
plumiest	60
pluming	35
plummet	35
plummeted	35
plummeting	35
plummets	35
plummy	60
plump	35
plumped	35
plumper	35
plumpest	35
plumping	35
plumply	60
plumpness	50
plumps	35
plums	35
plumy	60
plunder	35
plundered	35
plunderer	50
plunderers	50
plundering	35
plunders	35
plunge	35
plunged	35
plunger	35
plungers	35
plunges	35
plunging	35
plunk	40
plunked	40
plunking	40
plunks	40
pluperfect	50
pluperfects	50
plural	35
pluralism	50
pluralist	60
pluralistic	50
pluralists	60
pluralities	40
plurality	35
pluralization	60
pluralize	50
pluralized	50
pluralizes	50
pluralizing	50
plurals	35
plus	35
pluses	35
plush	35
plusher	35
plushest	35
plushier	50
plushiest	50
plushly	60
plushness	60
plushy	50
plutocracies	40
plutocracy	40
plutocrat	50
plutocratic	50
plutocrats	50
plutonium	35
pluvial	60
ply	35
plying	35
plywood	35
pneumatic	35
pneumatically	50
pneumococcal	60
pneumococci	60
pneumococcus	60
pneumonia	35
poach	35
poached	35
poacher	35
poachers	35
poaches	35
poaching	35
poblano	60
poblanos	60
pock	50
pocked	60
pocket	35
pocketbook	35
pocketbooks	35
pocketed	35
pocketful	40
pocketfuls	40
pocketing	35
pocketknife	40
pocketknives	40
pockets	35
pockmark	35
pockmarked	35
pockmarking	35
pockmarks	35
pocks	50
pod	35
podcast	50
podcaster	60
podcasters	60
podcasting	50
podcasts	50
podded	35
podding	35
podiatrist	40
podiatrists	40
podiatry	40
podium	35
podiums	35
pods	35
poem	35
poems	35
poesy	50
poet	35
poetaster	60
poetasters	60
poetess	50
poetesses	50
poetic	35
poetical	35
poetically	40
poetics	60
poetry	35
poets	35
pogrom	40
pogroms	40
poi	50
poignancy	35
poignant	35
poignantly	40
poinciana	60
poincianas	60
poinsettia	35
poinsettias	35
point	35
pointed	35
pointedly	35
pointer	35
pointers	35
pointier	40
pointiest	40
pointillism	50
pointillist	50
pointillists	50
pointing	35
pointless	35
pointlessly	35
pointlessness	40
points	35
pointy	40
poise	35
poised	35
poises	35
poising	35
poison	35
poisoned	35
poisoner	50
poisoners	50
poisoning	35
poisonings	40
poisonous	35
poisonously	50
poisons	35
poke	35
poked	35
poker	35
pokers	35
pokes	35
pokey	50
pokeys	50
pokier	35
pokiest	35
poking	35
poky	35
pol	50
polar	35
polarities	40
polarity	35
polarization	35
polarize	35
polarized	35
polarizes	35
polarizing	35
pole	35
poleaxe	60
poleaxed	60
poleaxes	60
poleaxing	60
polecat	50
polecats	50
poled	35
polemic	35
polemical	40
polemically	60
polemicist	60
polemicists	60
polemics	35
polenta	60
polentas	60
poles	35
polestar	50
polestars	50
police	35
policed	35
policeman	35
policemen	35
polices	35
policewoman	35
policewomen	35
policies	35
policing	35
policy	35
policyholder	50
policyholders	50
policymaker	60
policymakers	60
policymaking	50
poling	35
polio	35
poliomyelitis	50
polios	35
polish	35
polished	35
polisher	50
polishers	50
polishes	35
polishing	35
politburo	60
politburos	60
polite	35
politely	35
politeness	35
politer	35
politesse	50
politest	35
politic	50
political	35
politically	35
politician	35
politicians	35
politicization	60
politicize	40
politicized	40
politicizes	40
politicizing	40
politicking	60
politico	50
politicos	50
politics	35
polities	50
polity	50
polka	35
polkaed	35
polkaing	35
polkas	35
poll	35
pollack	60
pollacks	60
pollard	60
pollards	60
polled	35
pollen	35
pollinate	35
pollinated	35
pollinates	35
pollinating	35
pollination	35
pollinator	60
pollinators	60
polling	35
polliwog	50
polliwogs	50
polls	35
pollster	35
pollsters	35
pollutant	35
pollutants	35
pollute	35
polluted	35
polluter	50
polluters	50
pollutes	35
polluting	35
pollution	35
polo	35
polonaise	50
polonaises	50
polonium	50
pols	50
poltergeist	50
poltergeists	50
poltroon	50
poltroons	50
poly	60
polyacrylamide	60
polyamories	50
polyamorous	60
polyamory	50
polyandrous	60
polyandry	60
polyclinic	60
polyclinics	60
polyester	40
polyesters	40
polyethylene	50
polygamist	40
polygamists	40
polygamous	35
polygamy	35
polyglot	50
polyglots	50
polygon	35
polygonal	50
polygons	35
polygraph	40
polygraphed	40
polygraphing	40
polygraphs	40
polyhedral	60
polyhedron	50
polyhedrons	50
polymath	50
polymaths	50
polymer	40
polymeric	50
polymerization	50
polymerize	60
polymerized	60
polymerizes	60
polymerizing	60
polymers	40
polymorph	60
polymorphic	50
polymorphous	60
polymorphs	60
polynomial	35
polynomials	35
polyp	35
polyphonic	50
polyphony	50
polypropylene	60
polyps	35
polys	60
polysemous	60
polystyrene	50
polysyllabic	50
polysyllable	50
polysyllables	50
polytechnic	35
polytechnics	40
polytheism	50
polytheist	50
polytheistic	50
polytheists	50
polythene	50
polyunsaturate	60
polyunsaturated	50
polyunsaturates	60
polyurethane	60
polyurethanes	60
polyvinyl	60
pom	60
pomade	50
pomaded	50
pomades	50
pomading	50
pomander	60
pomanders	60
pomegranate	35
pomegranates	35
pommel	50
pommeled	50
pommeling	50
pommels	50
pommies	60
pommy	60
pomp	35
pompadour	50
pompadours	50
pompano	60
pompanos	60
pompom	40
pompoms	40
pomposity	40
pompous	35
pompously	50
pompousness	50
poms	60
ponce	60
ponced	60
ponces	60
poncho	35
ponchos	35
poncing	60
poncy	60
pond	35
ponder	35
pondered	35
ponderer	60
ponderers	60
pondering	35
ponderous	35
ponderously	50
ponderousness	60
ponders	35
ponds	35
pone	50
pones	50
pong	60
ponged	60
pongee	60
ponging	60
pongs	60
poniard	50
poniards	50
ponied	60
ponies	35
pontiff	40
pontiffs	40
pontifical	40
pontifically	60
pontificate	50
pontificated	50
pontificates	50
pontificating	50
pontoon	35
pontoons	35
pony	35
ponying	60
ponytail	40
ponytailed	60
ponytails	40
poo	60
pooch	40
pooches	40
poodle	35
poodles	35
pooed	60
poof	60
poofs	60
poofter	60
poofters	60
pooh	50
poohed	50
poohing	50
poohs	50
pooing	60
pool	35
pooled	35
pooling	35
poolroom	60
poolrooms	60
pools	35
poolside	60
poolsides	60
poop	35
pooped	35
pooping	35
poops	35
poor	35
poorer	35
poorest	35
poorhouse	50
poorhouses	50
poorly	35
poorness	60
poos	60
pop	35
popcorn	35
pope	35
popes	50
popgun	50
popguns	50
popinjay	50
popinjays	50
poplar	35
poplars	35
poplin	50
popover	50
popovers	50
poppa	60
poppadom	60
poppadoms	60
poppas	60
popped	35
popper	60
poppers	60
poppet	60
poppets	60
poppies	35
popping	35
poppy	35
poppycock	50
pops	35
populace	35
populaces	35
popular	35
popularity	35
popularization	50
popularize	35
popularized	35
popularizes	35
popularizing	35
popularly	35
populate	35
populated	35
populates	35
populating	35
population	35
populations	35
populism	50
populist	50
populists	50
populous	35
populousness	60
popup	60
popups	60
porcelain	35
porcelains	35
porch	35
porches	35
porcine	50
porcupine	35
porcupines	35
pore	35
pored	35
pores	35
porgies	60
porgy	60
poring	35
pork	35
porker	60
porkers	60
porkier	60
porkies	60
porkiest	60
porky	60
porn	40
porno	50
pornographer	40
pornographers	40
pornographic	35
pornographically	60
pornography	35
porosity	50
porous	35
porousness	60
porphyritic	60
porphyry	50
porpoise	35
porpoised	35
porpoises	35
porpoising	35
porridge	35
porringer	50
porringers	50
port	35
portabella	60
portabellas	60
portability	35
portable	35
portables	35
portage	50
portaged	50
portages	50
portaging	50
portal	35
portals	35
portcullis	50
portcullises	50
ported	35
portend	35
portended	35
portending	35
portends	35
portent	35
portentous	50
portentously	50
portentousness	60
portents	35
porter	35
porterhouse	50
porterhouses	50
porters	35
portfolio	35
portfolios	35
porthole	35
portholes	35
portico	35
porticoes	35
portiere	60
portieres	60
porting	35
portion	35
portioned	35
portioning	35
portions	35
portlier	35
portliest	35
portliness	50
portly	35
portmanteau	50
portmanteaus	50
portobello	60
portobellos	60
portrait	35
portraitist	50
portraitists	50
portraits	35
portraiture	50
portray	35
portrayal	35
portrayals	35
portrayed	35
portraying	35
portrays	35
ports	35
portulaca	60
pose	35
posed	35
poser	50
posers	50
poses	35
poseur	50
poseurs	50
posh	40
posher	40
poshest	40
posies	35
posing	35
posit	50
posited	50
positing	50
position	35
positional	35
positioned	35
positioning	35
positions	35
positive	35
positively	35
positiveness	60
positives	35
positivism	35
positivist	60
positivists	60
positivities	60
positivity	60
positron	50
positrons	50
posits	50
poss	60
posse	40
posses	40
possess	35
possessed	35
possesses	35
possessing	35
possession	35
possessions	35
possessive	35
possessively	50
possessiveness	50
possessives	35
possessor	35
possessors	35
possibilities	35
possibility	35
possible	35
possibles	35
possibly	35
possum	35
possums	35
post	35
postage	35
postal	35
postbag	60
postbags	60
postbox	35
postboxes	60
postcard	35
postcards	35
postcode	35
postcodes	50
postcolonial	60
postconsonantal	60
postdate	40
postdated	40
postdates	40
postdating	40
postdoc	40
postdocs	40
postdoctoral	40
posted	35
poster	35
posterior	35
posteriors	35
posterity	35
posters	35
postgame	60
postgraduate	35
postgraduates	35
posthaste	50
posthumous	35
posthumously	35
posthypnotic	60
postie	60
posties	60
postilion	60
postilions	60
postindustrial	60
posting	35
postings	60
postlude	50
postludes	50
postman	35
postmark	35
postmarked	35
postmarking	35
postmarks	35
postmaster	35
postmasters	35
postmen	35
postmenopausal	60
postmeridian	60
postmistress	50
postmistresses	50
postmodern	50
postmodernism	60
postmodernist	60
postmodernists	60
postmortem	40
postmortems	40
postnasal	60
postnatal	50
postoperative	50
postpaid	50
postpartum	50
postpone	35
postponed	35
postponement	35
postponements	35
postpones	35
postponing	35
postprandial	60
postproduction	60
posts	35
postscript	35
postscripts	35
postseason	60
postseasons	60
postsecondary	60
postsynaptic	60
posttest	60
postulate	35
postulated	35
postulates	35
postulating	35
postulation	60
postulations	60
postural	60
posture	35
postured	35
postures	35
posturing	35
posturings	60
postwar	40
postwoman	60
postwomen	60
posy	35
pot	35
potability	60
potable	50
potables	50
potash	50
potassium	35
potato	35
potatoes	35
potbellied	40
potbellies	40
potbelly	40
potboiler	50
potboilers	50
potency	35
potent	35
potentate	50
potentates	50
potential	35
potentialities	50
potentiality	50
potentially	35
potentials	35
potentiate	60
potentiated	60
potentiates	60
potentiating	60
potently	60
potful	50
potfuls	50
pothead	60
potheads	60
pother	60
potherb	60
potherbs	60
pothered	60
pothering	60
pothers	60
potholder	50
potholders	50
pothole	35
potholed	35
potholer	60
potholers	60
potholes	35
potholing	35
pothook	50
pothooks	50
potion	35
potions	35
potluck	40
potlucks	40
potpie	50
potpies	50
potpourri	40
potpourris	40
pots	35
potsherd	50
potsherds	50
potshot	50
potshots	50
pottage	50
potted	35
potter	35
pottered	35
potteries	35
pottering	35
potters	35
pottery	35
pottier	40
potties	40
pottiest	40
pottiness	60
potting	35
potty	40
pouch	35
pouched	35
pouches	35
pouching	35
pouf	60
pouffe	60
pouffes	60
poufs	60
poulterer	60
poulterers	60
poultice	50
poulticed	50
poultices	50
poulticing	50
poultry	35
pounce	35
pounced	35
pounces	35
pouncing	35
pound	35
poundage	60
pounded	35
pounder	60
pounders	60
pounding	35
poundings	60
pounds	35
pour	35
poured	35
pouring	35
pours	35
pout	35
pouted	35
pouter	60
pouters	60
pouting	35
pouts	35
pouty	60
poverty	35
pow	60
powder	35
powdered	35
powdering	35
powders	35
powdery	35
power	35
powerboat	40
powerboats	40
powered	35
powerful	35
powerfully	35
powerhouse	35
powerhouses	35
powering	35
powerless	35
powerlessly	50
powerlessness	40
powers	35
powertrain	60
powwow	35
powwowed	35
powwowing	35
powwows	35
pox	50
poxes	50
practicability	50
practicable	35
practicably	50
practical	35
practicalities	35
practicality	35
practically	35
practicals	35
practice	35
practiced	35
practices	35
practicing	35
practicum	60
practicums	60
practitioner	35
practitioners	35
praetor	60
praetorian	60
praetors	60
pragmatic	35
pragmatical	60
pragmatically	50
pragmatics	35
pragmatism	35
pragmatist	40
pragmatists	40
prairie	35
prairies	35
praise	35
praised	35
praises	35
praiseworthiness	50
praiseworthy	35
praising	35
praline	50
pralines	50
pram	35
prams	60
prance	35
pranced	35
prancer	50
prancers	50
prances	35
prancing	35
prancingly	60
prang	60
pranged	60
pranging	60
prangs	60
prank	35
pranks	35
prankster	40
pranksters	40
praseodymium	60
prat	60
prate	50
prated	50
prater	60
praters	60
prates	50
pratfall	60
pratfalls	60
prating	50
prats	60
prattle	35
prattled	35
prattler	60
prattlers	60
prattles	35
prattling	35
prawn	35
prawned	35
prawning	35
prawns	35
praxis	60
pray	35
prayed	35
prayer	35
prayerful	60
prayerfully	60
prayers	35
praying	35
prays	35
preach	35
preached	35
preacher	35
preachers	35
preaches	35
preachier	50
preachiest	50
preaching	35
preachment	60
preachy	50
preadolescence	60
preadolescences	60
preadolescent	60
preamble	35
preambles	35
preapproved	60
prearrange	50
prearranged	50
prearrangement	50
prearranges	50
prearranging	50
preassembled	60
preassigned	60
prebiotic	60
precancel	60
precanceled	60
precanceling	60
precancels	60
precancerous	60
precarious	35
precariously	35
precariousness	60
precast	60
precaution	35
precautionary	35
precautions	35
precede	35
preceded	35
precedence	35
precedent	35
precedents	35
precedes	35
preceding	35
precept	40
preceptor	50
preceptors	50
precepts	40
precinct	35
precincts	35
preciosity	50
precious	35
preciously	50
preciousness	50
precipice	35
precipices	35
precipitant	50
precipitants	50
precipitate	35
precipitated	35
precipitately	50
precipitates	35
precipitating	35
precipitation	35
precipitations	35
precipitous	35
precipitously	50
precis	35
precise	35
precised	50
precisely	35
preciseness	50
preciser	35
precisest	35
precising	50
precision	35
preclude	35
precluded	35
precludes	35
precluding	35
preclusion	50
precocious	35
precociously	50
precociousness	50
precocity	50
precognition	50
precognitive	60
precolonial	60
preconceive	50
preconceived	35
preconceives	50
preconceiving	50
preconception	35
preconceptions	35
precondition	40
preconditioned	40
preconditioning	40
preconditions	40
precook	60
precooked	60
precooking	60
precooks	60
precursor	35
precursors	35
precursory	60
predate	40
predated	40
predates	40
predating	40
predation	60
predations	60
predator	35
predators	35
predatory	35
predawn	60
predecease	50
predeceased	50
predeceases	50
predeceasing	50
predecessor	35
predecessors	35
predefined	35
predesignate	60
predesignated	60
predesignates	60
predesignating	60
predestination	35
predestine	50
predestined	40
predestines	50
predestining	50
predetermination	50
predetermine	50
predetermined	40
predeterminer	60
predeterminers	60
predetermines	50
predetermining	50
predicable	60
predicament	35
predicaments	35
predicate	35
predicated	35
predicates	35
predicating	35
predication	50
predicative	50
predicatively	60
predict	35
predictability	50
predictable	35
predictably	35
predicted	35
predicting	35
prediction	35
predictions	35
predictive	50
predictor	35
predictors	60
predicts	35
predigest	60
predigested	60
predigesting	60
predigests	60
predilection	40
predilections	40
predispose	50
predisposed	40
predisposes	50
predisposing	50
predisposition	35
predispositions	35
prednisone	60
predominance	35
predominant	35
predominantly	35
predominate	35
predominated	35
predominately	60
predominates	35
predominating	35
preemie	60
preemies	60
preeminence	35
preeminent	35
preeminently	50
preempt	35
preempted	35
preempting	35
preemption	50
preemptive	40
preemptively	50
preempts	35
preen	35
preened	35
preening	35
preens	35
preexist	50
preexisted	50
preexistence	60
preexisting	40
preexists	50
prefab	35
prefabbed	35
prefabbing	35
prefabricate	50
prefabricated	40
prefabricates	50
prefabricating	50
prefabrication	50
prefabs	35
preface	35
prefaced	35
prefaces	35
prefacing	35
prefatory	50
prefect	35
prefects	50
prefecture	50
prefectures	50
prefer	35
preferable	35
preferably	35
preference	35
preferences	35
preferential	35
preferentially	50
preferment	50
preferred	35
preferring	35
prefers	35
prefigure	50
prefigured	50
prefigures	50
prefiguring	50
prefix	35
prefixed	35
prefixes	35
prefixing	35
preform	60
preformed	60
preforming	60
preforms	60
prefrontal	60
pregame	60
pregames	60
pregnancies	35
pregnancy	35
pregnant	35
preheat	50
preheated	50
preheating	50
preheats	50
prehensile	50
prehistorian	60
prehistorians	60
prehistoric	35
prehistorical	60
prehistorically	60
prehistory	40
prehuman	60
preindustrial	60
preinstalled	60
prejudge	40
prejudged	40
prejudges	40
prejudging	40
prejudgment	50
prejudgments	50
prejudice	35
prejudiced	35
prejudices	35
prejudicial	35
prejudicing	35
prekindergarten	60
prekindergartens	60
prelacy	60
prelate	50
prelates	50
prelim	60
preliminaries	35
preliminary	35
prelims	60
preliterate	60
preloaded	60
prelude	35
preludes	35
premade	60
premarital	40
premature	35
prematurely	35
premed	60
premedical	60
premeditate	50
premeditated	40
premeditates	50
premeditating	50
premeditation	35
premeds	60
premenstrual	50
premier	35
premiere	35
premiered	35
premieres	35
premiering	35
premiers	35
premiership	60
premierships	60
premise	35
premised	35
premises	35
premising	35
premium	35
premiums	35
premix	60
premixed	60
premixes	60
premixing	60
premolar	60
premolars	60
premonition	35
premonitions	35
premonitory	50
prenatal	35
prenatally	60
prenup	50
prenups	50
prenuptial	60
preoccupation	35
preoccupations	35
preoccupied	35
preoccupies	40
preoccupy	40
preoccupying	40
preoperative	60
preordain	50
preordained	50
preordaining	50
preordains	50
preowned	60
prep	40
prepackage	50
prepackaged	50
prepackages	50
prepackaging	50
prepacked	60
prepaid	35
preparation	35
preparations	35
preparatory	35
prepare	35
prepared	35
preparedness	40
prepares	35
preparing	35
prepay	50
prepaying	50
prepayment	50
prepayments	50
prepays	50
prepend	60
preplanned	60
preponderance	35
preponderances	35
preponderant	50
preponderantly	60
preponderate	50
preponderated	50
preponderates	50
preponderating	50
preposition	35
prepositional	35
prepositionally	60
prepositions	35
prepossess	50
prepossessed	50
prepossesses	50
prepossessing	50
prepossession	60
prepossessions	60
preposterous	35
preposterously	50
prepped	40
preppier	40
preppies	40
preppiest	40
prepping	40
preppy	40
preprogram	60
preprogrammed	60
preprogramming	60
preprograms	60
preps	40
prepubescence	60
prepubescent	60
prepubescents	60
prepuce	60
prepuces	60
prequel	50
prequels	50
prerecord	50
prerecorded	50
prerecording	50
prerecords	50
preregister	40
preregistered	40
preregistering	40
preregisters	40
preregistration	40
prerequisite	35
prerequisites	35
prerogative	35
prerogatives	35
presage	40
presaged	40
presages	40
presaging	40
presbyopia	60
presbyter	60
presbyteries	60
presbyters	60
presbytery	60
preschool	40
preschooler	40
preschoolers	40
preschools	40
prescience	50
prescient	50
presciently	60
prescribe	35
prescribed	35
prescribes	35
prescribing	35
prescript	60
prescription	35
prescriptions	35
prescriptive	40
prescriptively	60
prescripts	60
preseason	60
preseasons	60
presence	35
presences	35
present	35
presentable	35
presentably	60
presentation	35
presentations	35
presented	35
presenter	35
presenters	60
presentiment	50
presentiments	50
presenting	35
presently	35
presentment	60
presentments	60
presents	35
preservable	60
preservation	35
preservationist	60
preservationists	60
preservative	35
preservatives	35
preserve	35
preserved	35
preserver	50
preservers	50
preserves	35
preservice	60
preserving	35
preset	50
presets	50
presetting	50
preshrank	50
preshrink	60
preshrinking	60
preshrinks	60
preshrunk	50
preside	35
presided	35
presidencies	35
presidency	35
president	35
presidential	35
presidents	35
presides	35
presiding	35
presidium	60
presidiums	60
presort	60
presorted	60
presorting	60
presorts	60
press	35
pressed	35
presser	60
pressers	60
presses	35
pressie	60
pressies	60
pressing	35
pressingly	60
pressings	35
pressman	50
pressmen	50
pressroom	60
pressure	35
pressured	35
pressures	35
pressuring	35
pressurization	50
pressurize	50
pressurized	40
pressurizer	60
pressurizers	60
pressurizes	50
pressurizing	50
prestidigitation	60
prestige	35
prestigious	35
presto	35
prestos	50
presumable	50
presumably	35
presume	35
presumed	35
presumes	35
presuming	35
presumption	35
presumptions	35
presumptive	50
presumptuous	35
presumptuously	50
presumptuousness	50
presuppose	35
presupposed	35
presupposes	35
presupposing	35
presupposition	40
presuppositions	40
pretax	60
preteen	50
preteens	50
pretend	35
pretended	35
pretender	35
pretenders	35
pretending	35
pretends	35
pretense	35
pretenses	35
pretension	35
pretensions	35
pretentious	35
pretentiously	35
pretentiousness	35
preterit	50
preterits	50
preterm	60
preternatural	50
preternaturally	60
pretest	60
pretested	60
pretesting	60
pretests	60
pretext	35
pretexts	35
pretrial	60
prettied	35
prettier	35
pretties	35
prettiest	35
prettified	50
prettifies	50
prettify	50
prettifying	50
prettily	40
prettiness	50
pretty	35
prettying	35
pretzel	35
pretzels	35
prevail	35
prevailed	35
prevailing	35
prevails	35
prevalence	35
prevalent	35
prevaricate	50
prevaricated	50
prevaricates	50
prevaricating	50
prevarication	50
prevarications	50
prevaricator	50
prevaricators	50
prevent	35
preventable	35
preventative	50
preventatives	50
prevented	35
preventing	35
prevention	35
preventive	35
preventives	35
prevents	35
preview	35
previewed	35
previewer	35
previewers	35
previewing	35
previews	35
previous	35
previously	35
prevision	60
previsions	60
prewar	40
prewashed	60
prey	35
preyed	35
preying	35
preys	35
prezzie	60
prezzies	60
priapic	60
price	35
priced	35
priceless	35
prices	35
pricey	40
pricier	40
priciest	40
pricing	35
prick	35
pricked	35
pricker	60
prickers	60
pricking	35
prickle	35
prickled	35
prickles	35
pricklier	35
prickliest	35
prickliness	60
prickling	35
prickly	35
pricks	35
pride	35
prided	35
prideful	60
pridefully	60
prides	35
priding	35
pried	35
prier	60
priers	60
pries	35
priest	35
priestess	35
priestesses	35
priesthood	35
priesthoods	35
priestlier	50
priestliest	50
priestliness	60
priestly	50
priests	35
prig	50
priggish	50
priggishness	60
prigs	50
prim	35
primacy	40
primal	35
primaries	35
primarily	35
primary	35
primate	35
primates	35
prime	35
primed	35
primer	35
primers	35
primes	35
primeval	35
priming	35
primitive	35
primitively	50
primitiveness	60
primitives	35
primly	35
primmer	35
primmest	35
primness	50
primogenitor	60
primogenitors	60
primogeniture	50
primordial	40
primordially	60
primp	35
primped	35
primping	35
primps	35
primrose	35
primroses	35
primula	60
primulas	60
prince	35
princedom	60
princedoms	60
princelier	40
princeliest	40
princeliness	60
princely	40
princes	35
princess	35
princesses	35
principal	35
principalities	35
principality	35
principally	35
principals	35
principle	35
principled	40
principles	35
print	35
printable	35
printed	35
printer	35
printers	35
printing	35
printings	35
printmaker	60
printmakers	60
printmaking	60
printout	35
printouts	35
prints	35
prion	60
prions	60
prior	35
prioress	50
prioresses	50
priories	50
priorities	35
prioritization	60
prioritize	40
prioritized	40
prioritizes	40
prioritizing	40
priority	35
priors	35
priory	50
prism	35
prismatic	50
prisms	35
prison	35
prisoner	35
prisoners	35
prisons	35
prissier	40
prissiest	40
prissily	60
prissiness	50
prissy	40
pristine	40
prithee	50
privacy	35
private	35
privateer	50
privateers	50
privately	35
privater	35
privates	35
privatest	35
privation	35
privations	35
privatization	35
privatizations	40
privatize	35
privatized	35
privatizes	40
privatizing	35
privet	50
privets	50
privier	35
privies	35
priviest	35
privilege	35
privileged	35
privileges	35
privileging	35
privily	60
privy	35
prize	35
prized	35
prizefight	50
prizefighter	50
prizefighters	50
prizefighting	60
prizefights	50
prizes	35
prizewinner	60
prizewinners	60
prizewinning	60
prizing	35
pro	35
proactive	50
proactively	60
probabilistic	35
probabilities	35
probability	35
probable	35
probables	35
probably	35
probate	50
probated	50
probates	50
probating	50
probation	35
probational	60
probationary	50
probationer	50
probationers	50
probe	35
probed	35
probes	35
probing	35
probings	60
probity	50
problem	35
problematic	35
problematical	50
problematically	50
problems	35
probosces	60
proboscis	50
proboscises	50
procaine	60
procedural	35
procedure	35
procedures	35
proceed	35
proceeded	35
proceeding	35
proceedings	35
proceeds	35
process	35
processable	60
processed	35
processes	35
processing	35
procession	35
processional	35
processionals	35
processioned	35
processioning	35
processions	35
processor	35
processors	35
proclaim	35
proclaimed	35
proclaiming	35
proclaims	35
proclamation	35
proclamations	35
proclivities	50
proclivity	50
proconsul	60
proconsular	60
proconsuls	60
procrastinate	35
procrastinated	35
procrastinates	35
procrastinating	35
procrastination	35
procrastinator	50
procrastinators	50
procreate	40
procreated	40
procreates	40
procreating	40
procreation	50
procreative	50
proctor	50
proctored	50
proctoring	50
proctors	50
procurable	60
procurator	50
procurators	50
procure	35
procured	35
procurement	35
procurer	50
procurers	50
procures	35
procuring	35
prod	35
prodded	35
prodding	35
prodigal	35
prodigality	50
prodigally	60
prodigals	35
prodigies	35
prodigious	35
prodigiously	50
prodigy	35
prods	35
produce	35
produced	35
producer	35
producers	35
produces	35
producible	60
producing	35
product	35
production	35
productions	35
productive	35
productively	50
productiveness	50
productivity	35
products	35
prof	40
profanation	50
profanations	50
profane	35
profaned	35
profanely	50
profaneness	60
profanes	35
profaning	35
profanities	35
profanity	35
profess	35
professed	35
professedly	60
professes	35
professing	35
profession	35
professional	35
professionalism	40
professionalization	60
professionalize	60
professionalized	60
professionalizes	60
professionalizing	60
professionally	35
professionals	35
professions	35
professor	35
professorial	50
professorially	60
professors	35
professorship	50
professorships	50
proffer	35
proffered	35
proffering	35
proffers	35
proficiencies	35
proficiency	35
proficient	35
proficiently	35
proficients	35
profile	35
profiled	35
profiler	60
profilers	60
profiles	35
profiling	35
profit	35
profitability	40
profitable	35
profitably	40
profited	35
profiteer	35
profiteered	35
profiteering	35
profiteers	35
profiterole	60
profiteroles	60
profiting	35
profitless	60
profits	35
profligacy	50
profligate	50
profligately	60
profligates	50
proforma	50
profound	35
profounder	35
profoundest	35
profoundly	35
profoundness	60
profs	40
profundities	35
profundity	35
profuse	35
profusely	35
profuseness	60
profusion	35
profusions	35
progenitor	50
progenitors	50
progeny	35
progesterone	50
progestin	60
progestins	60
prognathous	60
prognoses	35
prognosis	35
prognostic	50
prognosticate	50
prognosticated	50
prognosticates	50
prognosticating	50
prognostication	50
prognostications	50
prognosticator	50
prognosticators	50
prognostics	50
program	35
programmable	35
programmables	50
programmatic	60
programmatically	60
programmed	35
programmer	35
programmers	35
programming	35
programs	35
progress	35
progressed	35
progresses	35
progressing	35
progression	35
progressions	35
progressive	35
progressively	35
progressiveness	60
progressives	35
prohibit	35
prohibited	35
prohibiting	35
prohibition	35
prohibitionist	50
prohibitionists	50
prohibitions	35
prohibitive	35
prohibitively	35
prohibitory	50
prohibits	35
project	35
projected	35
projectile	35
projectiles	35
projecting	35
projection	35
projectionist	50
projectionists	50
projections	35
projector	35
projectors	35
projects	35
prokaryote	60
prokaryotes	60
prokaryotic	60
prolapse	60
prolapsed	60
prolapses	60
prolapsing	60
prole	60
proles	60
proletarian	35
proletarians	35
proletariat	35
proliferate	35
proliferated	35
proliferates	35
proliferating	35
proliferation	35
prolific	35
prolifically	50
prolix	50
prolixity	50
prolixly	60
prologue	35
prologues	35
prolong	35
prolongation	50
prolongations	50
prolonged	35
prolonging	35
prolongs	35
prom	35
promenade	35
promenaded	35
promenades	35
promenading	35
promethium	60
prominence	35
prominent	35
prominently	35
promiscuity	35
promiscuous	35
promiscuously	50
promise	35
promised	35
promises	35
promising	35
promisingly	50
promissory	50
promo	40
promontories	35
promontory	35
promos	40
promote	35
promoted	35
promoter	40
promoters	40
promotes	35
promoting	35
promotion	35
promotional	40
promotions	35
prompt	35
prompted	35
prompter	35
prompters	50
promptest	35
prompting	35
promptings	40
promptitude	60
promptly	35
promptness	35
prompts	35
proms	35
promulgate	50
promulgated	50
promulgates	50
promulgating	50
promulgation	50
promulgator	60
promulgators	60
prone	35
proneness	50
prong	35
pronged	50
pronghorn	50
pronghorns	50
prongs	35
pronominal	60
pronominals	60
pronoun	35
pronounce	35
pronounceable	50
pronounced	35
pronouncement	35
pronouncements	35
pronounces	35
pronouncing	35
pronouns	35
pronto	40
pronuclear	60
pronunciation	35
pronunciations	35
proof	35
proofed	35
proofing	35
proofread	35
proofreader	50
proofreaders	50
proofreading	35
proofreads	35
proofs	35
prop	35
propaganda	35
propagandist	50
propagandists	50
propagandize	40
propagandized	40
propagandizes	40
propagandizing	40
propagate	35
propagated	35
propagates	35
propagating	35
propagation	35
propagator	60
propagators	60
propane	50
propel	35
propellant	50
propellants	50
propelled	35
propeller	35
propellers	35
propelling	35
propels	35
propensities	35
propensity	35
proper	35
properer	35
properest	35
properly	35
propertied	50
properties	35
property	35
prophecies	35
prophecy	35
prophesied	35
prophesier	60
prophesiers	60
prophesies	35
prophesy	35
prophesying	35
prophet	35
prophetess	50
prophetesses	50
prophetic	35
prophetical	60
prophetically	50
prophets	35
prophylactic	50
prophylactics	50
prophylaxis	50
propinquity	50
propitiate	50
propitiated	50
propitiates	50
propitiating	50
propitiation	50
propitiatory	50
propitious	40
propitiously	60
proponent	35
proponents	35
proportion	35
proportional	35
proportionality	35
proportionally	35
proportionate	35
proportionately	50
proportioned	35
proportioning	35
proportions	35
proposal	35
proposals	35
propose	35
proposed	35
proposer	50
proposers	60
proposes	35
proposing	35
proposition	35
propositional	35
propositioned	35
propositioning	35
propositions	35
propound	50
propounded	50
propounding	50
propounds	50
propped	35
propping	35
propranolol	60
proprietaries	35
proprietary	35
proprieties	60
proprietor	35
proprietorial	60
proprietorially	60
proprietors	35
proprietorship	50
proprietress	50
proprietresses	50
propriety	35
props	35
propulsion	35
propulsive	50
prorate	50
prorated	50
prorates	50
prorating	50
prorogation	60
prorogue	60
prorogued	60
prorogues	60
proroguing	60
pros	35
prosaic	40
prosaically	50
proscenium	50
prosceniums	50
prosciutto	60
proscribe	40
proscribed	40
proscribes	40
proscribing	40
proscription	40
proscriptions	40
prose	35
prosecute	35
prosecuted	35
prosecutes	35
prosecuting	35
prosecution	35
prosecutions	35
prosecutor	35
prosecutorial	60
prosecutors	35
proselyte	50
proselyted	50
proselytes	50
proselyting	50
proselytism	60
proselytize	40
proselytized	40
proselytizer	60
proselytizers	60
proselytizes	40
proselytizing	40
prosier	50
prosiest	50
prosocial	60
prosodies	50
prosody	50
prospect	35
prospected	35
prospecting	35
prospective	35
prospectively	60
prospector	35
prospectors	35
prospects	35
prospectus	35
prospectuses	35
prosper	35
prospered	35
prospering	35
prosperity	35
prosperous	35
prosperously	50
prospers	35
prostate	50
prostates	50
prostheses	40
prosthesis	40
prosthetic	50
prostitute	35
prostituted	35
prostitutes	35
prostituting	35
prostitution	35
prostrate	35
prostrated	35
prostrates	35
prostrating	35
prostration	50
prostrations	50
prosy	50
protactinium	60
protagonist	40
protagonists	35
protean	50
protect	35
protected	35
protecting	35
protection	35
protectionism	60
protectionist	60
protectionists	60
protections	35
protective	35
protectively	50
protectiveness	50
protector	35
protectorate	50
protectorates	50
protectors	35
protects	35
protege	35
protegee	60
protegees	60
proteges	35
protein	35
proteins	35
protest	35
protestant	35
protestants	50
protestation	50
protestations	50
protested	35
protester	40
protesters	35
protesting	35
protests	35
protocol	35
protocols	35
proton	35
protons	35
protoplasm	50
protoplasmic	50
protostats	60
prototype	35
prototyped	60
prototypes	35
prototypical	60
prototyping	50
protozoa	50
protozoan	50
protozoans	50
protozoic	60
protract	50
protracted	35
protracting	50
protraction	40
protractor	35
protractors	35
protracts	50
protrude	35
protruded	35
protrudes	35
protruding	35
protrusile	60
protrusion	35
protrusions	35
protuberance	50
protuberances	50
protuberant	50
proud	35
prouder	35
proudest	35
proudly	35
provability	60
provable	35
provably	35
prove	35
proved	35
proven	35
provenance	35
provenances	50
provender	50
provenience	60
proverb	35
proverbial	35
proverbially	50
proverbs	35
proves	35
provide	35
provided	35
providence	35
provident	40
providential	50
providentially	50
providently	50
provider	35
providers	50
provides	35
providing	35
province	35
provinces	35
provincial	35
provincialism	50
provincially	60
provincials	35
proving	35
provision	35
provisional	35
provisionally	35
provisioned	35
provisioning	35
provisions	35
proviso	35
provisos	35
provocateur	60
provocateurs	60
provocation	35
provocations	35
provocative	35
provocatively	50
provocativeness	60
provoke	35
provoked	35
provoker	60
provokers	60
provokes	35
provoking	35
provokingly	60
provolone	60
provost	40
provosts	40
prow	35
prowess	35
prowl	35
prowled	35
prowler	35
prowlers	35
prowling	35
prowls	35
prows	35
proxies	35
proximal	60
proximate	60
proximity	35
proxy	35
prude	35
prudence	35
prudent	35
prudential	50
prudentially	60
prudently	40
prudery	50
prudes	35
prudish	35
prudishly	50
prudishness	60
prune	35
pruned	35
pruner	60
pruners	60
prunes	35
pruning	35
prurience	40
prurient	40
pruriently	60
pry	35
prying	35
psalm	35
psalmist	50
psalmists	50
psalms	35
psalteries	60
psaltery	60
psephologist	60
psephologists	60
psephology	60
pseud	60
pseudo	35
pseudonym	35
pseudonymous	60
pseudonyms	35
pseudoscience	60
pseudosciences	60
pseudoscientific	60
pseuds	60
pseudy	60
pshaw	50
pshaws	50
psi	60
psilocybin	60
psis	60
psittacosis	60
psoriasis	50
psst	50
psych	40
psyche	35
psyched	35
psychedelia	60
psychedelic	35
psychedelically	60
psychedelics	35
psyches	35
psychiatric	35
psychiatrist	35
psychiatrists	35
psychiatry	35
psychic	35
psychical	50
psychically	50
psychics	35
psyching	35
psycho	40
psychoactive	60
psychoanalysis	35
psychoanalyst	35
psychoanalysts	35
psychoanalytic	60
psychoanalytical	60
psychoanalytically	60
psychoanalyze	40
psychoanalyzed	40
psychoanalyzes	40
psychoanalyzing	40
psychobabble	60
psychodrama	60
psychodramas	60
psychogenic	50
psychokinesis	50
psychokinetic	60
psychological	35
psychologically	35
psychologies	35
psychologist	35
psychologists	35
psychology	35
psychometric	60
psychoneurosis	60
psychopath	35
psychopathic	40
psychopathology	60
psychopaths	35
psychopathy	60
psychopharmacology	60
psychophysiology	60
psychos	40
psychoses	35
psychosis	35
psychosocial	60
psychosomatic	40
psychotherapies	35
psychotherapist	40
psychotherapists	40
psychotherapy	35
psychotic	35
psychotically	60
psychotics	40
psychotropic	60
psychotropics	60
psychs	40
ptarmigan	50
ptarmigans	50
pterodactyl	50
pterodactyls	50
ptomaine	50
ptomaines	50
pub	35
pubertal	60
puberty	35
pubes	60
pubescence	40
pubescent	50
pubic	40
pubis	60
public	35
publican	50
publicans	50
publication	35
publications	35
publicist	40
publicists	40
publicity	35
publicize	35
publicized	35
publicizes	35
publicizing	35
publicly	35
publish	35
publishable	50
published	35
publisher	35
publishers	35
publishes	35
publishing	35
pubs	40
puce	60
puck	35
pucker	35
puckered	35
puckering	35
puckers	35
puckish	50
puckishly	60
puckishness	60
pucks	35
pud	60
pudding	35
puddings	35
puddle	35
puddled	35
puddles	35
puddling	35
pudenda	60
pudendum	60
pudgier	35
pudgiest	35
pudginess	60
pudgy	35
puds	60
pueblo	35
pueblos	35
puerile	40
puerility	50
puerperal	60
puff	35
puffball	50
puffballs	50
puffed	35
puffer	60
puffers	60
puffier	35
puffiest	35
puffin	50
puffiness	50
puffing	35
puffins	50
puffs	35
puffy	35
pug	50
pugilism	50
pugilist	50
pugilistic	50
pugilists	50
pugnacious	35
pugnaciously	50
pugnaciousness	60
pugnacity	50
pugs	50
puke	35
puked	35
pukes	35
puking	35
pukka	60
pulchritude	50
pulchritudinous	60
pule	60
puled	60
pules	60
puling	60
pull	35
pullback	50
pullbacks	50
pulled	35
puller	50
pullers	50
pullet	50
pullets	50
pulley	35
pulleys	35
pulling	35
pullout	40
pullouts	40
pullover	35
pullovers	35
pulls	35
pulmonary	35
pulp	35
pulped	35
pulpier	50
pulpiest	50
pulpiness	60
pulping	35
pulpit	35
pulpits	35
pulps	35
pulpwood	60
pulpy	50
pulsar	50
pulsars	50
pulsate	35
pulsated	35
pulsates	35
pulsating	35
pulsation	35
pulsations	35
pulse	35
pulsed	35
pulses	35
pulsing	35
pulverization	40
pulverize	35
pulverized	35
pulverizes	35
pulverizing	35
puma	35
pumas	35
pumice	35
pumices	35
pummel	35
pummeled	35
pummeling	35
pummels	35
pump	35
pumped	35
pumper	50
pumpernickel	35
pumpers	50
pumping	35
pumpkin	35
pumpkins	35
pumpkinseed	60
pumpkinseeds	60
pumps	35
pun	35
punch	35
punchbag	60
punchbags	60
punched	35
puncheon	60
puncheons	60
puncher	60
punchers	60
punches	35
punchier	50
punchiest	50
punching	35
punchline	35
punchlines	35
punchy	50
punctilio	60
punctilious	50
punctiliously	50
punctiliousness	60
punctual	35
punctuality	35
punctually	50
punctuate	35
punctuated	35
punctuates	35
punctuating	35
punctuation	35
puncture	35
punctured	35
punctures	35
puncturing	35
pundit	35
punditry	60
pundits	35
pungency	50
pungent	35
pungently	50
punier	35
puniest	35
puniness	60
punish	35
punishable	35
punished	35
punishes	35
punishing	35
punishingly	60
punishment	35
punishments	35
punitive	35
punitively	60
punk	35
punker	35
punkest	35
punks	35
punned	35
punnet	60
punnets	60
punning	35
puns	35
punster	50
punsters	50
punt	35
punted	35
punter	35
punters	35
punting	35
punts	35
puny	35
pup	35
pupa	50
pupae	50
pupal	50
pupate	60
pupated	60
pupates	60
pupating	60
pupil	35
pupils	35
pupped	35
puppet	35
puppeteer	40
puppeteers	40
puppetry	50
puppets	35
puppies	35
pupping	35
puppy	35
pups	35
purblind	50
purchasable	50
purchase	35
purchased	35
purchaser	40
purchasers	35
purchases	35
purchasing	35
purdah	60
pure	35
purebred	50
purebreds	50
puree	35
pureed	35
pureeing	35
purees	35
purely	35
pureness	50
purer	35
purest	35
purgative	50
purgatives	50
purgatorial	50
purgatories	40
purgatory	35
purge	35
purged	35
purger	60
purgers	60
purges	35
purging	35
purification	35
purified	35
purifier	50
purifiers	50
purifies	35
purify	35
purifying	35
purine	60
purines	60
purism	50
purist	40
puristic	60
purists	40
puritan	40
puritanical	35
puritanically	50
puritanism	50
puritans	40
purities	35
purity	35
purl	50
purled	50
purlieu	60
purlieus	60
purling	50
purloin	50
purloined	50
purloining	50
purloins	50
purls	50
purple	35
purpler	35
purples	35
purplest	35
purplish	50
purport	35
purported	35
purportedly	50
purporting	35
purports	35
purpose	35
purposed	35
purposeful	35
purposefully	50
purposefulness	60
purposeless	50
purposelessly	60
purposelessness	60
purposely	40
purposes	35
purposing	35
purr	35
purred	35
purring	35
purrs	35
purse	35
pursed	35
purser	40
pursers	40
purses	35
pursing	35
pursuance	50
pursuant	50
pursue	35
pursued	35
pursuer	50
pursuers	50
pursues	35
pursuing	35
pursuit	35
pursuits	35
purulence	50
purulent	50
purvey	40
purveyance	60
purveyed	40
purveying	40
purveyor	35
purveyors	40
purveys	40
purview	50
pus	35
push	35
pushback	60
pushbike	60
pushbikes	60
pushbutton	40
pushcart	50
pushcarts	50
pushchair	60
pushchairs	60
pushed	35
pusher	35
pushers	35
pushes	35
pushier	35
pushiest	35
pushily	60
pushiness	50
pushing	35
pushover	35
pushovers	35
pushpin	60
pushpins	60
pushy	35
pusillanimity	50
pusillanimous	50
pusillanimously	60
puss	35
pusses	35
pussier	35
pussies	35
pussiest	35
pussy	35
pussycat	40
pussycats	40
pussyfoot	40
pussyfooted	40
pussyfooting	40
pussyfoots	40
pustular	60
pustule	50
pustules	50
put	35
putative	35
putout	60
putouts	60
putrefaction	50
putrefactive	60
putrefied	50
putrefies	50
putrefy	50
putrefying	50
putrescence	50
putrescent	50
putrid	35
puts	35
putsch	50
putsches	50
putt	35
puttanesca	60
putted	35
puttee	60
puttees	60
putter	35
puttered	35
putterer	60
putterers	60
puttering	35
putters	35
puttied	35
putties	35
putting	35
putts	35
putty	35
puttying	35
putz	60
putzes	60
puzzle	35
puzzled	35
puzzlement	50
puzzler	50
puzzlers	50
puzzles	35
puzzling	35
puzzlingly	60
pwn	50
pwned	50
pwning	50
pwns	50
pyelonephritis	60
pygmies	40
pygmy	40
pylon	40
pylons	40
pylori	60
pyloric	60
pylorus	60
pyorrhea	50
pyramid	35
pyramidal	50
pyramided	35
pyramiding	35
pyramids	35
pyre	35
pyres	35
pyrimidine	60
pyrimidines	60
pyrite	50
pyrites	60
pyromania	50
pyromaniac	50
pyromaniacs	50
pyrotechnic	50
pyrotechnical	60
pyrotechnics	50
pyruvate	60
python	35
pythons	35
pyx	50
pyxes	50
pzazz	60
qua	35
quack	35
quacked	35
quackery	50
quacking	35
quacks	35
quad	40
quadrangle	35
quadrangles	35
quadrangular	50
quadrant	35
quadrants	35
quadraphonic	50
quadratic	35
quadratics	60
quadrature	50
quadrennial	50
quadrennium	60
quadrenniums	60
quadriceps	50
quadricepses	50
quadrilateral	35
quadrilaterals	35
quadrille	50
quadrilles	50
quadrillion	60
quadrillions	60
quadrillionth	60
quadrillionths	60
quadriplegia	50
quadriplegic	50
quadriplegics	50
quadrivium	60
quadruped	35
quadrupedal	60
quadrupeds	35
quadruple	35
quadrupled	35
quadruples	35
quadruplet	35
quadruplets	35
quadruplicate	50
quadruplicated	50
quadruplicates	50
quadruplicating	50
quadruplication	60
quadrupling	35
quads	40
quaff	50
quaffed	50
quaffing	50
quaffs	50
quagmire	35
quagmires	35
quahog	50
quahogs	50
quail	35
quailed	35
quailing	35
quails	35
quaint	35
quainter	35
quaintest	35
quaintly	50
quaintness	50
quake	35
quaked	35
quakes	35
quaking	35
quaky	60
qualification	35
qualifications	35
qualified	35
qualifier	35
qualifiers	35
qualifies	35
qualify	35
qualifying	35
qualitative	35
qualitatively	50
qualities	35
quality	35
qualm	35
qualmish	60
qualms	35
quandaries	35
quandary	35
quango	60
quangos	60
quant	60
quanta	50
quantifiable	60
quantification	60
quantified	40
quantifier	35
quantifiers	40
quantifies	40
quantify	35
quantifying	40
quantitation	60
quantitative	35
quantitatively	60
quantities	35
quantity	35
quantization	60
quantize	60
quantized	60
quantizes	60
quantizing	60
quants	60
quantum	35
quarantine	35
quarantined	35
quarantines	35
quarantining	35
quark	35
quarks	40
quarrel	35
quarreled	35
quarreler	60
quarrelers	60
quarreling	35
quarrels	35
quarrelsome	35
quarrelsomeness	60
quarried	35
quarries	35
quarry	35
quarrying	35
quart	35
quarter	35
quarterback	35
quarterbacked	35
quarterbacking	35
quarterbacks	35
quarterdeck	50
quarterdecks	50
quartered	35
quarterfinal	40
quarterfinalist	60
quarterfinalists	60
quarterfinals	40
quartering	35
quarterlies	35
quarterly	35
quartermaster	50
quartermasters	50
quarters	35
quarterstaff	60
quarterstaves	60
quartet	35
quartets	35
quarto	50
quartos	50
quarts	35
quartz	35
quasar	50
quasars	50
quash	35
quashed	35
quashes	35
quashing	35
quasi	50
quatrain	50
quatrains	50
quaver	35
quavered	35
quavering	35
quavers	35
quavery	50
quay	35
quays	35
quayside	60
quaysides	60
qubit	60
qubits	60
queasier	35
queasiest	35
queasily	50
queasiness	40
queasy	35
queen	35
queened	35
queening	35
queenlier	35
queenliest	35
queenly	35
queens	35
queer	35
queered	35
queerer	35
queerest	35
queering	35
queerly	50
queerness	50
queers	35
quell	35
quelled	35
quelling	35
quells	35
quench	35
quenchable	60
quenched	35
quencher	60
quenchers	60
quenches	35
quenching	35
quenchless	60
queried	35
queries	35
querulous	50
querulously	50
querulousness	60
query	35
querying	35
quesadilla	50
quesadillas	50
quest	35
quested	35
questing	35
question	35
questionable	35
questionably	50
questioned	35
questioner	50
questioners	50
questioning	35
questioningly	60
questionings	60
questionnaire	35
questionnaires	35
questions	35
quests	35
queue	35
queued	35
queues	35
queuing	35
quibble	35
quibbled	35
quibbler	50
quibblers	50
quibbles	35
quibbling	35
quiche	35
quiches	40
quick	35
quicken	35
quickened	35
quickening	35
quickens	35
quicker	35
quickest	35
quickfire	60
quickie	40
quickies	40
quicklime	50
quickly	35
quickness	50
quicksand	35
quicksands	35
quicksilver	50
quickstep	60
quicksteps	60
quid	50
quids	50
quiescence	50
quiescent	50
quiescently	60
quiet	35
quieted	35
quieten	60
quietened	60
quietening	60
quietens	60
quieter	35
quietest	35
quieting	35
quietism	60
quietly	35
quietness	40
quiets	35
quietude	50
quietus	50
quietuses	50
quiff	60
quiffs	60
quill	35
quills	35
quilt	35
quilted	35
quilter	50
quilters	50
quilting	35
quilts	35
quin	60
quince	50
quinces	50
quinidine	60
quinine	35
quinoa	60
quins	60
quinsy	60
quint	60
quintessence	35
quintessences	35
quintessential	40
quintessentially	60
quintet	35
quintets	35
quints	60
quintuple	50
quintupled	50
quintuples	50
quintuplet	35
quintuplets	35
quintupling	50
quip	35
quipped	35
quipping	35
quips	35
quipster	60
quipsters	60
quire	50
quires	50
quirk	35
quirked	35
quirkier	40
quirkiest	40
quirkiness	60
quirking	35
quirks	35
quirky	35
quirt	60
quirts	60
quisling	50
quislings	50
quit	35
quitclaim	60
quitclaims	60
quite	35
quits	35
quittance	60
quitter	35
quitters	35
quitting	35
quiver	35
quivered	35
quivering	35
quivers	35
quivery	60
quixotic	40
quixotically	60
quiz	35
quizzed	35
quizzer	60
quizzers	60
quizzes	35
quizzical	35
quizzically	50
quizzing	35
quo	60
quoin	60
quoins	60
quoit	50
quoited	50
quoiting	50
quoits	50
quondam	50
quorate	60
quorum	35
quorums	35
quota	35
quotability	60
quotable	40
quotas	35
quotation	35
quotations	35
quote	35
quoted	35
quotes	35
quoth	50
quotidian	50
quotient	35
quotients	35
quoting	35
qwerty	60
rabbet	60
rabbeted	60
rabbeting	60
rabbets	60
rabbi	35
rabbinate	50
rabbinic	60
rabbinical	50
rabbis	35
rabbit	35
rabbited	60
rabbiting	35
rabbits	35
rabble	35
rabbles	35
rabid	35
rabidly	60
rabidness	60
rabies	35
raccoon	35
raccoons	35
race	35
racecourse	50
racecourses	50
raced	35
racegoer	60
racegoers	60
racehorse	50
racehorses	50
raceme	50
racemes	50
racer	35
racers	50
races	35
racetrack	35
racetracks	35
raceway	50
raceways	50
racial	35
racialism	60
racialist	60
racialists	60
racialized	60
racially	35
racier	35
raciest	35
racily	50
raciness	50
racing	35
racism	35
racist	35
racists	35
rack	35
racked	35
racket	35
racketed	35
racketeer	35
racketeered	35
racketeering	35
racketeers	35
racketing	35
rackets	35
racking	35
racks	35
raconteur	50
raconteurs	50
racquetball	50
racquetballs	50
racy	35
rad	60
radar	35
radars	35
radarscope	60
radarscopes	60
raddled	60
radial	35
radially	50
radials	35
radian	60
radiance	35
radians	60
radiant	35
radiantly	50
radiate	35
radiated	35
radiates	35
radiating	35
radiation	35
radiations	35
radiator	35
radiators	35
radical	35
radicalism	50
radicalization	60
radicalize	60
radicalized	60
radicalizes	60
radicalizing	60
radically	35
radicals	35
radicchio	60
radii	35
radio	35
radioactive	35
radioactively	60
radioactivity	35
radiocarbon	60
radioed	35
radiogram	50
radiograms	50
radiographer	60
radiographers	60
radiography	60
radioing	35
radioisotope	50
radioisotopes	50
radiologist	40
radiologists	40
radiology	40
radioman	60
radiomen	60
radiometer	60
radiometers	60
radiometric	60
radiometry	60
radiophone	60
radiophones	60
radios	35
radioscopy	60
radiosonde	60
radiosondes	60
radiosurgery	60
radiotelegraph	60
radiotelegraphs	60
radiotelegraphy	60
radiotelephone	50
radiotelephones	50
radiotherapist	50
radiotherapists	50
radiotherapy	40
radish	35
radishes	35
radium	35
radius	35
radon	40
rads	60
raffia	50
raffish	50
raffishly	60
raffishness	60
raffle	35
raffled	35
raffles	35
raffling	35
raft	35
rafted	35
rafter	35
rafters	35
rafting	35
rafts	35
rag	35
raga	50
ragamuffin	35
ragamuffins	35
ragas	50
ragbag	60
rage	35
raged	35
rages	35
ragga	60
ragged	35
raggeder	35
raggedest	35
raggedly	50
raggedness	50
raggedy	50
ragging	35
raging	35
ragingly	60
raglan	50
raglans	50
ragout	50
ragouts	50
rags	35
ragtag	40
ragtime	35
ragweed	50
ragwort	60
rah	60
raid	35
raided	35
raider	35
raiders	35
raiding	35
raids	35
rail	35
railcar	60
railcard	60
railcards	60
railcars	60
railed	35
railing	35
railings	35
railleries	50
raillery	50
railroad	35
railroaded	35
railroader	60
railroaders	60
railroading	35
railroads	35
rails	35
railway	35
railwayman	60
railwaymen	60
railways	35
raiment	50
rain	35
rainbow	35
rainbows	35
raincoat	35
raincoats	35
raindrop	35
raindrops	35
rained	35
rainfall	35
rainfalls	35
rainier	35
rainiest	35
raining	35
rainmaker	50
rainmakers	50
rainmaking	60
rainproof	60
rains	35
rainstorm	35
rainstorms	35
rainwater	35
rainy	35
raise	35
raised	35
raiser	60
raisers	60
raises	35
raisin	35
raising	35
raisins	35
rajah	50
rajahs	50
rake	35
raked	35
rakes	35
raking	35
rakish	50
rakishly	50
rakishness	50
rallied	35
rallies	35
rally	35
rallying	35
ram	35
ramble	35
rambled	35
rambler	35
ramblers	35
rambles	35
rambling	35
ramblings	60
rambunctious	40
rambunctiously	60
rambunctiousness	50
ramekin	60
ramekins	60
ramen	60
ramie	60
ramification	35
ramifications	35
ramified	50
ramifies	50
ramify	50
ramifying	50
ramjet	60
ramjets	60
rammed	35
ramming	35
ramp	35
rampage	35
rampaged	35
rampages	35
rampaging	35
rampancy	60
rampant	35
rampantly	50
rampart	50
ramparts	50
ramping	60
ramps	35
ramrod	35
ramrodded	35
ramrodding	35
ramrods	35
rams	35
ramshackle	35
ran	35
ranch	35
ranched	35
rancher	35
ranchers	35
ranches	35
ranching	35
rancid	35
rancidity	50
rancidness	60
rancor	35
rancorous	35
rancorously	50
rand	60
randier	50
randiest	50
randiness	60
random	35
randomization	60
randomize	50
randomized	50
randomizes	50
randomizing	50
randomly	35
randomness	35
rands	60
randy	50
ranee	60
ranees	60
rang	35
range	35
ranged	35
rangefinder	60
rangefinders	60
rangeland	60
rangelands	60
ranger	35
rangers	35
ranges	35
rangier	50
rangiest	50
ranginess	50
ranging	35
rangy	50
rank	35
ranked	35
ranker	35
rankest	35
ranking	35
rankings	40
rankle	35
rankled	35
rankles	35
rankling	35
rankly	60
rankness	50
ranks	35
ransack	35
ransacked	35
ransacking	35
ransacks	35
ransom	35
ransomed	35
ransomer	60
ransomers	60
ransoming	35
ransoms	35
ransomware	60
rant	35
ranted	35
ranter	50
ranters	60
ranting	35
rantings	60
rants	35
rap	35
rapacious	50
rapaciously	50
rapaciousness	50
rapacity	50
rape	35
raped	35
raper	60
rapers	60
rapes	35
rapeseed	60
rapid	35
rapider	35
rapidest	35
rapidity	35
rapidly	35
rapidness	60
rapids	35
rapier	50
rapiers	50
rapine	50
raping	35
rapist	35
rapists	35
rapped	35
rappel	60
rappelled	60
rappelling	60
rappels	60
rapper	50
rappers	50
rapping	35
rapport	35
rapporteur	60
rapporteurs	60
rapports	35
rapprochement	40
rapprochements	40
raps	35
rapscallion	50
rapscallions	50
rapt	35
raptly	60
raptness	60
raptor	60
raptors	60
rapture	35
raptures	35
rapturous	35
rapturously	60
rare	35
rarebit	60
rarebits	60
rared	35
rarefaction	60
rarefied	50
rarefies	50
rarefy	50
rarefying	50
rarely	35
rareness	50
rarer	35
rares	35
rarest	35
raring	35
rarities	35
rarity	35
rascal	35
rascally	50
rascals	35
rash	35
rasher	35
rashers	50
rashes	35
rashest	35
rashly	35
rashness	50
rasp	35
raspberries	35
raspberry	35
rasped	35
raspier	40
raspiest	40
rasping	35
rasps	35
raspy	40
raster	35
rat	35
ratatouille	60
ratbag	60
ratbags	60
ratchet	50
ratcheted	50
ratcheting	50
ratchets	50
rate	35
rated	35
ratepayer	60
ratepayers	60
rater	60
raters	60
rates	35
ratfink	60
rather	35
rathskeller	50
rathskellers	50
ratification	35
ratifications	35
ratified	35
ratifier	60
ratifiers	60
ratifies	35
ratify	35
ratifying	35
rating	35
ratings	35
ratio	35
ratiocinate	60
ratiocinated	60
ratiocinates	60
ratiocinating	60
ratiocination	60
ration	35
rational	35
rationale	35
rationales	35
rationalism	50
rationalist	50
rationalistic	50
rationalists	50
rationality	35
rationalization	35
rationalizations	40
rationalize	35
rationalized	35
rationalizes	35
rationalizing	35
rationally	35
rationals	35
rationed	35
rationing	35
rations	35
ratios	35
ratlike	60
ratline	60
ratlines	60
rats	35
rattan	50
rattans	50
ratted	35
ratter	60
ratters	60
rattier	50
rattiest	50
ratting	35
rattle	35
rattlebrain	60
rattlebrained	60
rattlebrains	60
rattled	35
rattler	35
rattlers	35
rattles	35
rattlesnake	35
rattlesnakes	35
rattletrap	50
rattletraps	50
rattling	35
rattly	60
rattrap	50
rattraps	50
ratty	35
raucous	35
raucously	35
raucousness	50
raunchier	40
raunchiest	40
raunchily	60
raunchiness	50
raunchy	40
ravage	35
ravaged	35
ravager	60
ravagers	60
ravages	35
ravaging	35
rave	35
raved	35
ravel	35
raveled	35
raveling	35
ravels	35
raven	35
ravened	35
ravening	35
ravenous	35
ravenously	35
ravens	35
raver	60
ravers	60
raves	35
ravine	35
ravines	35
raving	35
ravings	35
ravioli	50
ravish	35
ravished	35
ravisher	60
ravishers	60
ravishes	35
ravishing	35
ravishingly	50
ravishment	50
raw	35
rawboned	50
rawer	35
rawest	35
rawhide	50
rawness	50
ray	35
rayon	35
rays	35
raze	35
razed	35
razes	35
razing	35
razor	35
razorback	60
razorbacks	60
razors	35
razz	40
razzed	40
razzes	40
razzing	40
razzmatazz	60
re	35
reabsorb	60
reabsorbed	60
reabsorbing	60
reabsorbs	60
reach	35
reachable	50
reached	35
reaches	35
reaching	35
reacquaint	60
reacquainted	60
reacquainting	60
reacquaints	60
reacquire	60
reacquired	60
reacquires	60
reacquiring	60
react	35
reactant	60
reactants	60
reacted	35
reacting	35
reaction	35
reactionaries	35
reactionary	35
reactions	35
reactivate	50
reactivated	50
reactivates	50
reactivating	50
reactivation	50
reactive	35
reactivity	60
reactor	35
reactors	35
reacts	35
read	35
readabilities	50
readability	35
readable	35
readdress	60
readdressed	60
readdresses	60
readdressing	60
reader	35
readers	35
readership	35
readerships	40
readied	35
readier	35
readies	35
readiest	35
readily	35
readiness	35
reading	35
readings	35
readjust	35
readjusted	35
readjusting	35
readjustment	40
readjustments	40
readjusts	35
readmission	60
readmit	50
readmits	50
readmitted	50
readmitting	50
readopt	60
readopted	60
readopting	60
readopts	60
readout	50
readouts	50
reads	35
ready	35
readying	35
reaffirm	50
reaffirmation	60
reaffirmations	60
reaffirmed	50
reaffirming	50
reaffirms	50
reafforestation	60
reagent	50
reagents	50
real	35
realer	35
realest	35
realign	50
realigned	60
realigning	60
realignment	60
realignments	60
realigns	60
realism	35
realist	35
realistic	35
realistically	35
realists	35
realities	35
reality	35
realizable	50
realization	35
realizations	35
realize	35
realized	35
realizes	35
realizing	35
reallocate	60
reallocated	35
reallocates	60
reallocating	60
reallocation	50
really	35
realm	35
realms	35
realness	60
realpolitik	60
reals	35
realty	35
ream	35
reamed	35
reamer	50
reamers	50
reaming	35
reams	35
reanalyses	60
reanalysis	60
reanalyze	60
reanalyzed	60
reanalyzes	60
reanalyzing	60
reanimate	50
reanimated	50
reanimates	50
reanimating	50
reanimation	60
reap	35
reaped	35
reaper	35
reapers	35
reaping	35
reappear	35
reappearance	40
reappearances	40
reappeared	35
reappearing	35
reappears	35
reapplication	60
reapplications	60
reapplied	50
reapplies	50
reapply	50
reapplying	50
reappoint	50
reappointed	50
reappointing	50
reappointment	50
reappoints	50
reapportion	50
reapportioned	50
reapportioning	50
reapportionment	50
reapportions	50
reappraisal	50
reappraisals	50
reappraise	50
reappraised	50
reappraises	50
reappraising	50
reaps	35
rear	35
reared	35
rearguard	60
rearguards	60
rearing	35
rearm	50
rearmament	50
rearmed	50
rearming	50
rearmost	50
rearms	50
rearrange	35
rearranged	35
rearrangement	40
rearrangements	35
rearranges	35
rearranging	35
rearrest	60
rearrested	60
rearresting	60
rearrests	60
rears	35
rearview	50
rearward	50
rearwards	50
reascend	60
reascended	60
reascending	60
reascends	60
reason	35
reasonable	35
reasonableness	40
reasonably	35
reasoned	35
reasoner	60
reasoners	60
reasoning	35
reasons	35
reassemble	50
reassembled	50
reassembles	50
reassembling	50
reassembly	60
reassert	50
reasserted	50
reasserting	50
reassertion	60
reasserts	50
reassess	50
reassessed	50
reassesses	50
reassessing	50
reassessment	50
reassessments	60
reassign	50
reassigned	50
reassigning	50
reassignment	60
reassignments	60
reassigns	50
reassurance	35
reassurances	35
reassure	35
reassured	35
reassures	35
reassuring	35
reassuringly	40
reattach	60
reattached	60
reattaches	60
reattaching	60
reattachment	60
reattain	60
reattained	60
reattaining	60
reattains	60
reattempt	60
reattempted	60
reattempting	60
reattempts	60
reauthorization	60
reauthorizations	60
reauthorize	60
reauthorized	60
reauthorizes	60
reauthorizing	60
reawaken	50
reawakened	50
reawakening	50
reawakens	50
rebalance	60
rebalanced	60
rebalances	60
rebalancing	60
rebar	60
rebars	60
rebate	35
rebated	35
rebates	35
rebating	35
rebel	35
rebelled	35
rebelling	35
rebellion	35
rebellions	35
rebellious	35
rebelliously	50
rebelliousness	50
rebels	35
rebid	60
rebidding	60
rebids	60
rebind	60
rebinding	60
rebinds	60
rebirth	35
rebirths	35
reboil	60
reboiled	60
reboiling	60
reboils	60
reboot	60
rebooted	60
rebooting	60
reboots	60
reborn	35
rebound	35
rebounded	35
rebounder	60
rebounders	60
rebounding	35
rebounds	35
rebroadcast	60
rebroadcasting	60
rebroadcasts	60
rebuff	35
rebuffed	35
rebuffing	35
rebuffs	35
rebuild	35
rebuilding	35
rebuilds	35
rebuilt	35
rebuke	35
rebuked	35
rebukes	35
rebuking	35
rebukingly	60
reburial	60
reburials	60
reburied	60
reburies	60
rebury	60
reburying	60
rebus	50
rebuses	50
rebut	35
rebuts	35
rebuttal	35
rebuttals	35
rebutted	35
rebutting	35
rec	60
recalcitrance	40
recalcitrant	35
recalculate	60
recalculated	60
recalculates	60
recalculating	60
recalculation	60
recalculations	60
recalibrate	60
recalibrated	60
recalibrates	60
recalibrating	60
recall	35
recalled	35
recalling	35
recalls	35
recant	35
recantation	50
recantations	50
recanted	35
recanting	35
recants	35
recap	35
recapitalization	60
recapitalize	60
recapitalized	60
recapitalizes	60
recapitalizing	60
recapitulate	50
recapitulated	50
recapitulates	50
recapitulating	50
recapitulation	50
recapitulations	50
recapped	35
recapping	35
recaps	35
recapture	35
recaptured	35
recaptures	35
recapturing	35
recast	50
recasting	50
recastings	60
recasts	50
recce	60
recces	60
recede	35
receded	35
recedes	35
receding	35
receipt	35
receipted	35
receipting	35
receipts	35
receivable	50
receivables	60
receive	35
received	35
receiver	35
receivers	35
receivership	40
receives	35
receiving	35
recent	35
recenter	35
recentest	35
recently	35
recentness	60
receptacle	35
receptacles	35
reception	35
receptionist	35
receptionists	35
receptions	35
receptive	35
receptively	50
receptiveness	50
receptivity	50
receptor	50
receptors	50
recess	35
recessed	35
recesses	35
recessing	35
recession	35
recessional	50
recessionals	50
recessionary	60
recessions	35
recessive	50
recessives	50
recharge	40
rechargeable	35
recharged	40
recharges	40
recharging	35
recharter	60
rechartered	60
rechartering	60
recharters	60
recheck	50
rechecked	50
rechecking	50
rechecks	50
recherche	50
rechristen	60
rechristened	60
rechristening	60
rechristens	60
recidivism	50
recidivist	50
recidivists	50
recipe	35
recipes	35
recipient	35
recipients	35
reciprocal	35
reciprocally	50
reciprocals	35
reciprocate	35
reciprocated	35
reciprocates	35
reciprocating	35
reciprocation	50
reciprocity	50
recirculate	60
recirculated	60
recirculates	60
recirculating	60
recital	35
recitalist	60
recitalists	60
recitals	35
recitation	35
recitations	35
recitative	50
recitatives	50
recite	35
recited	35
reciter	60
reciters	60
recites	35
reciting	35
reckless	35
recklessly	35
recklessness	35
reckon	35
reckoned	35
reckoning	35
reckonings	40
reckons	35
reclaim	35
reclaimable	60
reclaimed	35
reclaiming	35
reclaims	35
reclamation	35
reclamations	35
reclassification	60
reclassified	50
reclassifies	50
reclassify	50
reclassifying	50
recline	35
reclined	35
recliner	50
recliners	50
reclines	35
reclining	35
recluse	35
recluses	35
reclusive	50
recognition	35
recognizable	35
recognizably	40
recognizance	50
recognize	35
recognized	35
recognizer	50
recognizes	35
recognizing	35
recoil	35
recoiled	35
recoiling	35
recoils	35
recollect	35
recollected	35
recollecting	35
recollection	35
recollections	35
recollects	35
recolonization	60
recolonize	60
recolonized	60
recolonizes	60
recolonizing	60
recolor	60
recolored	60
recoloring	60
recolors	60
recombination	50
recombine	50
recombined	50
recombines	50
recombining	50
recommence	50
recommenced	50
recommencement	60
recommences	50
recommencing	50
recommend	35
recommendable	60
recommendation	35
recommendations	35
recommended	35
recommending	35
recommends	35
recommission	60
recommissioned	60
recommissioning	60
recommissions	60
recommit	60
recommits	60
recommitted	60
recommitting	60
recompense	35
recompensed	35
recompenses	35
recompensing	35
recompilation	50
recompile	35
recompiled	35
recompiling	35
recompose	60
recomposed	60
recomposes	60
recomposing	60
recompute	60
recomputed	60
recomputes	60
recomputing	60
recon	60
reconcilable	50
reconcile	35
reconciled	35
reconciles	35
reconciliation	35
reconciliations	35
reconciling	35
recondite	50
recondition	35
reconditioned	35
reconditioning	35
reconditions	35
reconfiguration	50
reconfigure	35
reconfigured	35
reconfigures	60
reconfiguring	60
reconfirm	60
reconfirmation	60
reconfirmations	60
reconfirmed	60
reconfirming	60
reconfirms	60
reconnaissance	35
reconnaissances	35
reconnect	60
reconnected	35
reconnecting	60
reconnection	60
reconnections	60
reconnects	60
reconnoiter	50
reconnoitered	50
reconnoitering	50
reconnoiters	50
reconquer	50
reconquered	50
reconquering	50
reconquers	50
reconquest	60
recons	60
reconsecrate	60
reconsecrated	60
reconsecrates	60
reconsecrating	60
reconsecration	60
reconsider	35
reconsideration	50
reconsidered	35
reconsidering	35
reconsiders	35
reconsign	60
reconsigned	60
reconsigning	60
reconsigns	60
reconstitute	40
reconstituted	40
reconstitutes	40
reconstituting	40
reconstitution	60
reconstruct	35
reconstructed	35
reconstructing	35
reconstruction	35
reconstructions	35
reconstructive	60
reconstructs	35
recontact	60
recontacted	60
recontacting	60
recontacts	60
recontaminate	60
recontaminated	60
recontaminates	60
recontaminating	60
reconvene	50
reconvened	50
reconvenes	50
reconvening	50
reconvert	60
reconverted	60
reconverting	60
reconverts	60
recook	60
recooked	60
recooking	60
recooks	60
recopied	50
recopies	50
recopy	50
recopying	50
record	35
recordable	60
recorded	35
recorder	35
recorders	35
recording	35
recordings	35
records	35
recount	35
recounted	35
recounting	35
recounts	35
recoup	35
recouped	35
recouping	35
recoups	35
recourse	35
recover	35
recoverable	35
recovered	35
recoveries	35
recovering	35
recovers	35
recovery	35
recreant	50
recreants	50
recreate	35
recreated	35
recreates	40
recreating	40
recreation	35
recreational	35
recreationally	60
recreations	35
recriminate	50
recriminated	50
recriminates	50
recriminating	50
recrimination	50
recriminations	50
recriminatory	60
recross	60
recrossed	60
recrosses	60
recrossing	60
recrudesce	60
recrudesced	60
recrudescence	50
recrudescent	60
recrudesces	60
recrudescing	60
recruit	35
recruited	35
recruiter	40
recruiters	40
recruiting	35
recruitment	35
recruits	35
recrystallize	60
recrystallized	60
recrystallizes	60
recrystallizing	60
rectal	35
rectally	60
rectangle	35
rectangles	35
rectangular	35
rectifiable	50
rectification	50
rectifications	50
rectified	35
rectifier	50
rectifiers	50
rectifies	35
rectify	35
rectifying	35
rectilinear	50
rectitude	50
recto	60
rector	35
rectories	50
rectors	35
rectory	50
rectos	60
rectum	35
rectums	35
recumbent	50
recuperate	35
recuperated	35
recuperates	35
recuperating	35
recuperation	35
recuperative	50
recur	35
recurred	35
recurrence	35
recurrences	35
recurrent	35
recurrently	60
recurring	35
recurs	35
recursion	35
recursive	35
recursively	35
recuse	60
recused	60
recuses	60
recusing	60
recyclable	40
recyclables	40
recycle	35
recycled	35
recycler	60
recyclers	60
recycles	35
recycling	35
red	35
redact	60
redacted	60
redacting	60
redaction	60
redactor	60
redactors	60
redacts	60
redbird	60
redbirds	60
redbreast	50
redbreasts	50
redbrick	60
redcap	50
redcaps	50
redcoat	50
redcoats	50
redcurrant	60
redcurrants	60
redden	35
reddened	35
reddening	35
reddens	35
redder	35
reddest	35
reddish	40
redecorate	50
redecorated	50
redecorates	50
redecorating	50
redecoration	60
rededicate	50
rededicated	50
rededicates	50
rededicating	50
redeem	35
redeemable	35
redeemed	35
redeemer	50
redeemers	50
redeeming	35
redeems	35
redefine	35
redefined	35
redefines	50
redefining	35
redefinition	35
redefinitions	60
redeliver	60
redelivered	60
redelivering	60
redelivers	60
redemption	35
redemptive	60
redeploy	50
redeployed	50
redeploying	50
redeployment	50
redeploys	50
redeposit	60
redeposited	60
redepositing	60
redeposits	60
redesign	35
redesigned	35
redesigning	50
redesigns	50
redetermine	60
redetermined	60
redetermines	60
redetermining	60
redevelop	40
redeveloped	40
redeveloping	40
redevelopment	40
redevelopments	40
redevelops	40
redfish	60
redhead	35
redheaded	50
redheads	35
redial	60
redialed	60
redialing	60
redials	60
redid	35
redirect	35
redirected	35
redirecting	35
redirection	35
redirects	40
rediscover	50
rediscovered	35
rediscoveries	50
rediscovering	50
rediscovers	50
rediscovery	50
redissolve	60
redissolved	60
redissolves	60
redissolving	60
redistribute	40
redistributed	40
redistributes	40
redistributing	35
redistribution	35
redistributor	50
redistributors	50
redistrict	50
redistricted	50
redistricting	50
redistricts	50
redivide	60
redivided	60
redivides	60
redividing	60
redlining	60
redneck	40
rednecks	40
redness	40
redo	35
redoes	35
redoing	35
redolence	50
redolent	50
redone	35
redouble	40
redoubled	40
redoubles	40
redoubling	40
redoubt	50
redoubtable	50
redoubtably	60
redoubts	50
redound	50
redounded	50
redounding	50
redounds	50
redraft	35
redrafted	60
redrafting	50
redrafts	60
redraw	35
redrawing	50
redrawn	50
redraws	50
redress	35
redressed	35
redresses	35
redressing	35
redrew	50
reds	35
redshift	60
redshifted	60
redshifting	60
redshifts	60
redshirt	60
redskin	40
redskins	40
reduce	35
reduced	35
reducer	60
reducers	60
reduces	35
reducible	60
reducing	35
reductase	60
reduction	35
reductionist	60
reductions	35
reductive	60
redundancies	35
redundancy	35
redundant	35
redundantly	50
reduplicate	60
reduplicated	60
reduplicates	60
reduplicating	60
reduplication	60
redwood	40
redwoods	40
redye	60
redyed	60
redyeing	60
redyes	60
reecho	60
reechoed	60
reechoes	60
reechoing	60
reed	35
reedier	50
reediest	50
reediness	60
reedit	60
reedited	60
reediting	60
reedits	60
reeds	35
reeducate	40
reeducated	40
reeducates	40
reeducating	40
reeducation	40
reedy	50
reef	35
reefed	35
reefer	50
reefers	50
reefing	35
reefs	35
reek	35
reeked	35
reeking	35
reeks	35
reel	35
reelect	35
reelected	35
reelecting	35
reelection	40
reelections	40
reelects	35
reeled	35
reeling	35
reels	35
reembark	60
reembarked	60
reembarking	60
reembarks	60
reembodied	60
reembodies	60
reembody	60
reembodying	60
reemerge	50
reemerged	50
reemergence	60
reemerges	50
reemerging	50
reemphasize	50
reemphasized	50
reemphasizes	50
reemphasizing	50
reemploy	60
reemployed	60
reemploying	60
reemployment	60
reemploys	60
reenact	40
reenacted	40
reenacting	40
reenactment	40
reenactments	40
reenacts	40
reenergize	60
reengage	60
reengaged	60
reengages	60
reengaging	60
reengineer	60
reengineered	60
reengineering	60
reengineers	60
reenlist	60
reenlisted	60
reenlisting	60
reenlistment	60
reenlists	60
reenter	50
reentered	50
reentering	50
reenters	50
reentries	40
reentry	40
reequip	60
reequipped	60
reequipping	60
reequips	60
reestablish	50
reestablished	50
reestablishes	50
reestablishing	50
reestablishment	60
reevaluate	50
reevaluated	50
reevaluates	50
reevaluating	50
reevaluation	60
reevaluations	60
reeve	60
reeves	60
reeving	60
reexamination	60
reexaminations	60
reexamine	50
reexamined	50
reexamines	50
reexamining	50
reexplain	60
reexplained	60
reexplaining	60
reexplains	60
reexport	60
reexported	60
reexporting	60
reexports	60
ref	40
reface	60
refaced	60
refaces	60
refacing	60
refactor	60
refactored	60
refactoring	60
refactors	60
refashion	50
refashioned	50
refashioning	50
refashions	50
refasten	60
refastened	60
refastening	60
refastens	60
refection	60
refectories	50
refectory	50
refer	35
referable	60
referee	35
refereed	35
refereeing	35
referees	35
reference	35
referenced	35
references	35
referencing	35
referenda	35
referendum	35
referendums	35
referent	50
referential	50
referents	60
referral	50
referrals	50
referred	35
referrer	60
referrers	60
referring	35
refers	35
reffed	40
reffing	40
refile	60
refiled	50
refiles	60
refiling	60
refill	35
refillable	50
refilled	35
refilling	35
refills	35
refinance	40
refinanced	40
refinances	40
refinancing	40
refine	35
refined	35
refinement	35
refinements	35
refiner	50
refineries	35
refiners	50
refinery	35
refines	35
refining	35
refinish	40
refinished	40
refinishes	40
refinishing	40
refit	50
refits	50
refitted	50
refitting	50
reflate	60
reflated	60
reflates	60
reflating	60
reflation	60
reflationary	60
reflations	60
reflect	35
reflected	35
reflecting	35
reflection	35
reflections	35
reflective	35
reflectively	60
reflectivity	60
reflector	35
reflectors	35
reflects	35
reflex	35
reflexes	35
reflexive	35
reflexively	50
reflexives	35
reflexivity	60
reflexology	60
reflux	60
refocus	50
refocused	50
refocuses	50
refocusing	50
refold	60
refolded	60
refolding	60
refolds	60
reforest	50
reforestation	50
reforested	50
reforesting	50
reforests	50
reforge	60
reforged	60
reforges	60
reforging	60
reform	35
reformat	35
reformation	35
reformations	35
reformative	60
reformatories	50
reformatory	50
reformats	60
reformatted	35
reformatting	35
reformed	35
reformer	35
reformers	35
reforming	35
reformist	60
reformists	60
reforms	35
reformulate	50
reformulated	50
reformulates	50
reformulating	50
reformulation	60
reformulations	60
refortified	60
refortifies	60
refortify	60
refortifying	60
refract	50
refracted	50
refracting	50
refraction	35
refractive	60
refractor	60
refractories	50
refractors	60
refractory	50
refracts	50
refrain	35
refrained	35
refraining	35
refrains	35
reframe	60
reframed	60
reframes	60
reframing	60
refreeze	60
refreezes	60
refreezing	60
refresh	35
refreshed	35
refresher	50
refreshers	50
refreshes	35
refreshing	35
refreshingly	40
refreshment	35
refreshments	35
refried	60
refrigerant	50
refrigerants	50
refrigerate	35
refrigerated	35
refrigerates	35
refrigerating	35
refrigeration	35
refrigerator	35
refrigerators	35
refroze	60
refrozen	60
refs	40
refuel	35
refueled	35
refueling	35
refuels	35
refuge	35
refugee	35
refugees	35
refuges	35
refulgence	50
refulgent	50
refund	35
refundable	40
refunded	35
refunding	35
refunds	35
refurbish	35
refurbished	35
refurbishes	35
refurbishing	35
refurbishment	35
refurbishments	40
refurnish	50
refurnished	50
refurnishes	50
refurnishing	50
refusal	35
refusals	35
refuse	35
refused	35
refuses	35
refusing	35
refutable	60
refutation	35
refutations	50
refute	35
refuted	35
refuter	60
refuters	60
refutes	35
refuting	35
regain	35
regained	35
regaining	35
regains	35
regal	35
regale	35
regaled	35
regalement	60
regales	35
regalia	35
regaling	35
regally	50
regard	35
regarded	35
regarding	35
regardless	35
regards	35
regather	60
regathered	60
regathering	60
regathers	60
regatta	35
regattas	35
regencies	50
regency	50
regeneracy	60
regenerate	35
regenerated	35
regenerates	35
regenerating	35
regeneration	35
regenerative	50
regent	35
regents	35
regex	60
reggae	40
regicidal	60
regicide	50
regicides	50
regime	35
regimen	35
regimens	35
regiment	35
regimental	35
regimentation	50
regimented	35
regimenting	35
regiments	35
regimes	35
region	35
regional	35
regionalism	50
regionalisms	50
regionally	40
regionals	60
regions	35
register	35
registered	35
registering	35
registers	35
registrant	50
registrants	50
registrar	35
registrars	35
registration	35
registrations	35
registries	35
registry	35
regnant	60
regrade	60
regraded	60
regrades	60
regrading	60
regress	35
regressed	35
regresses	35
regressing	35
regression	35
regressions	35
regressive	50
regret	35
regretful	35
regretfully	40
regrets	35
regrettable	35
regrettably	35
regretted	35
regretting	35
regrew	60
regrind	60
regrinding	60
regrinds	60
reground	60
regroup	40
regrouped	40
regrouping	40
regroups	40
regrow	60
regrowing	60
regrown	60
regrows	60
regrowth	60
regular	35
regularities	35
regularity	35
regularization	60
regularize	50
regularized	50
regularizes	50
regularizing	50
regularly	35
regulars	35
regulate	35
regulated	35
regulates	35
regulating	35
regulation	35
regulations	35
regulative	60
regulator	50
regulators	50
regulatory	50
regurgitate	35
regurgitated	35
regurgitates	35
regurgitating	35
regurgitation	40
rehab	40
rehabbed	40
rehabbing	40
rehabilitate	35
rehabilitated	35
rehabilitates	35
rehabilitating	35
rehabilitation	35
rehabilitative	60
rehabs	40
rehang	60
rehanged	60
rehanging	60
rehangs	60
rehash	35
rehashed	35
rehashes	35
rehashing	35
rehear	60
reheard	60
rehearing	60
rehearings	60
rehears	60
rehearsal	35
rehearsals	35
rehearse	35
rehearsed	35
rehearses	35
rehearsing	35
reheat	50
reheated	50
reheating	50
reheats	50
rehire	50
rehired	50
rehires	50
rehiring	50
rehouse	60
rehoused	60
rehouses	60
rehousing	60
rehung	60
rehydrate	60
rehydrated	60
rehydrates	60
rehydrating	60
reification	60
reified	60
reifies	60
reify	60
reifying	60
reign	35
reigned	35
reigning	35
reignite	60
reignited	60
reignites	60
reigniting	60
reigns	35
reimagine	60
reimagined	60
reimagines	60
reimagining	60
reimbursable	60
reimburse	35
reimbursed	35
reimbursement	35
reimbursements	35
reimburses	35
reimbursing	35
reimpose	50
reimposed	50
reimposes	50
reimposing	50
rein	35
reincarnate	40
reincarnated	35
reincarnates	40
reincarnating	40
reincarnation	35
reincarnations	35
reincorporate	60
reincorporated	60
reincorporates	60
reincorporating	60
reincorporation	60
reindeer	35
reined	35
reinfect	60
reinfected	60
reinfecting	60
reinfection	60
reinfections	60
reinfects	60
reinflate	60
reinflated	60
reinflates	60
reinflating	60
reinforce	35
reinforced	35
reinforcement	35
reinforcements	35
reinforces	35
reinforcing	35
reining	35
reinitialize	50
reinitialized	50
reinitializes	60
reinitializing	60
reinoculate	60
reinoculated	60
reinoculates	60
reinoculating	60
reins	35
reinsert	50
reinserted	50
reinserting	50
reinsertion	60
reinserts	50
reinspect	60
reinspected	60
reinspecting	60
reinspects	60
reinstall	50
reinstallation	60
reinstallations	60
reinstalled	50
reinstalling	50
reinstate	35
reinstated	35
reinstatement	35
reinstates	35
reinstating	35
reinsurance	60
reintegrate	60
reintegrated	60
reintegrates	60
reintegrating	60
reintegration	60
reinterpret	50
reinterpretation	50
reinterpretations	50
reinterpreted	50
reinterpreting	50
reinterprets	50
reintroduce	60
reintroduced	60
reintroduces	60
reintroducing	60
reintroduction	60
reintroductions	60
reinvent	40
reinvented	40
reinventing	40
reinvention	60
reinventions	60
reinvents	40
reinvest	50
reinvested	50
reinvesting	50
reinvestment	60
reinvests	50
reinvigorate	60
reinvigorated	60
reinvigorates	60
reinvigorating	60
reissue	40
reissued	40
reissues	40
reissuing	40
reiterate	35
reiterated	35
reiterates	35
reiterating	35
reiteration	35
reiterations	35
reiterative	60
reject	35
rejected	35
rejecting	35
rejection	35
rejections	35
rejects	35
rejig	60
rejigged	60
rejigger	60
rejiggered	60
rejiggering	60
rejiggers	60
rejigging	60
rejigs	60
rejoice	35
rejoiced	35
rejoices	35
rejoicing	35
rejoicings	40
rejoin	35
rejoinder	35
rejoinders	35
rejoined	35
rejoining	35
rejoins	35
rejudge	60
rejudged	60
rejudges	60
rejudging	60
rejuvenate	35
rejuvenated	35
rejuvenates	35
rejuvenating	35
rejuvenation	35
rekindle	40
rekindled	40
rekindles	40
rekindling	40
relabel	50
relabeled	60
relabeling	50
relabels	60
relaid	35
relapse	35
relapsed	35
relapses	35
relapsing	35
relatable	60
relate	35
related	35
relatedness	60
relater	60
relaters	60
relates	35
relating	35
relation	35
relational	35
relations	35
relationship	35
relationships	35
relative	35
relatively	35
relatives	35
relativism	60
relativist	60
relativistic	35
relativists	60
relativity	35
relaunch	60
relaunched	60
relaunches	60
relaunching	60
relax	35
relaxant	50
relaxants	50
relaxation	35
relaxations	35
relaxed	35
relaxer	60
relaxers	60
relaxes	35
relaxing	35
relay	35
relayed	35
relaying	35
relays	35
relearn	50
relearned	50
relearning	50
relearns	50
releasable	35
release	35
released	35
releases	35
releasing	35
relegate	35
relegated	35
relegates	35
relegating	35
relegation	50
relent	35
relented	35
relenting	35
relentless	35
relentlessly	35
relentlessness	50
relents	35
relevance	35
relevancy	50
relevant	35
relevantly	50
reliability	35
reliable	35
reliably	35
reliance	35
reliant	35
relic	35
relics	35
relied	35
relief	35
reliefs	35
relies	35
relieve	35
relieved	35
reliever	60
relievers	60
relieves	35
relieving	35
relight	60
relighted	60
relighting	60
relights	60
religion	35
religions	35
religiosity	60
religious	35
religiously	35
religiousness	60
reline	60
relined	60
relines	60
relining	60
relinquish	35
relinquished	35
relinquishes	35
relinquishing	35
relinquishment	50
reliquaries	60
reliquary	60
relish	35
relished	35
relishes	35
relishing	35
relist	60
relisted	60
relisting	60
relists	60
relit	60
relivable	60
relive	35
relived	35
relives	35
reliving	35
reload	35
reloaded	35
reloading	50
reloads	50
relocatable	35
relocate	35
relocated	35
relocates	35
relocating	35
relocation	35
reluctance	35
reluctant	35
reluctantly	35
rely	35
relying	35
rem	60
remade	40
remain	35
remainder	35
remaindered	50
remaindering	60
remainders	35
remained	35
remaining	35
remains	35
remake	40
remakes	40
remaking	40
remand	50
remanded	50
remanding	50
remands	50
remap	60
remapped	60
remapping	60
remaps	60
remark	35
remarkable	35
remarkableness	60
remarkably	35
remarked	35
remarking	35
remarks	35
remarriage	40
remarriages	40
remarried	40
remarries	40
remarry	40
remarrying	40
remaster	60
remastered	60
remastering	60
remasters	60
rematch	50
rematches	50
remeasure	60
remeasured	60
remeasures	60
remeasuring	60
remediable	50
remedial	35
remedially	60
remediate	60
remediated	60
remediates	60
remediating	60
remediation	60
remedied	35
remedies	35
remedy	35
remedying	35
remelt	60
remelted	60
remelting	60
remelts	60
remember	35
remembered	35
remembering	35
remembers	35
remembrance	35
remembrances	35
remigrate	60
remigrated	60
remigrates	60
remigrating	60
remind	35
reminded	35
reminder	35
reminders	35
reminding	35
reminds	35
reminisce	35
reminisced	35
reminiscence	35
reminiscences	35
reminiscent	35
reminiscently	60
reminisces	35
reminiscing	35
remiss	35
remission	35
remissions	35
remissly	60
remissness	50
remit	35
remits	35
remittance	35
remittances	35
remitted	35
remitting	35
remix	60
remixed	60
remixes	60
remixing	60
remnant	35
remnants	35
remodel	35
remodeled	35
remodeler	60
remodelers	60
remodeling	35
remodels	35
remold	60
remolded	60
remolding	60
remolds	60
remonstrance	50
remonstrances	50
remonstrant	60
remonstrants	60
remonstrate	50
remonstrated	50
remonstrates	50
remonstrating	50
remorse	35
remorseful	35
remorsefully	50
remorseless	35
remorselessly	50
remorselessness	60
remortgage	50
remortgaged	50
remortgages	50
remortgaging	50
remote	35
remotely	35
remoteness	40
remoter	35
remotes	35
remotest	35
remount	50
remounted	50
remounting	50
remounts	50
removable	35
removal	35
removals	35
remove	35
removed	35
remover	40
removers	40
removes	35
removing	35
rems	60
remunerate	35
remunerated	35
remunerates	35
remunerating	35
remuneration	35
remunerations	35
remunerative	50
renaissance	35
renaissances	50
renal	50
rename	35
renamed	35
renames	35
renaming	35
renascence	50
renascences	50
renascent	50
rend	35
render	35
rendered	35
rendering	35
renderings	40
renders	35
rendezvous	35
rendezvoused	35
rendezvouses	35
rendezvousing	35
rending	35
rendition	35
renditions	35
rends	35
renegade	35
renegades	35
renege	35
reneged	35
reneger	60
renegers	60
reneges	35
reneging	35
renegotiable	60
renegotiate	50
renegotiated	50
renegotiates	50
renegotiating	50
renegotiation	60
renew	35
renewable	35
renewal	35
renewals	35
renewed	35
renewing	35
renews	35
rennet	50
rennin	60
renominate	60
renominated	60
renominates	60
renominating	60
renomination	60
renounce	35
renounced	35
renouncement	60
renounces	35
renouncing	35
renovate	35
renovated	35
renovates	35
renovating	35
renovation	35
renovations	35
renovator	50
renovators	50
renown	35
renowned	35
rent	35
rental	35
rentals	35
rented	35
renter	40
renters	40
renting	35
rents	35
renumber	50
renumbered	50
renumbering	50
renumbers	50
renunciation	35
renunciations	35
reoccupation	60
reoccupied	50
reoccupies	50
reoccupy	50
reoccupying	50
reoccur	50
reoccurred	50
reoccurring	50
reoccurs	50
reoffend	60
reopen	35
reopened	35
reopening	35
reopens	35
reorder	50
reordered	50
reordering	50
reorders	50
reorg	50
reorganization	35
reorganizations	40
reorganize	35
reorganized	35
reorganizes	35
reorganizing	35
reorged	50
reorging	50
reorgs	50
reorient	60
reorientation	60
reoriented	60
reorienting	60
reorients	60
rep	40
repack	60
repackage	50
repackaged	50
repackages	50
repackaging	50
repacked	60
repacking	60
repacks	60
repaid	35
repaint	50
repainted	50
repainting	50
repaints	50
repair	35
repairable	50
repaired	35
repairer	60
repairers	60
repairing	35
repairman	50
repairmen	50
repairs	35
reparable	60
reparation	35
reparations	50
repartee	50
repast	50
repasts	50
repatriate	35
repatriated	35
repatriates	35
repatriating	35
repatriation	40
repatriations	40
repave	60
repaved	60
repaves	60
repaving	60
repay	35
repayable	50
repaying	35
repayment	35
repayments	35
repays	35
repeal	35
repealed	35
repealing	35
repeals	35
repeat	35
repeatability	60
repeatable	35
repeatably	50
repeated	35
repeatedly	35
repeater	50
repeaters	50
repeating	35
repeats	35
repel	35
repelled	35
repellent	35
repellents	35
repelling	35
repels	35
repent	35
repentance	35
repentant	35
repentantly	60
repented	35
repenting	35
repents	35
repercussion	35
repercussions	35
repertoire	35
repertoires	35
repertories	50
repertory	50
repetition	35
repetitions	35
repetitious	35
repetitiously	60
repetitiousness	60
repetitive	35
repetitively	60
repetitiveness	60
rephotograph	60
rephotographed	60
rephotographing	60
rephotographs	60
rephrase	35
rephrased	40
rephrases	40
rephrasing	40
repine	60
repined	60
repines	60
repining	60
replace	35
replaceable	40
replaced	35
replacement	35
replacements	35
replaces	35
replacing	35
replant	60
replanted	60
replanting	60
replants	60
replay	35
replayed	40
replaying	40
replays	40
replenish	35
replenished	35
replenishes	35
replenishing	35
replenishment	40
replete	35
repleteness	60
repletion	50
replica	35
replicant	60
replicants	60
replicas	35
replicate	35
replicated	35
replicates	40
replicating	40
replication	35
replications	40
replied	35
replies	35
reply	35
replying	35
repo	60
repopulate	60
repopulated	60
repopulates	60
repopulating	60
report	35
reportable	60
reportage	50
reported	35
reportedly	35
reporter	35
reporters	35
reporting	35
reportorial	60
reports	35
repos	60
repose	35
reposed	35
reposeful	50
reposes	35
reposing	35
reposition	60
repositioning	60
repositories	35
repository	35
repossess	40
repossessed	40
repossesses	40
repossessing	40
repossession	50
repossessions	50
reprehend	50
reprehended	50
reprehending	50
reprehends	50
reprehensibility	60
reprehensible	35
reprehensibly	50
reprehension	60
represent	35
representation	35
representational	50
representations	35
representative	35
representatives	35
represented	35
representing	35
represents	35
repress	35
repressed	35
represses	35
repressing	35
repression	35
repressions	35
repressive	35
repressively	60
repressiveness	60
reprice	60
repriced	60
reprices	60
repricing	60
reprieve	35
reprieved	35
reprieves	35
reprieving	35
reprimand	35
reprimanded	35
reprimanding	35
reprimands	35
reprint	40
reprinted	35
reprinting	40
reprints	40
reprisal	35
reprisals	35
reprise	40
reprised	40
reprises	40
reprising	40
reproach	35
reproachable	60
reproached	35
reproaches	35
reproachful	50
reproachfully	50
reproaching	35
reprobate	50
reprobates	50
reprocess	50
reprocessed	50
reprocesses	50
reprocessing	50
reproduce	35
reproduced	35
reproducer	60
reproducers	60
reproduces	35
reproducible	50
reproducing	35
reproduction	35
reproductions	35
reproductive	35
reprogram	50
reprogrammed	35
reprogramming	50
reprograms	60
reproof	50
reproofs	50
reprove	35
reproved	35
reproves	35
reproving	35
reprovingly	60
reps	40
reptile	35
reptiles	35
reptilian	40
reptilians	40
republic	35
republican	35
republicanism	50
republicans	35
republication	60
republications	60
republics	35
republish	50
republished	50
republishes	50
republishing	50
repudiate	35
repudiated	35
repudiates	35
repudiating	35
repudiation	35
repudiations	35
repudiator	60
repudiators	60
repugnance	35
repugnant	35
repulse	35
repulsed	35
repulses	35
repulsing	35
repulsion	35
repulsive	35
repulsively	50
repulsiveness	50
repurchase	60
repurchased	60
repurchases	60
repurchasing	60
repurpose	60
repurposed	60
repurposes	60
repurposing	60
reputability	60
reputable	35
reputably	50
reputation	35
reputational	60
reputations	35
repute	35
reputed	35
reputedly	35
reputes	35
reputing	35
request	35
requested	35
requester	50
requesting	35
requests	35
requiem	35
requiems	40
require	35
required	35
requirement	35
requirements	35
requires	35
requiring	35
requisite	35
requisites	35
requisition	35
requisitioned	35
requisitioning	35
requisitions	35
requital	50
requite	50
requited	50
requiter	60
requiters	60
requites	50
requiting	50
reran	40
reread	35
rereading	50
rereads	50
rerecord	60
rerecorded	60
rerecording	60
rerecords	60
rerelease	60
rereleases	60
reroute	35
rerouted	35
reroutes	50
rerouting	50
rerun	40
rerunning	40
reruns	40
resalable	60
resale	35
resales	40
resample	60
resampled	60
resamples	60
resampling	60
resat	60
reschedule	50
rescheduled	35
reschedules	50
rescheduling	50
rescind	35
rescinded	35
rescinding	35
rescinds	35
rescission	50
rescue	35
rescued	35
rescuer	35
rescuers	35
rescues	35
rescuing	35
reseal	60
resealable	60
resealed	60
resealing	60
reseals	60
research	35
researched	35
researcher	35
researchers	35
researches	35
researching	35
resection	60
resections	60
reseed	60
reseeded	60
reseeding	60
reseeds	60
resell	50
reseller	60
resellers	60
reselling	50
resells	50
resemblance	35
resemblances	35
resemble	35
resembled	35
resembles	35
resembling	35
resend	50
resent	35
resented	35
resentful	35
resentfully	50
resentfulness	60
resenting	35
resentment	35
resentments	35
resents	35
reserpine	60
reservation	35
reservations	35
reserve	35
reserved	35
reservedly	50
reservedness	60
reserves	35
reserving	35
reservist	50
reservists	50
reservoir	35
reservoirs	35
reset	35
resets	35
resetting	35
resettle	50
resettled	50
resettlement	60
resettles	50
resettling	50
resew	60
resewed	60
resewing	60
resewn	60
resews	60
reshape	60
reshaped	60
reshapes	60
reshaping	60
resharpen	60
resharpened	60
resharpening	60
resharpens	60
reship	60
reshipment	60
reshipped	60
reshipping	60
reships	60
reshoot	60
reshooting	60
reshoots	60
reshot	60
reshuffle	35
reshuffled	40
reshuffles	40
reshuffling	40
reside	35
resided	35
residence	35
residences	35
residencies	40
residency	40
resident	35
residential	35
residents	35
resides	35
residing	35
residua	60
residual	35
residuals	35
residue	35
residues	35
residuum	60
resign	35
resignation	35
resignations	35
resigned	35
resignedly	50
resigning	35
resigns	35
resilience	35
resiliency	50
resilient	35
resiliently	60
resin	35
resinous	50
resins	35
resist	35
resistance	35
resistances	35
resistant	35
resisted	35
resister	50
resisters	50
resistible	60
resisting	35
resistivity	60
resistless	60
resistor	50
resistors	35
resists	35
resit	60
resits	60
resitting	60
resize	60
resized	60
resizes	60
resizing	60
resold	50
resole	60
resoled	60
resoles	60
resoling	60
resolute	35
resolutely	35
resoluteness	50
resolution	35
resolutions	35
resolvable	60
resolve	35
resolved	35
resolver	35
resolves	35
resolving	35
resonance	35
resonances	35
resonant	35
resonantly	50
resonate	40
resonated	40
resonates	40
resonating	40
resonator	50
resonators	50
resorption	60
resort	35
resorted	35
resorting	35
resorts	35
resound	35
resounded	35
resounding	35
resoundingly	40
resounds	35
resource	35
resourced	35
resourceful	35
resourcefully	50
resourcefulness	35
resources	35
resourcing	35
resow	60
resowed	60
resowing	60
resown	60
resows	60
respect	35
respectability	35
respectable	35
respectably	35
respected	35
respecter	60
respecters	60
respectful	35
respectfully	35
respectfulness	60
respecting	35
respective	35
respectively	35
respects	35
respell	50
respelled	50
respelling	50
respells	50
respiration	35
respirator	35
respirators	35
respiratory	35
respire	50
respired	50
respires	50
respiring	50
respite	35
respites	35
resplendence	50
resplendent	35
resplendently	50
respond	35
responded	35
respondent	50
respondents	50
responder	60
responders	60
responding	35
responds	35
response	35
responses	35
responsibilities	35
responsibility	35
responsible	35
responsibly	35
responsive	35
responsively	50
responsiveness	40
respray	60
resprayed	60
respraying	60
resprays	60
rest	35
restaff	60
restaffed	60
restaffing	60
restaffs	60
restart	35
restarted	35
restarting	35
restarts	35
restate	40
restated	40
restatement	40
restatements	40
restates	40
restating	40
restaurant	35
restaurants	35
restaurateur	50
restaurateurs	50
rested	35
restful	35
restfuller	35
restfullest	35
restfully	50
restfulness	50
resting	35
restitch	60
restitched	60
restitches	60
restitching	60
restitution	35
restive	35
restively	50
restiveness	50
restless	35
restlessly	35
restlessness	35
restock	50
restocked	50
restocking	50
restocks	50
restoration	35
restorations	35
restorative	50
restoratives	50
restore	35
restored	35
restorer	50
restorers	50
restores	35
restoring	35
restrain	35
restrained	35
restrainer	60
restrainers	60
restraining	35
restrains	35
restraint	35
restraints	35
restrengthen	60
restrengthened	60
restrengthening	60
restrengthens	60
restrict	35
restricted	35
restricting	35
restriction	35
restrictions	35
restrictive	35
restrictively	50
restrictiveness	60
restricts	35
restring	60
restringing	60
restrings	60
restroom	40
restrooms	40
restructure	40
restructured	35
restructures	40
restructuring	35
restructurings	40
restrung	60
rests	35
restudied	50
restudies	50
restudy	50
restudying	50
restyle	60
restyled	60
restyles	60
restyling	60
resubmit	35
resubmits	60
resubmitted	35
resubmitting	35
resubscribe	60
resubscribed	60
resubscribes	60
resubscribing	60
result	35
resultant	35
resultants	35
resulted	35
resulting	35
results	35
resume	35
resumed	35
resumes	35
resuming	35
resumption	35
resumptions	35
resupplied	50
resupplies	50
resupply	50
resupplying	50
resurface	40
resurfaced	35
resurfaces	40
resurfacing	40
resurgence	35
resurgences	35
resurgent	40
resurrect	35
resurrected	35
resurrecting	35
resurrection	35
resurrections	35
resurrects	35
resurvey	60
resurveyed	60
resurveying	60
resurveys	60
resuscitate	35
resuscitated	35
resuscitates	35
resuscitating	35
resuscitation	35
resuscitator	50
resuscitators	50
retail	35
retailed	35
retailer	35
retailers	35
retailing	35
retails	35
retain	35
retained	35
retainer	35
retainers	35
retaining	35
retains	35
retake	40
retaken	40
retakes	40
retaking	40
retaliate	35
retaliated	35
retaliates	35
retaliating	35
retaliation	35
retaliations	35
retaliative	60
retaliatory	50
retard	35
retardant	50
retardants	50
retardation	40
retarded	35
retarder	60
retarders	60
retarding	35
retards	35
retaught	60
retch	35
retched	35
retches	35
retching	35
reteach	60
reteaches	60
reteaching	60
retell	50
retelling	50
retells	50
retention	35
retentive	50
retentively	60
retentiveness	50
retest	60
retested	60
retesting	60
retests	60
rethink	35
rethinking	40
rethinks	40
rethought	40
reticence	35
reticent	35
reticently	60
reticula	60
reticulated	60
reticulation	60
reticulations	60
reticulum	60
retie	60
retied	60
reties	60
retina	35
retinal	50
retinas	35
retinoblastoma	60
retinoblastomas	60
retinol	60
retinols	60
retinue	40
retinues	40
retire	35
retired	35
retiree	40
retirees	40
retirement	35
retirements	35
retires	35
retiring	35
retitle	60
retitled	60
retitles	60
retitling	60
retold	50
retook	40
retool	50
retooled	50
retooling	50
retools	50
retort	35
retorted	35
retorting	35
retorts	35
retouch	50
retouched	50
retouches	50
retouching	50
retrace	35
retraced	35
retraces	35
retracing	35
retract	35
retractable	40
retracted	35
retractile	60
retracting	35
retraction	35
retractions	35
retracts	35
retrain	50
retrained	50
retraining	50
retrains	50
retread	40
retreaded	40
retreading	40
retreads	40
retreat	35
retreated	35
retreating	35
retreats	35
retrench	50
retrenched	50
retrenches	50
retrenching	50
retrenchment	50
retrenchments	50
retrial	40
retrials	40
retribution	35
retributions	35
retributive	50
retried	50
retries	35
retrievable	50
retrieval	35
retrievals	35
retrieve	35
retrieved	35
retriever	35
retrievers	35
retrieves	35
retrieving	35
retro	60
retroactive	35
retroactively	40
retrod	40
retrodden	40
retrofire	60
retrofired	60
retrofires	60
retrofiring	60
retrofit	50
retrofits	50
retrofitted	50
retrofitting	50
retrograde	35
retrograded	50
retrogrades	50
retrograding	50
retrogress	50
retrogressed	50
retrogresses	50
retrogressing	50
retrogression	50
retrogressive	50
retrorocket	50
retrorockets	50
retros	60
retrospect	35
retrospected	35
retrospecting	35
retrospection	50
retrospective	35
retrospectively	35
retrospectives	35
retrospects	35
retrovirus	60
retroviruses	60
retry	35
retrying	60
retsina	60
return	35
returnable	35
returnables	35
returned	35
returnee	50
returnees	50
returner	60
returners	60
returning	35
returns	35
retweet	50
retweeted	50
retweeting	50
retweets	50
retying	60
retype	35
retyped	50
retypes	60
retyping	50
reunification	50
reunified	50
reunifies	50
reunify	50
reunifying	50
reunion	35
reunions	35
reunite	35
reunited	35
reunites	35
reuniting	35
reupholster	50
reupholstered	50
reupholstering	50
reupholsters	50
reusable	50
reuse	35
reused	35
reuses	50
reusing	50
rev	35
revaluation	40
revaluations	40
revalue	40
revalued	40
revalues	40
revaluing	40
revamp	35
revamped	35
revamping	35
revampings	60
revamps	35
reveal	35
revealed	35
revealing	35
revealingly	60
revealings	40
reveals	35
reveille	50
revel	35
revelation	35
revelations	35
revelatory	60
reveled	35
reveler	35
revelers	35
reveling	35
revelries	35
revelry	35
revels	35
revenge	35
revenged	35
revengeful	35
revengefully	60
revenges	35
revenging	35
revenue	35
revenuer	60
revenuers	60
revenues	35
reverb	60
reverberate	35
reverberated	35
reverberates	35
reverberating	35
reverberation	35
reverberations	35
revere	35
revered	35
reverence	35
reverenced	35
reverences	35
reverencing	35
reverend	50
reverends	50
reverent	35
reverential	50
reverentially	60
reverently	35
reveres	35
reverie	35
reveries	35
revering	35
revers	60
reversal	35
reversals	35
reverse	35
reversed	35
reversely	60
reverses	35
reversibility	60
reversible	35
reversibly	60
reversing	35
reversion	35
reversions	35
revert	35
reverted	35
revertible	60
reverting	35
reverts	35
revetment	60
revetments	60
review	35
reviewed	35
reviewer	35
reviewers	35
reviewing	35
reviews	35
revile	35
reviled	35
revilement	50
reviler	50
revilers	50
reviles	35
reviling	35
revise	35
revised	35
reviser	60
revisers	60
revises	35
revising	35
revision	35
revisionism	60
revisionist	60
revisionists	60
revisions	35
revisit	50
revisited	35
revisiting	50
revisits	50
revitalization	40
revitalize	40
revitalized	40
revitalizes	40
revitalizing	40
revival	35
revivalism	60
revivalist	50
revivalists	50
revivals	35
revive	35
revived	35
revives	35
revivification	50
revivified	50
revivifies	50
revivify	50
revivifying	50
reviving	35
revocable	50
revocation	50
revocations	50
revoke	35
revoked	35
revokes	35
revoking	35
revolt	35
revolted	35
revolting	35
revoltingly	50
revolts	35
revolution	35
revolutionaries	35
revolutionary	35
revolutionist	50
revolutionists	50
revolutionize	35
revolutionized	35
revolutionizes	35
revolutionizing	35
revolutions	35
revolvable	60
revolve	35
revolved	35
revolver	35
revolvers	35
revolves	35
revolving	35
revs	35
revue	35
revues	35
revulsion	35
revved	35
revving	35
reward	35
rewarded	35
rewarding	35
rewards	35
rewarm	60
rewarmed	60
rewarming	60
rewarms	60
rewash	60
rewashed	60
rewashes	60
rewashing	60
reweave	60
reweaves	60
reweaving	60
rewed	60
rewedded	60
rewedding	60
reweds	60
reweigh	60
reweighed	60
reweighing	60
reweighs	60
rewild	60
rewilded	60
rewilding	60
rewilds	60
rewind	35
rewindable	50
rewinding	40
rewinds	40
rewire	50
rewired	50
rewires	50
rewiring	50
reword	50
reworded	50
rewording	50
rewords	50
rework	35
reworked	40
reworking	40
reworkings	60
reworks	40
rewound	40
rewove	60
rewoven	60
rewritable	60
rewrite	35
rewrites	35
rewriting	35
rewritten	35
rewrote	35
rezone	60
rezoned	60
rezones	60
rezoning	60
rhapsodic	50
rhapsodical	60
rhapsodies	35
rhapsodize	50
rhapsodized	50
rhapsodizes	50
rhapsodizing	50
rhapsody	35
rhea	50
rheas	50
rhenium	60
rheostat	50
rheostats	50
rhesus	60
rhesuses	60
rhetoric	35
rhetorical	35
rhetorically	40
rhetorician	50
rhetoricians	50
rheum	50
rheumatic	50
rheumatically	60
rheumatics	50
rheumatism	35
rheumatoid	60
rheumatologist	60
rheumatologists	60
rheumatology	60
rheumy	50
rhinestone	40
rhinestones	40
rhinitis	60
rhino	35
rhinoceros	35
rhinoceroses	35
rhinoplasties	60
rhinoplasty	60
rhinos	35
rhinovirus	60
rhinoviruses	60
rhizome	50
rhizomes	50
rho	50
rhodium	50
rhododendron	35
rhododendrons	35
rhomboid	50
rhomboidal	60
rhomboids	50
rhombus	50
rhombuses	50
rhos	60
rhubarb	35
rhubarbs	35
rhyme	35
rhymed	35
rhymer	60
rhymers	60
rhymes	35
rhymester	60
rhymesters	60
rhyming	35
rhythm	35
rhythmic	35
rhythmical	50
rhythmically	40
rhythms	35
rial	60
rials	60
rib	35
ribald	40
ribaldry	50
ribbed	35
ribber	60
ribbers	60
ribbing	35
ribbon	35
ribbons	35
ribeye	60
ribeyes	60
riboflavin	50
ribs	35
rice	35
riced	35
ricer	60
ricers	60
rices	35
rich	35
richer	35
riches	35
richest	35
richly	35
richness	35
ricin	60
ricing	35
rick	50
ricked	50
ricketier	35
ricketiest	35
rickets	50
rickety	35
ricking	50
rickrack	60
ricks	50
rickshaw	35
rickshaws	35
ricochet	35
ricocheted	35
ricocheting	35
ricochets	35
ricotta	50
rid	35
riddance	35
ridden	35
ridding	35
riddle	35
riddled	35
riddler	60
riddlers	60
riddles	35
riddling	35
ride	35
rider	35
riderless	60
riders	35
ridership	60
rides	35
ridge	35
ridged	35
ridgeline	60
ridgelines	60
ridgepole	50
ridgepoles	50
ridges	35
ridging	35
ridgy	60
ridicule	35
ridiculed	35
ridicules	35
ridiculing	35
ridiculous	35
ridiculously	35
ridiculousness	50
riding	35
rids	35
rife	35
rifer	35
rifest	35
riff	50
riffed	50
riffing	50
riffle	50
riffled	50
riffles	50
riffling	50
riffraff	50
riffs	50
rifle	35
rifled	35
rifleman	50
riflemen	50
rifler	60
riflers	60
rifles	35
rifling	35
rift	35
rifted	35
rifting	35
rifts	35
rig	35
rigatoni	60
rigged	35
rigger	60
riggers	60
rigging	35
right	35
righted	35
righteous	35
righteously	35
righteousness	35
righter	35
rightest	35
rightful	35
rightfully	35
rightfulness	50
righties	60
righting	35
rightism	60
rightist	50
rightists	50
rightly	35
rightmost	35
rightness	35
righto	60
rights	35
rightsize	60
rightsized	60
rightsizes	60
rightsizing	60
rightward	60
rightwards	60
righty	60
rigid	35
rigidity	35
rigidly	35
rigidness	50
rigmarole	40
rigmaroles	40
rigor	35
rigorous	35
rigorously	35
rigorousness	60
rigors	35
rigs	35
rile	35
riled	35
riles	35
riling	35
rill	50
rills	50
rim	35
rime	50
rimed	50
rimes	50
riming	50
rimless	60
rimmed	35
rimming	35
rims	35
rind	35
rinds	35
ring	35
ringed	35
ringer	50
ringers	50
ringgit	60
ringgits	60
ringing	35
ringleader	35
ringleaders	35
ringlet	35
ringlets	35
ringlike	60
ringmaster	50
ringmasters	50
rings	35
ringside	40
ringtone	50
ringtones	50
ringworm	35
rink	35
rinks	35
rinse	35
rinsed	35
rinses	35
rinsing	35
riot	35
rioted	35
rioter	35
rioters	35
rioting	35
riotous	35
riotously	60
riotousness	60
riots	35
rip	35
riparian	60
ripcord	40
ripcords	40
ripe	35
ripely	50
ripen	35
ripened	35
ripeness	35
ripening	35
ripens	35
riper	35
ripest	35
ripoff	40
ripoffs	40
riposte	35
riposted	50
ripostes	50
riposting	50
ripped	35
ripper	50
rippers	50
ripping	35
ripple	35
rippled	35
ripples	35
rippling	35
ripply	60
rips	35
ripsaw	50
ripsaws	50
riptide	60
riptides	60
rise	35
risen	35
riser	35
risers	35
rises	35
risibility	60
risible	50
rising	35
risings	60
risk	35
risked	35
riskier	35
riskiest	35
riskily	60
riskiness	50
risking	35
risks	35
risky	35
risotto	60
risottos	60
risque	35
rissole	60
rissoles	60
rite	35
rites	35
ritual	35
ritualism	50
ritualistic	50
ritualistically	60
ritualized	60
ritually	40
rituals	35
ritzier	40
ritziest	40
ritzy	40
rival	35
rivaled	35
rivaling	35
rivalries	35
rivalry	35
rivals	35
rive	60
rived	60
riven	50
river	35
riverbank	60
riverbanks	60
riverbed	40
riverbeds	40
riverboat	60
riverboats	60
riverfront	40
riverfronts	40
rivers	35
riverside	40
riversides	40
rives	60
rivet	35
riveted	35
riveter	50
riveters	50
riveting	35
rivets	35
riviera	60
rivieras	60
riving	60
rivulet	50
rivulets	50
riyal	60
riyals	60
roach	35
roaches	35
road	35
roadbed	50
roadbeds	50
roadblock	35
roadblocked	35
roadblocking	35
roadblocks	35
roadhouse	40
roadhouses	40
roadie	60
roadies	60
roadkill	40
roadless	60
roadrunner	40
roadrunners	40
roads	35
roadshow	50
roadshows	60
roadside	35
roadsides	35
roadster	50
roadsters	50
roadway	40
roadways	40
roadwork	50
roadworks	50
roadworthy	40
roam	35
roamed	35
roamer	50
roamers	50
roaming	35
roams	35
roan	50
roans	50
roar	35
roared	35
roarer	60
roarers	60
roaring	35
roars	35
roast	35
roasted	35
roaster	50
roasters	50
roasting	35
roastings	60
roasts	35
rob	35
robbed	35
robber	35
robberies	35
robbers	35
robbery	35
robbing	35
robe	35
robed	35
robes	35
robin	35
robing	35
robins	35
robocall	50
robocalled	50
robocalling	50
robocalls	50
robot	35
robotic	50
robotics	40
robotize	60
robotized	60
robotizes	60
robotizing	60
robots	35
robs	35
robust	35
robuster	35
robustest	35
robustly	50
robustness	35
rock	35
rockabilly	60
rockbound	60
rocked	35
rocker	35
rockeries	60
rockers	35
rockery	60
rocket	35
rocketed	35
rocketing	35
rocketry	50
rockets	35
rockfall	60
rockfalls	60
rockfish	60
rockier	35
rockiest	35
rockiness	50
rocking	35
rocks	35
rockslide	60
rockslides	60
rocky	35
rococo	50
rod	35
rode	35
rodent	35
rodents	35
rodeo	35
rodeos	35
rods	35
roe	35
roebuck	50
roebucks	50
roentgen	50
roentgens	50
roes	35
roger	50
rogered	50
rogering	50
rogers	50
rogue	35
roguery	50
rogues	35
roguish	35
roguishly	50
roguishness	60
roil	50
roiled	50
roiling	50
roils	50
roister	50
roistered	50
roisterer	50
roisterers	50
roistering	50
roisters	50
role	35
roles	35
roll	35
rollback	50
rollbacks	50
rolled	35
roller	35
rollerblading	60
rollers	35
rollerskating	40
rollick	50
rollicked	50
rollicking	40
rollicks	50
rolling	35
rollmop	60
rollmops	60
rollout	60
rollouts	60
rollover	60
rollovers	60
rolls	35
rolltop	60
romaine	50
romaines	50
roman	35
romance	35
romanced	35
romancer	60
romancers	60
romances	35
romancing	35
romantic	35
romantically	35
romanticism	50
romanticist	50
romanticists	50
romanticize	40
romanticized	40
romanticizes	40
romanticizing	40
romantics	35
romeo	60
romeos	60
romp	35
romped	35
romper	60
rompers	50
romping	35
romps	35
rondo	60
rondos	60
rood	50
roods	50
roof	35
roofed	35
roofer	50
roofers	50
roofing	35
roofless	60
roofs	35
rooftop	40
rooftops	40
rook	35
rooked	35
rookeries	50
rookery	50
rookie	35
rookies	35
rooking	35
rooks	35
room	35
roomed	35
roomer	50
roomers	50
roomette	60
roomettes	60
roomful	40
roomfuls	40
roomie	60
roomier	35
roomiest	35
roominess	50
rooming	35
roommate	35
roommates	35
rooms	35
roomy	35
roost	35
roosted	35
rooster	35
roosters	35
roosting	35
roosts	35
root	35
rooted	35
rooter	60
rooters	60
rooting	35
rootkit	60
rootkits	60
rootless	40
rootlessness	60
rootlet	60
rootlets	60
roots	35
rope	35
roped	35
roper	60
ropers	60
ropes	35
ropier	60
ropiest	60
roping	35
ropy	60
rosaries	35
rosary	35
rose	35
roseate	50
rosebud	50
rosebuds	50
rosebush	50
rosebushes	50
rosemary	35
roses	35
rosette	50
rosettes	50
rosewater	60
rosewood	50
rosewoods	50
rosier	35
rosiest	35
rosily	50
rosin	50
rosined	50
rosiness	50
rosining	50
rosins	50
roster	35
rosters	35
rostrum	35
rostrums	35
rosy	35
rot	35
rota	60
rotaries	35
rotary	35
rotas	60
rotate	35
rotated	35
rotates	35
rotating	35
rotation	35
rotational	50
rotations	35
rotatory	60
rote	35
rotgut	60
roti	60
rotini	60
rotis	60
rotisserie	35
rotisseries	35
rotogravure	50
rotogravures	50
rotor	35
rotors	35
rototiller	60
rototillers	60
rots	35
rotted	35
rotten	35
rottener	35
rottenest	35
rottenly	60
rottenness	50
rotter	60
rotters	60
rotting	35
rottweiler	60
rottweilers	60
rotund	35
rotunda	35
rotundas	35
rotundity	50
rotundness	50
roue	50
roues	50
rouge	35
rouged	35
rouges	35
rough	35
roughage	35
roughcast	60
roughed	35
roughen	35
roughened	35
roughening	35
roughens	35
rougher	35
roughest	35
roughhouse	35
roughhoused	35
roughhouses	35
roughhousing	35
roughing	35
roughly	35
roughneck	50
roughnecked	50
roughnecking	50
roughnecks	50
roughness	35
roughs	35
roughshod	40
rouging	35
roulette	35
round	35
roundabout	35
roundabouts	35
rounded	35
roundel	60
roundelay	50
roundelays	50
roundels	60
rounder	35
rounders	60
roundest	35
roundhouse	50
roundhouses	50
rounding	35
roundish	50
roundly	50
roundness	35
rounds	35
roundtable	50
roundup	40
roundups	40
roundworm	50
roundworms	50
rouse	35
roused	35
rouses	35
rousing	35
roust	60
roustabout	50
roustabouts	50
rousted	60
rousting	60
rousts	60
rout	35
route	35
routed	35
router	35
routers	60
routes	35
routine	35
routinely	35
routines	35
routing	35
routinize	50
routinized	50
routinizes	50
routinizing	50
routs	35
roux	60
rove	50
roved	50
rover	50
rovers	50
roves	50
roving	40
row	35
rowan	60
rowans	60
rowboat	35
rowboats	35
rowdier	35
rowdies	35
rowdiest	35
rowdily	60
rowdiness	35
rowdy	35
rowdyism	50
rowed	35
rowel	50
roweled	50
roweling	50
rowels	50
rower	50
rowers	50
rowing	35
rowlock	60
rowlocks	60
rows	35
royal	35
royalist	50
royalists	50
royally	35
royals	35
royalties	35
royalty	35
rub	35
rubato	60
rubatos	60
rubbed	35
rubber	35
rubberize	50
rubberized	50
rubberizes	50
rubberizing	50
rubberneck	40
rubbernecked	40
rubbernecker	60
rubberneckers	60
rubbernecking	40
rubbernecks	40
rubbers	35
rubbery	40
rubbing	35
rubbings	60
rubbish	35
rubbished	50
rubbishes	35
rubbishing	60
rubbishy	50
rubble	35
rubdown	40
rubdowns	40
rube	50
rubella	40
rubes	50
rubicund	50
rubidium	60
rubier	35
rubies	35
rubiest	35
ruble	50
rubles	50
rubric	35
rubrics	50
rubs	35
ruby	35
ruched	60
ruck	60
rucked	60
rucking	60
rucks	60
rucksack	35
rucksacks	50
ruckus	35
ruckuses	35
ructions	60
rudder	35
rudderless	60
rudders	35
ruddier	35
ruddiest	35
ruddiness	50
ruddy	35
rude	35
rudely	35
rudeness	35
ruder	35
rudest	35
rudiment	50
rudimentary	35
rudiments	40
rue	35
rued	35
rueful	35
ruefully	50
ruefulness	60
rues	35
ruff	35
ruffed	35
ruffian	35
ruffianly	60
ruffians	35
ruffing	35
ruffle	35
ruffled	35
ruffles	35
ruffling	35
ruffly	60
ruffs	35
rug	35
rugby	35
rugged	35
ruggeder	35
ruggedest	35
ruggedly	50
ruggedness	50
rugger	60
rugrat	50
rugrats	50
rugs	35
ruin	35
ruination	50
ruined	35
ruing	35
ruining	35
ruinous	35
ruinously	50
ruins	35
rule	35
ruled	35
ruler	35
rulers	35
rules	35
ruling	35
rulings	35
rum	35
rumba	50
rumbaed	50
rumbaing	50
rumbas	50
rumble	35
rumbled	35
rumbles	35
rumbling	35
rumblings	50
rumbustious	60
ruminant	50
ruminants	50
ruminate	35
ruminated	35
ruminates	35
ruminating	35
rumination	50
ruminations	50
ruminative	60
ruminatively	60
rummage	35
rummaged	35
rummages	35
rummaging	35
rummer	35
rummest	35
rummy	35
rumor	35
rumored	35
rumoring	35
rumormonger	60
rumormongers	60
rumors	35
rump	35
rumple	35
rumpled	35
rumples	35
rumpling	35
rumply	60
rumps	35
rumpus	50
rumpuses	50
rums	35
run	35
runabout	50
runabouts	50
runaround	40
runarounds	40
runaway	35
runaways	35
rundown	35
rundowns	35
rune	50
runes	35
rung	35
rungs	35
runic	60
runlet	60
runlets	60
runnel	50
runnels	50
runner	35
runners	35
runnier	35
runniest	35
running	35
runny	35
runoff	50
runoffs	50
runs	35
runt	35
runtier	60
runtiest	60
runtime	60
runts	35
runty	60
runway	35
runways	35
rupee	50
rupees	50
rupiah	60
rupiahs	60
rupture	35
ruptured	35
ruptures	35
rupturing	35
rural	35
ruse	35
ruses	35
rush	35
rushed	35
rusher	60
rushers	60
rushes	35
rushing	35
rushy	60
rusk	50
rusks	50
russet	50
russets	50
rust	35
rusted	35
rustic	35
rustically	50
rusticate	60
rusticated	60
rusticates	60
rusticating	60
rustication	60
rusticity	50
rustics	35
rustier	35
rustiest	35
rustiness	50
rusting	35
rustle	35
rustled	35
rustler	35
rustlers	35
rustles	35
rustling	35
rustlings	60
rustproof	40
rustproofed	40
rustproofing	40
rustproofs	40
rusts	35
rusty	35
rut	35
rutabaga	50
rutabagas	50
ruthenium	60
rutherfordium	60
ruthless	35
ruthlessly	35
ruthlessness	35
ruts	35
rutted	35
ruttier	60
ruttiest	60
rutting	35
rutty	60
rye	35
sabbath	60
sabbaths	60
sabbatical	35
sabbaticals	40
saber	35
sabers	35
sable	50
sables	50
sabot	60
sabotage	35
sabotaged	35
sabotages	35
sabotaging	35
saboteur	35
saboteurs	35
sabots	60
sabra	60
sabras	60
sac	35
saccharin	40
saccharine	50
sacerdotal	50
sachem	50
sachems	50
sachet	50
sachets	50
sack	35
sackcloth	50
sacked	35
sacker	60
sackers	60
sackful	50
sackfuls	50
sacking	35
sackings	50
sacks	35
sacra	60
sacrament	35
sacramental	50
sacraments	35
sacred	35
sacredly	50
sacredness	50
sacrifice	35
sacrificed	35
sacrifices	35
sacrificial	35
sacrificially	60
sacrificing	35
sacrilege	35
sacrileges	35
sacrilegious	35
sacrilegiously	60
sacristan	50
sacristans	50
sacristies	50
sacristy	50
sacroiliac	60
sacroiliacs	60
sacrosanct	40
sacrosanctness	60
sacrum	60
sacs	35
sad	35
sadden	35
saddened	35
saddening	35
saddens	35
sadder	35
saddest	35
saddle	35
saddlebag	50
saddlebags	50
saddled	35
saddler	60
saddlers	60
saddlery	60
saddles	35
saddling	35
sadhu	60
sadhus	60
sadism	35
sadist	35
sadistic	35
sadistically	40
sadists	35
sadly	35
sadness	35
sadomasochism	60
sadomasochist	60
sadomasochistic	60
sadomasochists	60
safari	35
safaried	35
safariing	35
safaris	35
safe	35
safeguard	35
safeguarded	35
safeguarding	35
safeguards	35
safekeeping	35
safely	35
safeness	50
safer	35
safes	35
safest	35
safeties	35
safety	35
safflower	50
safflowers	50
saffron	35
saffrons	35
sag	35
saga	35
sagacious	50
sagaciously	60
sagacity	50
sagas	35
sage	35
sagebrush	35
sagely	60
sager	35
sages	35
sagest	35
sagged	35
saggier	60
saggiest	60
sagging	35
saggy	60
sago	50
sags	35
saguaro	50
saguaros	50
sahib	50
sahibs	50
said	35
sail	35
sailboard	40
sailboarder	60
sailboarders	60
sailboarding	60
sailboards	40
sailboat	35
sailboats	35
sailcloth	50
sailed	35
sailfish	50
sailfishes	50
sailing	35
sailings	40
sailor	35
sailors	35
sailplane	60
sailplanes	60
sails	35
saint	35
sainted	60
sainthood	50
saintlier	35
saintliest	35
saintlike	60
saintliness	50
saintly	35
saints	35
saith	60
sake	35
sakes	35
salaam	50
salaamed	50
salaaming	50
salaams	50
salable	35
salacious	50
salaciously	50
salaciousness	50
salacity	60
salad	35
salads	35
salamander	50
salamanders	50
salami	35
salamis	35
salaried	40
salaries	35
salary	35
sale	35
saleroom	60
salerooms	60
sales	35
salesclerk	40
salesclerks	40
salesgirl	50
salesgirls	50
salesladies	60
saleslady	60
salesman	35
salesmanship	50
salesmen	35
salespeople	50
salesperson	35
salespersons	35
salesroom	60
salesrooms	60
saleswoman	35
saleswomen	35
salience	50
salient	35
saliently	60
salients	35
saline	50
salines	50
salinity	50
saliva	35
salivary	50
salivate	35
salivated	35
salivates	35
salivating	35
salivation	50
sallied	50
sallies	50
sallow	35
sallower	35
sallowest	35
sallowness	60
sally	35
sallying	50
salmon	35
salmonella	40
salmonellae	40
salmons	35
salon	35
salons	35
saloon	35
saloons	35
salsa	40
salsas	40
salt	35
saltbox	60
saltboxes	60
saltcellar	50
saltcellars	50
salted	35
salter	35
saltest	35
saltier	35
saltiest	35
saltine	50
saltines	50
saltiness	50
salting	35
saltpeter	50
salts	35
saltshaker	50
saltshakers	50
saltwater	40
salty	35
salubrious	50
salutary	50
salutation	35
salutations	35
salutatorian	60
salutatorians	60
salutatory	60
salute	35
saluted	35
salutes	35
saluting	35
salvage	35
salvageable	50
salvaged	35
salvages	35
salvaging	35
salvation	35
salve	35
salved	35
salver	50
salvers	50
salves	35
salving	35
salvo	50
salvos	50
samarium	60
samba	50
sambaed	50
sambaing	50
sambas	50
same	35
sameness	35
samey	60
samosa	60
samosas	60
samovar	50
samovars	50
sampan	50
sampans	50
sample	35
sampled	35
sampler	35
samplers	50
samples	35
sampling	35
samplings	50
samurai	50
sanatorium	35
sanatoriums	35
sanctification	50
sanctified	35
sanctifies	35
sanctify	35
sanctifying	35
sanctimonious	35
sanctimoniously	50
sanctimoniousness	60
sanctimony	60
sanction	35
sanctioned	35
sanctioning	35
sanctions	35
sanctity	35
sanctuaries	35
sanctuary	35
sanctum	50
sanctums	50
sand	35
sandal	35
sandals	35
sandalwood	50
sandbag	35
sandbagged	35
sandbagger	60
sandbaggers	60
sandbagging	35
sandbags	35
sandbank	50
sandbanks	50
sandbar	50
sandbars	50
sandblast	40
sandblasted	40
sandblaster	50
sandblasters	50
sandblasting	40
sandblasts	40
sandbox	50
sandboxes	50
sandcastle	40
sandcastles	40
sanded	35
sander	50
sanders	50
sandhog	50
sandhogs	50
sandier	35
sandiest	35
sandiness	50
sanding	35
sandlot	50
sandlots	50
sandlotter	60
sandlotters	60
sandman	35
sandmen	35
sandpaper	35
sandpapered	35
sandpapering	35
sandpapers	35
sandpiper	50
sandpipers	50
sandpit	60
sandpits	60
sands	35
sandstone	35
sandstones	35
sandstorm	35
sandstorms	35
sandwich	35
sandwiched	35
sandwiches	35
sandwiching	35
sandy	35
sane	35
sanely	50
saneness	60
saner	35
sanest	35
sang	35
sangfroid	50
sangria	60
sanguinary	50
sanguine	50
sanguinely	60
sanitarian	60
sanitarians	60
sanitarium	35
sanitariums	35
sanitary	35
sanitation	35
sanitization	60
sanitizations	60
sanitize	40
sanitized	40
sanitizer	60
sanitizers	60
sanitizes	40
sanitizing	40
sanity	35
sank	35
sans	50
sanserif	35
sap	35
sapience	50
sapiens	60
sapient	50
sapless	60
sapling	35
saplings	35
sapped	35
sapper	60
sappers	60
sapphire	35
sapphires	35
sappier	50
sappiest	50
sappiness	60
sapping	35
sappy	50
saprophyte	50
saprophytes	50
saprophytic	60
saps	35
sapsucker	50
sapsuckers	50
sapwood	60
saran	60
sarcasm	35
sarcasms	35
sarcastic	35
sarcastically	35
sarcoma	50
sarcomas	50
sarcophagi	50
sarcophagus	50
sardine	35
sardines	35
sardonic	40
sardonically	50
sarge	60
sarges	60
sari	35
sarin	60
saris	35
sarky	60
sarnie	60
sarnies	60
sarong	50
sarongs	50
sarsaparilla	50
sarsaparillas	50
sartorial	50
sartorially	50
sash	35
sashay	50
sashayed	50
sashaying	50
sashays	50
sashes	35
sashimi	60
sass	40
sassafras	50
sassafrases	50
sassed	40
sasses	40
sassier	35
sassiest	35
sassing	40
sassy	35
sat	35
satanic	35
satanical	60
satanically	50
satanism	40
satanist	60
satanists	60
satay	50
satchel	35
satchels	35
sate	50
sated	50
sateen	50
satellite	35
satellites	35
sates	50
satiable	60
satiate	50
satiated	50
satiates	50
satiating	50
satiation	60
satiety	50
satin	35
sating	50
satinwood	50
satinwoods	50
satiny	40
satire	35
satires	35
satiric	60
satirical	35
satirically	40
satirist	35
satirists	35
satirize	35
satirized	35
satirizes	35
satirizing	35
satisfaction	35
satisfactions	35
satisfactorily	35
satisfactory	35
satisfied	35
satisfies	35
satisfy	35
satisfying	35
satisfyingly	60
satori	60
satrap	50
satraps	50
satsuma	60
satsumas	60
saturate	35
saturated	35
saturates	35
saturating	35
saturation	35
saturnine	50
satyr	50
satyriasis	60
satyric	60
satyrs	50
sauce	35
sauced	35
saucepan	35
saucepans	35
saucer	35
saucers	35
sauces	35
saucier	35
sauciest	35
saucily	50
sauciness	50
saucing	35
saucy	35
sauerkraut	35
sauna	35
saunaed	35
saunaing	35
saunas	35
saunter	35
sauntered	35
sauntering	35
saunters	35
saurian	60
sauropod	60
sauropods	60
sausage	35
sausages	35
saute	35
sauteed	35
sauteing	35
sautes	35
savable	60
savage	35
savaged	35
savagely	35
savageness	50
savager	35
savageries	35
savagery	35
savages	35
savagest	35
savaging	35
savanna	50
savannas	50
savant	50
savants	50
save	35
saved	35
saver	35
savers	40
saves	35
saving	35
savings	35
savior	35
saviors	35
savor	35
savored	35
savorier	35
savories	35
savoriest	35
savoriness	60
savoring	35
savors	35
savory	35
savoy	60
savoys	60
savvied	35
savvier	35
savvies	35
savviest	35
savvy	35
savvying	35
saw	35
sawbones	60
sawbuck	60
sawbucks	60
sawdust	35
sawed	35
sawflies	60
sawfly	60
sawhorse	50
sawhorses	50
sawing	35
sawmill	50
sawmills	50
saws	35
sawteeth	60
sawtooth	60
sawyer	50
sawyers	50
sax	40
saxes	40
saxifrage	60
saxifrages	60
saxophone	35
saxophones	35
saxophonist	50
saxophonists	50
say	35
saying	35
sayings	35
sayonara	60
says	35
scab	35
scabbard	50
scabbards	50
scabbed	35
scabbier	50
scabbiest	50
scabbiness	60
scabbing	35
scabby	50
scabies	50
scabrous	50
scabs	35
scad	60
scads	40
scaffold	35
scaffolding	35
scaffolds	35
scalability	60
scalable	60
scalar	35
scalars	35
scalawag	50
scalawags	50
scald	35
scalded	35
scalding	35
scalds	35
scale	35
scaled	35
scaleless	60
scalene	50
scales	35
scalier	35
scaliest	35
scaliness	60
scaling	35
scallion	50
scallions	50
scallop	35
scalloped	35
scalloping	35
scallops	35
scalp	35
scalped	35
scalpel	35
scalpels	35
scalper	40
scalpers	40
scalping	35
scalps	35
scaly	35
scam	40
scammed	40
scammer	50
scammers	50
scamming	40
scamp	50
scamper	35
scampered	35
scampering	35
scampers	35
scampi	50
scamps	50
scams	40
scan	35
scandal	35
scandalize	35
scandalized	35
scandalizes	35
scandalizing	35
scandalmonger	50
scandalmongers	50
scandalous	35
scandalously	50
scandals	35
scandium	60
scanned	35
scanner	35
scanners	35
scanning	35
scans	35
scansion	50
scant	35
scanted	35
scanter	35
scantest	35
scantier	35
scantiest	35
scantily	50
scantiness	50
scanting	35
scantly	60
scantness	60
scants	35
scanty	35
scapegoat	35
scapegoated	35
scapegoating	35
scapegoats	35
scapegrace	60
scapegraces	60
scapula	50
scapulae	50
scapular	60
scapulars	60
scar	35
scarab	50
scarabs	50
scarce	35
scarcely	35
scarceness	50
scarcer	35
scarcest	35
scarcities	35
scarcity	35
scare	35
scarecrow	35
scarecrows	35
scared	35
scaremonger	60
scaremongering	60
scaremongers	60
scares	35
scarf	35
scarfed	35
scarfing	35
scarfs	35
scarier	35
scariest	35
scarification	60
scarified	50
scarifies	50
scarify	50
scarifying	50
scarily	60
scariness	60
scaring	35
scarlatina	60
scarlet	35
scarp	60
scarped	60
scarper	60
scarpered	60
scarpering	60
scarpers	60
scarping	60
scarps	60
scarred	35
scarring	35
scars	35
scarves	35
scary	35
scat	50
scathing	35
scathingly	50
scatological	50
scatology	60
scats	50
scatted	50
scatter	35
scatterbrain	35
scatterbrained	35
scatterbrains	35
scattered	35
scattering	35
scatterings	60
scatters	35
scattershot	60
scatting	50
scatty	60
scavenge	40
scavenged	40
scavenger	35
scavengers	35
scavenges	40
scavenging	40
scenario	35
scenarios	35
scenarist	60
scenarists	60
scene	35
scenery	35
scenes	35
scenic	35
scenically	50
scent	35
scented	35
scenting	35
scentless	60
scents	35
scepter	35
scepters	35
schadenfreude	60
schedule	35
scheduled	35
scheduler	35
schedulers	50
schedules	35
scheduling	35
schema	50
schemata	60
schematic	50
schematically	50
schematics	50
schematize	60
schematized	60
schematizes	60
schematizing	60
scheme	35
schemed	35
schemer	35
schemers	35
schemes	35
scheming	35
scherzo	50
scherzos	50
schilling	60
schillings	60
schism	40
schismatic	50
schismatics	50
schisms	40
schist	50
schistosomiasis	60
schizo	60
schizoid	50
schizoids	50
schizophrenia	35
schizophrenic	35
schizophrenics	40
schizos	60
schlemiel	50
schlemiels	50
schlep	40
schlepped	40
schlepping	40
schleps	40
schlock	40
schmaltz	40
schmaltzier	40
schmaltziest	40
schmaltzy	40
schmo	60
schmoes	60
schmooze	40
schmoozed	40
schmoozer	60
schmoozers	60
schmoozes	40
schmoozing	40
schmuck	40
schmucks	40
schnapps	50
schnauzer	50
schnauzers	50
schnitzel	60
schnitzels	60
schnook	60
schnooks	60
schnoz	60
schnozes	60
schnozzle	60
schnozzles	60
scholar	35
scholarly	35
scholars	35
scholarship	35
scholarships	35
scholastic	35
scholastically	50
scholasticism	60
school	35
schoolbag	60
schoolbags	60
schoolbook	50
schoolbooks	50
schoolboy	35
schoolboys	35
schoolchild	40
schoolchildren	35
schooldays	50
schooled	35
schooler	60
schoolers	60
schoolfellow	60
schoolfellows	60
schoolgirl	40
schoolgirls	40
schoolhouse	50
schoolhouses	50
schooling	35
schoolkid	60
schoolkids	60
schoolmarm	50
schoolmarmish	60
schoolmarms	50
schoolmaster	50
schoolmasters	50
schoolmate	50
schoolmates	50
schoolmistress	50
schoolmistresses	50
schoolroom	50
schoolrooms	50
schools	35
schoolteacher	35
schoolteachers	35
schoolwork	50
schoolyard	50
schoolyards	50
schooner	35
schooners	35
schuss	50
schussboomer	60
schussboomers	60
schussed	50
schusses	50
schussing	50
schwa	50
schwas	50
sciatic	50
sciatica	50
science	35
sciences	35
scientific	35
scientifically	35
scientist	35
scientists	35
scimitar	50
scimitars	50
scintilla	50
scintillas	50
scintillate	50
scintillated	50
scintillates	50
scintillating	40
scintillation	50
scion	50
scions	50
scissor	60
scissored	60
scissoring	60
scissors	35
sclerosis	50
sclerotic	50
scoff	35
scoffed	35
scoffer	60
scoffers	60
scoffing	35
scofflaw	50
scofflaws	50
scoffs	35
scold	35
scolded	35
scolding	35
scoldings	40
scolds	35
scoliosis	50
sconce	50
sconces	50
scone	50
scones	50
scoop	35
scooped	35
scoopful	60
scoopfuls	60
scooping	35
scoops	35
scoot	35
scooted	35
scooter	35
scooters	35
scooting	35
scoots	35
scope	35
scoped	35
scopes	35
scoping	35
scorbutic	60
scorch	35
scorched	35
scorcher	50
scorchers	50
scorches	35
scorching	35
score	35
scoreboard	40
scoreboards	40
scorecard	40
scorecards	40
scored	35
scorekeeper	60
scorekeepers	60
scoreless	50
scoreline	60
scorelines	60
scorer	50
scorers	50
scores	35
scoring	35
scorn	35
scorned	35
scorner	60
scorners	60
scornful	35
scornfully	40
scorning	35
scorns	35
scorpion	35
scorpions	35
scotch	35
scotched	40
scotches	40
scotching	40
scoundrel	35
scoundrels	35
scour	35
scoured	35
scourer	60
scourers	60
scourge	35
scourged	35
scourges	35
scourging	35
scouring	35
scours	35
scout	35
scouted	35
scouter	60
scouters	60
scouting	35
scoutmaster	50
scoutmasters	50
scouts	35
scow	50
scowl	35
scowled	35
scowling	35
scowls	35
scows	50
scrabble	35
scrabbled	40
scrabbler	60
scrabblers	60
scrabbles	40
scrabbling	40
scrag	60
scraggier	60
scraggiest	60
scragglier	40
scraggliest	40
scraggly	40
scraggy	60
scrags	60
scram	35
scramble	35
scrambled	35
scrambler	50
scramblers	50
scrambles	35
scrambling	35
scrammed	35
scramming	35
scrams	35
scrap	35
scrapbook	35
scrapbooks	35
scrape	35
scraped	35
scraper	50
scrapers	50
scrapes	35
scrapheap	60
scrapheaps	60
scrapie	60
scraping	35
scrapings	60
scrapped	35
scrapper	60
scrappers	60
scrappier	40
scrappiest	40
scrapping	35
scrappy	40
scraps	35
scrapyard	60
scrapyards	60
scratch	35
scratchcard	60
scratchcards	60
scratched	35
scratches	35
scratchier	35
scratchiest	35
scratchily	60
scratchiness	50
scratching	35
scratchpad	60
scratchpads	60
scratchy	35
scrawl	35
scrawled	35
scrawling	35
scrawls	35
scrawly	60
scrawnier	35
scrawniest	35
scrawniness	60
scrawny	35
scream	35
screamed	35
screamer	60
screamers	60
screaming	35
screamingly	60
screams	35
scree	60
screech	35
screeched	35
screeches	35
screechier	50
screechiest	50
screeching	35
screechy	50
screed	60
screeds	60
screen	35
screened	35
screener	60
screeners	60
screening	35
screenings	50
screenplay	40
screenplays	40
screens	35
screensaver	60
screensavers	60
screenshot	50
screenshots	50
screenwriter	50
screenwriters	50
screenwriting	60
screes	60
screw	35
screwball	40
screwballs	40
screwdriver	35
screwdrivers	35
screwed	35
screwier	35
screwiest	35
screwiness	60
screwing	35
screws	35
screwworm	60
screwworms	60
screwy	35
scribal	60
scribble	35
scribbled	35
scribbler	50
scribblers	50
scribbles	35
scribbling	35
scribe	35
scribes	35
scrim	60
scrimmage	50
scrimmaged	50
scrimmages	50
scrimmaging	50
scrimp	40
scrimped	40
scrimping	40
scrimps	40
scrims	60
scrimshaw	50
scrimshawed	50
scrimshawing	50
scrimshaws	50
scrip	50
scrips	50
script	35
scripted	35
scripting	35
scripts	35
scriptural	50
scripture	35
scriptures	35
scriptwriter	50
scriptwriters	35
scrivener	60
scriveners	60
scrod	50
scrofula	50
scrofulous	60
scroll	35
scrolled	35
scrolling	35
scrolls	35
scrooge	40
scrooges	40
scrota	50
scrotal	60
scrotum	50
scrounge	35
scrounged	35
scrounger	50
scroungers	50
scrounges	35
scroungier	60
scroungiest	60
scrounging	35
scroungy	60
scrub	35
scrubbed	35
scrubber	50
scrubbers	50
scrubbier	50
scrubbiest	50
scrubbing	35
scrubby	50
scrubs	35
scruff	35
scruffier	35
scruffiest	35
scruffily	60
scruffiness	60
scruffs	35
scruffy	35
scrum	60
scrumhalf	60
scrumhalves	60
scrummage	60
scrummages	60
scrummed	60
scrumming	60
scrump	60
scrumped	60
scrumping	60
scrumps	60
scrumptious	50
scrumptiously	60
scrumpy	60
scrums	60
scrunch	50
scrunched	50
scrunches	50
scrunchies	50
scrunching	50
scrunchy	50
scruple	35
scrupled	35
scruples	35
scrupling	35
scrupulosity	60
scrupulous	35
scrupulously	35
scrupulousness	60
scrutineer	60
scrutineers	60
scrutinize	35
scrutinized	35
scrutinizes	35
scrutinizing	35
scrutiny	35
scuba	50
scubaed	50
scubaing	50
scubas	50
scud	50
scudded	50
scudding	50
scuds	50
scuff	35
scuffed	35
scuffing	35
scuffle	35
scuffled	35
scuffles	35
scuffling	35
scuffs	35
scull	50
sculled	50
sculler	60
sculleries	50
scullers	60
scullery	50
sculling	50
scullion	50
scullions	50
sculls	50
sculpt	50
sculpted	50
sculpting	50
sculptor	35
sculptors	35
sculptress	60
sculptresses	60
sculpts	50
sculptural	50
sculpture	35
sculptured	35
sculptures	35
sculpturing	35
scum	35
scumbag	60
scumbags	60
scummed	35
scummier	50
scummiest	50
scumming	35
scummy	50
scums	35
scupper	50
scuppered	50
scuppering	50
scuppers	50
scurf	50
scurfy	50
scurried	35
scurries	35
scurrility	60
scurrilous	35
scurrilously	50
scurrilousness	60
scurry	35
scurrying	35
scurvier	50
scurviest	50
scurvily	60
scurvy	50
scutcheon	60
scutcheons	60
scuttle	35
scuttlebutt	50
scuttled	35
scuttles	35
scuttling	35
scuzzier	50
scuzziest	50
scuzzy	50
scythe	35
scythed	35
scythes	35
scything	35
sea	35
seabed	50
seabeds	50
seabird	50
seabirds	50
seaboard	50
seaboards	50
seaborne	60
seacoast	50
seacoasts	50
seafarer	50
seafarers	50
seafaring	35
seafloor	60
seafloors	60
seafood	35
seafront	60
seafronts	60
seagoing	50
seagull	40
seagulls	60
seahorse	50
seahorses	50
seal	35
sealable	60
sealant	50
sealants	50
sealed	35
sealer	50
sealers	50
sealing	35
seals	35
sealskin	50
seam	35
seaman	35
seamanship	50
seamed	35
seamen	35
seamier	50
seamiest	50
seaming	35
seamless	40
seamlessly	60
seamount	60
seamounts	60
seams	35
seamstress	35
seamstresses	35
seamy	50
seance	50
seances	50
seaplane	50
seaplanes	50
seaport	35
seaports	35
sear	35
search	35
searchable	60
searched	35
searcher	50
searchers	50
searches	35
searching	35
searchingly	50
searchlight	35
searchlights	35
seared	35
searing	35
searingly	60
sears	35
seas	35
seascape	50
seascapes	50
seashell	35
seashells	35
seashore	35
seashores	35
seasick	35
seasickness	35
seaside	35
seasides	35
season	35
seasonable	35
seasonably	60
seasonal	35
seasonality	60
seasonally	50
seasoned	35
seasoning	35
seasonings	35
seasons	35
seat	35
seatback	60
seatbacks	60
seated	35
seating	35
seatmate	60
seatmates	60
seats	35
seawall	60
seawalls	60
seaward	50
seawards	50
seawater	60
seaway	50
seaways	50
seaweed	35
seaweeds	35
seaworthiness	60
seaworthy	50
sebaceous	50
seborrhea	60
sebum	60
sec	35
secant	60
secants	60
secateurs	60
secede	35
seceded	35
secedes	35
seceding	35
secession	35
secessionist	50
secessionists	50
secessions	35
seclude	50
secluded	35
secludes	50
secluding	50
seclusion	35
seclusive	50
second	35
secondaries	35
secondarily	35
secondary	35
seconded	35
seconder	60
seconders	60
secondhand	40
seconding	35
secondly	35
secondment	60
secondments	60
seconds	35
secrecy	35
secret	35
secretarial	35
secretariat	50
secretariats	50
secretaries	35
secretary	35
secretaryship	60
secrete	35
secreted	35
secretes	35
secreting	35
secretion	35
secretions	35
secretive	35
secretively	40
secretiveness	50
secretly	35
secretory	60
secrets	35
secs	40
sect	35
sectarian	50
sectarianism	50
sectarians	50
sectaries	60
sectary	60
section	35
sectional	50
sectionalism	50
sectionals	50
sectioned	35
sectioning	35
sections	35
sector	35
sectors	35
sects	35
secular	35
secularism	50
secularist	60
secularists	60
secularization	50
secularize	50
secularized	50
secularizes	50
secularizing	50
secure	35
secured	35
securely	35
securer	35
secures	35
securest	35
securing	35
securities	35
security	35
sedan	35
sedans	35
sedate	35
sedated	35
sedately	50
sedateness	60
sedater	35
sedates	35
sedatest	35
sedating	35
sedation	40
sedative	35
sedatives	35
sedentary	35
sedge	50
sedges	50
sedgy	60
sediment	35
sedimentary	35
sedimentation	50
sediments	35
sedition	50
seditious	50
seduce	35
seduced	35
seducer	50
seducers	50
seduces	35
seducing	35
seduction	35
seductions	35
seductive	35
seductively	50
seductiveness	60
seductress	60
seductresses	60
sedulous	50
sedulously	60
see	35
seed	35
seedbed	60
seedbeds	60
seedcase	60
seedcases	60
seeded	35
seeder	60
seeders	60
seedier	35
seediest	35
seediness	50
seeding	35
seedless	40
seedling	35
seedlings	35
seedpod	60
seedpods	60
seeds	35
seedy	35
seeing	35
seek	35
seeker	50
seekers	50
seeking	35
seeks	35
seem	35
seemed	35
seeming	35
seemingly	35
seemlier	50
seemliest	50
seemliness	50
seemly	50
seems	35
seen	35
seep	35
seepage	35
seeped	35
seeping	35
seeps	35
seer	50
seers	50
seersucker	50
sees	35
seesaw	35
seesawed	35
seesawing	35
seesaws	35
seethe	35
seethed	35
seethes	35
seething	35
segment	35
segmentation	35
segmented	35
segmenting	35
segments	35
segregate	35
segregated	35
segregates	35
segregating	35
segregation	35
segregationist	50
segregationists	50
segue	50
segued	50
segues	50
seguing	60
seigneur	60
seigneurs	60
seignior	60
seigniors	60
seine	60
seined	60
seiner	60
seiners	60
seines	60
seining	60
seismic	50
seismically	50
seismograph	50
seismographer	60
seismographers	60
seismographic	50
seismographs	50
seismography	60
seismologic	60
seismological	60
seismologist	50
seismologists	50
seismology	50
seitan	60
seize	35
seized	35
seizes	35
seizing	35
seizure	35
seizures	35
seldom	35
select	35
selected	35
selecting	35
selection	35
selections	35
selective	35
selectively	35
selectivity	50
selectman	50
selectmen	50
selectness	60
selector	35
selectors	35
selects	35
selenium	50
selenographer	60
selenographers	60
selenography	60
self	35
selfhood	60
selfie	50
selfies	50
selfish	35
selfishly	40
selfishness	35
selfless	40
selflessly	50
selflessness	50
selfsame	50
sell	35
sellable	60
seller	35
sellers	35
selling	35
selloff	50
selloffs	50
sellotape	60
sellotaped	60
sellotapes	60
sellotaping	60
sellout	40
sellouts	40
sells	35
seltzer	50
seltzers	50
selvage	50
selvages	50
selves	35
semantic	35
semantically	35
semanticist	60
semanticists	60
semantics	35
semaphore	50
semaphored	50
semaphores	50
semaphoring	50
semblance	35
semblances	35
semen	35
semester	35
semesters	35
semi	50
semiannual	50
semiannually	60
semiarid	60
semiautomatic	50
semiautomatics	50
semibreve	60
semibreves	60
semicircle	35
semicircles	35
semicircular	50
semicolon	35
semicolons	35
semiconducting	60
semiconductor	35
semiconductors	35
semiconscious	50
semidarkness	60
semidetached	60
semifinal	35
semifinalist	40
semifinalists	40
semifinals	35
semiformal	60
semigloss	60
semimonthlies	50
semimonthly	50
seminal	40
seminar	35
seminarian	50
seminarians	50
seminaries	35
seminars	35
seminary	35
semiofficial	60
semiotic	60
semiotics	50
semipermeable	50
semiprecious	40
semiprivate	50
semipro	60
semiprofessional	50
semiprofessionals	50
semiquaver	60
semiquavers	60
semiretired	50
semis	50
semiskilled	50
semisolid	60
semisweet	60
semitone	50
semitones	50
semitrailer	50
semitrailers	50
semitransparent	60
semitropical	50
semivowel	60
semivowels	60
semiweeklies	50
semiweekly	50
semiyearly	60
semolina	60
sempstress	60
sempstresses	60
senate	35
senates	35
senator	35
senatorial	40
senators	35
send	35
sender	35
senders	50
sending	35
sendoff	40
sendoffs	40
sends	35
senescence	60
senescent	60
senile	35
senility	35
senior	35
seniority	35
seniors	35
senna	50
senor	60
senora	60
senoras	60
senorita	60
senoritas	60
senors	60
sensation	35
sensational	35
sensationalism	35
sensationalist	60
sensationalistic	60
sensationalists	60
sensationalize	60
sensationalized	60
sensationalizes	60
sensationalizing	60
sensationally	40
sensations	35
sense	35
sensed	35
sensei	60
senseless	35
senselessly	50
senselessness	50
senses	35
sensibilities	35
sensibility	35
sensible	35
sensibleness	60
sensibly	35
sensing	35
sensitive	35
sensitively	40
sensitiveness	50
sensitives	35
sensitivities	35
sensitivity	35
sensitization	50
sensitize	50
sensitized	50
sensitizes	50
sensitizing	50
sensor	35
sensors	35
sensory	35
sensual	35
sensualist	60
sensualists	60
sensuality	35
sensually	50
sensuous	35
sensuously	50
sensuousness	50
sent	35
sentence	35
sentenced	35
sentences	35
sentencing	35
sententious	50
sententiously	60
sentience	35
sentient	35
sentiment	35
sentimental	35
sentimentalism	50
sentimentalist	50
sentimentalists	50
sentimentality	35
sentimentalization	60
sentimentalize	50
sentimentalized	50
sentimentalizes	50
sentimentalizing	50
sentimentally	50
sentiments	35
sentinel	50
sentinels	50
sentries	35
sentry	35
sepal	50
sepals	50
separability	60
separable	40
separably	60
separate	35
separated	35
separately	35
separateness	60
separates	35
separating	35
separation	35
separations	35
separatism	50
separatist	50
separatists	50
separative	60
separator	35
separators	35
sepia	50
sepsis	50
septa	50
septal	60
septet	50
septets	50
septic	50
septicemia	50
septicemic	60
septuagenarian	50
septuagenarians	50
septum	50
sepulcher	35
sepulchered	35
sepulchering	35
sepulchers	35
sepulchral	50
sequel	35
sequels	35
sequence	35
sequenced	35
sequencer	35
sequencers	50
sequences	35
sequencing	35
sequential	35
sequentially	35
sequester	50
sequestered	50
sequestering	50
sequesters	50
sequestrate	60
sequestrated	60
sequestrates	60
sequestrating	60
sequestration	50
sequestrations	50
sequin	35
sequined	50
sequinned	60
sequins	35
sequitur	50
sequoia	40
sequoias	40
seraglio	50
seraglios	50
serape	50
serapes	50
seraph	50
seraphic	50
seraphs	50
sere	50
serenade	35
serenaded	35
serenades	35
serenading	35
serendipitous	50
serendipitously	60
serendipity	50
serene	35
serenely	40
sereneness	50
serener	35
serenest	35
serenity	35
serer	50
serest	50
serf	50
serfdom	50
serfs	50
serge	50
sergeant	35
sergeants	35
serial	35
serializable	60
serialization	50
serializations	50
serialize	50
serialized	50
serializes	50
serializing	50
serially	50
serials	35
series	35
serif	60
serifs	60
serigraph	60
serigraphs	60
serine	60
serious	35
seriously	35
seriousness	35
sermon	35
sermonize	50
sermonized	50
sermonizes	50
sermonizing	50
sermons	35
serology	60
serotonin	60
serous	50
serpent	35
serpentine	50
serpents	35
serrate	60
serrated	40
serration	60
serrations	60
serried	50
serum	35
serums	35
servant	35
servants	35
serve	35
served	35
server	35
serveries	60
servers	35
servery	60
serves	35
service	35
serviceability	60
serviceable	35
serviced	35
serviceman	35
servicemen	35
services	35
servicewoman	40
servicewomen	40
servicing	35
serviette	60
serviettes	60
servile	35
servility	50
serving	35
servings	40
servitor	60
servitors	60
servitude	35
servo	50
servomechanism	50
servomechanisms	50
servomotor	60
servomotors	60
servos	50
sesame	50
sesames	50
sesquicentennial	60
sesquicentennials	60
session	35
sessions	35
set	35
setback	35
setbacks	35
sets	35
setscrew	60
setscrews	60
setsquare	60
setsquares	60
sett	60
settable	35
settee	50
settees	50
setter	35
setters	35
setting	35
settings	35
settle	35
settled	35
settlement	35
settlements	35
settler	35
settlers	35
settles	35
settling	35
setts	60
setup	40
setups	40
seven	35
sevens	35
seventeen	35
seventeens	35
seventeenth	35
seventeenths	35
seventh	35
sevenths	35
seventies	35
seventieth	35
seventieths	35
seventy	35
sever	35
several	35
severally	50
severance	35
severances	35
severe	35
severed	35
severely	35
severeness	60
severer	35
severest	35
severing	35
severity	35
severs	35
sew	35
sewage	35
sewed	35
sewer	35
sewerage	50
sewers	35
sewing	35
sewn	35
sews	35
sex	35
sexagenarian	50
sexagenarians	50
sexed	35
sexes	35
sexier	40
sexiest	40
sexily	50
sexiness	50
sexing	35
sexism	35
sexist	35
sexists	40
sexless	50
sexologist	60
sexologists	60
sexology	60
sexpot	50
sexpots	50
sextant	50
sextants	50
sextet	50
sextets	50
sexting	50
sexton	50
sextons	50
sextuplet	60
sextuplets	60
sexual	35
sexuality	35
sexualization	60
sexualize	60
sexualized	60
sexualizes	60
sexualizing	60
sexually	35
sexy	35
sh	40
shabbier	35
shabbiest	35
shabbily	35
shabbiness	50
shabby	35
shack	35
shacked	60
shacking	60
shackle	35
shackled	35
shackles	35
shackling	35
shacks	35
shad	50
shade	35
shaded	35
shades	35
shadier	35
shadiest	35
shadily	60
shadiness	50
shading	35
shadings	40
shadow	35
shadowbox	50
shadowboxed	50
shadowboxes	50
shadowboxing	50
shadowed	35
shadowier	35
shadowiest	35
shadowing	35
shadows	35
shadowy	35
shads	50
shady	35
shaft	35
shafted	35
shafting	35
shafts	35
shag	50
shagged	50
shaggier	35
shaggiest	35
shagginess	50
shagging	50
shaggy	35
shags	50
shah	50
shahs	50
shake	35
shakedown	40
shakedowns	40
shaken	35
shakeout	60
shakeouts	60
shaker	50
shakers	50
shakes	35
shakeup	40
shakeups	40
shakier	35
shakiest	35
shakily	40
shakiness	50
shaking	35
shaky	35
shale	50
shall	35
shallot	50
shallots	50
shallow	35
shallower	35
shallowest	35
shallowly	60
shallowness	40
shallows	35
shalom	60
shalt	35
sham	35
shaman	50
shamanic	60
shamanism	60
shamanistic	60
shamans	50
shamble	50
shambled	50
shambles	35
shambling	50
shambolic	60
shame	35
shamed	35
shamefaced	50
shamefacedly	60
shameful	35
shamefully	35
shamefulness	50
shameless	35
shamelessly	40
shamelessness	60
shames	35
shaming	35
shammed	35
shamming	35
shampoo	35
shampooed	35
shampooer	60
shampooers	60
shampooing	35
shampoos	35
shamrock	35
shamrocks	35
shams	35
shandies	60
shandy	50
shanghai	50
shanghaied	50
shanghaiing	50
shanghais	50
shank	50
shanks	50
shanties	35
shantung	50
shanty	35
shantytown	40
shantytowns	40
shape	35
shaped	35
shapeless	50
shapelessly	50
shapelessness	50
shapelier	35
shapeliest	35
shapeliness	50
shapely	35
shaper	60
shapers	60
shapes	35
shaping	35
shard	50
shards	50
share	35
shareable	50
sharecrop	60
sharecropped	60
sharecropper	50
sharecroppers	50
sharecropping	60
sharecrops	60
shared	35
shareholder	40
shareholders	35
shareholding	60
shareholdings	60
sharer	60
sharers	60
shares	35
shareware	60
sharia	50
shariah	50
sharing	35
shark	35
sharks	35
sharkskin	50
sharp	35
sharped	35
sharpen	35
sharpened	35
sharpener	35
sharpeners	35
sharpening	35
sharpens	35
sharper	35
sharpers	50
sharpest	35
sharpie	60
sharpies	60
sharping	35
sharpish	60
sharply	35
sharpness	35
sharps	35
sharpshooter	50
sharpshooters	50
sharpshooting	60
shatter	35
shattered	35
shattering	35
shatterproof	50
shatters	35
shave	35
shaved	35
shaven	35
shaver	35
shavers	35
shaves	35
shaving	35
shavings	50
shawl	35
shawls	35
shay	60
shays	60
she	35
sheaf	35
shear	35
sheared	35
shearer	50
shearers	50
shearing	35
shears	35
sheath	35
sheathe	35
sheathed	35
sheathes	35
sheathing	35
sheathings	50
sheaths	35
sheave	60
sheaved	60
sheaves	35
sheaving	60
shebang	50
shebangs	50
shebeen	60
shebeens	60
shed	35
shedding	35
sheds	35
sheen	35
sheenier	60
sheeniest	60
sheeny	60
sheep	35
sheepdog	50
sheepdogs	50
sheepfold	50
sheepfolds	50
sheepherder	60
sheepherders	60
sheepish	35
sheepishly	35
sheepishness	50
sheepskin	50
sheepskins	50
sheer	35
sheered	35
sheerer	35
sheerest	35
sheering	35
sheerness	60
sheers	35
sheet	35
sheeting	50
sheetlike	60
sheets	35
sheikdom	50
sheikdoms	50
sheikh	35
sheikhs	35
sheila	60
sheilas	60
shekel	50
shekels	50
shelf	35
shell	35
shellac	50
shellacked	50
shellacking	50
shellackings	60
shellacs	50
shelled	35
shellfire	60
shellfish	35
shellfishes	35
shelling	35
shells	35
shelter	35
sheltered	35
sheltering	35
shelters	35
shelve	35
shelved	35
shelves	35
shelving	35
shenanigan	50
shenanigans	40
shepherd	35
shepherded	35
shepherdess	50
shepherdesses	50
shepherding	35
shepherds	35
sherbet	35
sherbets	35
sheriff	35
sheriffs	35
sherries	35
sherry	35
shew	60
shewed	60
shewing	60
shewn	60
shews	60
shh	60
shiatsu	60
shibboleth	50
shibboleths	50
shied	35
shield	35
shielded	35
shielding	35
shields	35
shies	35
shift	35
shifted	35
shifter	60
shifters	60
shiftier	35
shiftiest	35
shiftily	50
shiftiness	50
shifting	35
shiftless	35
shiftlessly	60
shiftlessness	50
shifts	35
shifty	35
shiitake	50
shill	50
shilled	50
shillelagh	50
shillelaghs	50
shilling	50
shillings	50
shills	50
shim	50
shimmed	50
shimmer	35
shimmered	35
shimmering	35
shimmers	35
shimmery	50
shimmied	50
shimmies	50
shimming	50
shimmy	50
shimmying	50
shims	50
shin	35
shinbone	50
shinbones	50
shindig	50
shindigs	50
shine	35
shined	35
shiner	50
shiners	50
shines	35
shingle	35
shingled	35
shingles	35
shingling	35
shinguard	60
shinguards	60
shinier	35
shiniest	35
shininess	50
shining	35
shinned	35
shinnied	40
shinnies	40
shinning	35
shinny	40
shinnying	40
shins	35
shinsplints	60
shiny	35
ship	35
shipboard	50
shipboards	50
shipbuilder	50
shipbuilders	50
shipbuilding	50
shipload	40
shiploads	40
shipmate	50
shipmates	50
shipment	35
shipments	35
shipowner	60
shipowners	60
shipped	35
shipper	50
shippers	50
shipping	35
ships	35
shipshape	35
shipwreck	35
shipwrecked	35
shipwrecking	35
shipwrecks	35
shipwright	50
shipwrights	50
shipyard	40
shipyards	40
shire	35
shires	50
shirk	35
shirked	35
shirker	50
shirkers	50
shirking	35
shirks	35
shirr	50
shirred	50
shirring	50
shirrings	50
shirrs	50
shirt	35
shirtdress	60
shirtdresses	60
shirtfront	60
shirtfronts	60
shirting	60
shirtless	60
shirts	35
shirtsleeve	40
shirtsleeves	40
shirttail	50
shirttails	50
shirtwaist	50
shirtwaists	50
shirty	60
shit	40
shitfaced	60
shithead	60
shitheads	60
shitload	60
shits	40
shitted	60
shittier	40
shittiest	40
shitting	40
shitty	40
shiv	60
shiver	35
shivered	35
shivering	35
shivers	35
shivery	50
shivs	60
shoal	35
shoaled	35
shoaling	35
shoals	35
shoat	60
shoats	60
shock	35
shocked	35
shocker	50
shockers	50
shocking	35
shockingly	50
shockproof	50
shocks	35
shod	35
shoddier	35
shoddiest	35
shoddily	40
shoddiness	50
shoddy	35
shoe	35
shoebox	60
shoeboxes	60
shoehorn	50
shoehorned	50
shoehorning	50
shoehorns	50
shoeing	35
shoelace	35
shoelaces	35
shoeless	60
shoemaker	50
shoemakers	50
shoes	35
shoeshine	60
shoeshines	60
shoestring	35
shoestrings	35
shoetree	60
shoetrees	60
shogun	50
shogunate	60
shoguns	50
shone	35
shoo	35
shooed	35
shooing	35
shook	35
shoos	35
shoot	35
shooter	50
shooters	50
shooting	35
shootings	40
shootout	50
shootouts	50
shoots	35
shop	35
shopaholic	50
shopaholics	50
shopfitter	60
shopfitters	60
shopfitting	60
shopfront	60
shopfronts	60
shopkeeper	35
shopkeepers	35
shoplift	40
shoplifted	40
shoplifter	35
shoplifters	35
shoplifting	40
shoplifts	40
shoppe	60
shopped	35
shopper	35
shoppers	35
shoppes	60
shopping	35
shops	35
shoptalk	50
shopworn	50
shore	35
shorebird	60
shorebirds	60
shored	35
shoreline	50
shorelines	50
shores	35
shoring	35
shorn	35
short	35
shortage	35
shortages	35
shortbread	50
shortcake	50
shortcakes	50
shortchange	40
shortchanged	40
shortchanges	40
shortchanging	40
shortcoming	35
shortcomings	35
shortcrust	60
shortcut	40
shortcuts	40
shorted	35
shorten	35
shortened	35
shortening	35
shortenings	35
shortens	35
shorter	35
shortest	35
shortfall	35
shortfalls	40
shorthaired	60
shorthand	35
shorthanded	60
shorthorn	50
shorthorns	50
shorties	60
shorting	35
shortish	50
shortlist	35
shortlisted	60
shortlisting	60
shortlists	60
shortly	35
shortness	35
shorts	35
shortsighted	40
shortsightedly	50
shortsightedness	50
shortstop	50
shortstops	50
shortwave	40
shortwaves	40
shorty	60
shot	35
shotgun	35
shotgunned	35
shotgunning	35
shotguns	35
shots	35
should	35
shoulder	35
shouldered	35
shouldering	35
shoulders	35
shout	35
shouted	35
shouter	60
shouters	60
shouting	35
shouts	35
shove	35
shoved	35
shovel	35
shoveled	35
shovelful	50
shovelfuls	50
shoveling	35
shovels	35
shoves	35
shoving	35
show	35
showbiz	40
showboat	50
showboated	50
showboating	50
showboats	50
showcase	35
showcased	35
showcases	35
showcasing	35
showdown	35
showdowns	35
showed	35
shower	35
showered	35
showerhead	60
showerheads	60
showering	35
showerproof	60
showers	35
showery	50
showgirl	60
showgirls	60
showground	60
showgrounds	60
showier	35
showiest	35
showily	50
showiness	50
showing	35
showings	35
showjumping	60
showman	35
showmanship	40
showmen	35
shown	35
showoff	40
showoffs	40
showpiece	40
showpieces	40
showplace	50
showplaces	50
showroom	40
showrooms	40
shows	35
showstopper	60
showstoppers	60
showstopping	60
showtime	60
showy	35
shrank	35
shrapnel	35
shred	35
shredded	35
shredder	50
shredders	50
shredding	35
shreds	35
shrew	35
shrewd	35
shrewder	35
shrewdest	35
shrewdly	40
shrewdness	35
shrewish	50
shrews	35
shriek	35
shrieked	35
shrieking	35
shrieks	35
shrift	50
shrike	50
shrikes	50
shrill	35
shrilled	35
shriller	35
shrillest	35
shrilling	35
shrillness	50
shrills	35
shrilly	50
shrimp	35
shrimped	35
shrimper	60
shrimpers	60
shrimping	35
shrimps	35
shrine	35
shrines	35
shrink	35
shrinkable	50
shrinkage	35
shrinking	35
shrinks	35
shrive	50
shrived	50
shrivel	35
shriveled	35
shriveling	35
shrivels	35
shriven	50
shrives	50
shriving	50
shroud	35
shrouded	35
shrouding	35
shrouds	35
shrub	35
shrubberies	35
shrubbery	35
shrubbier	50
shrubbiest	50
shrubby	50
shrubs	35
shrug	35
shrugged	35
shrugging	35
shrugs	35
shrunk	35
shrunken	35
shtick	50
shticks	50
shuck	35
shucked	35
shucking	35
shucks	35
shudder	35
shuddered	35
shuddering	35
shudders	35
shuffle	35
shuffleboard	50
shuffleboards	50
shuffled	35
shuffler	50
shufflers	50
shuffles	35
shuffling	35
shun	35
shunned	35
shunning	35
shuns	35
shunt	35
shunted	35
shunting	35
shunts	35
shush	40
shushed	40
shushes	40
shushing	40
shut	35
shutdown	35
shutdowns	40
shuteye	40
shutoff	60
shutoffs	60
shutout	50
shutouts	50
shuts	35
shutter	35
shutterbug	50
shutterbugs	50
shuttered	35
shuttering	35
shutters	35
shutting	35
shuttle	35
shuttlecock	50
shuttlecocked	50
shuttlecocking	50
shuttlecocks	50
shuttled	35
shuttles	35
shuttling	35
shy	35
shyer	35
shyest	35
shying	35
shyly	40
shyness	35
shyster	40
shysters	40
sibilant	50
sibilants	50
sibling	35
siblings	35
sibyl	50
sibylline	60
sibyls	50
sic	35
sick	35
sickbay	50
sickbays	50
sickbed	50
sickbeds	50
sicked	35
sicken	35
sickened	35
sickening	35
sickeningly	50
sickens	35
sicker	35
sickest	35
sickie	60
sickies	60
sicking	35
sickish	60
sickle	35
sickles	35
sicklier	35
sickliest	35
sickly	35
sickness	35
sicknesses	35
sicko	60
sickos	60
sickout	60
sickouts	60
sickroom	60
sickrooms	60
sicks	35
sics	35
side	35
sidearm	50
sidearms	50
sidebar	50
sidebars	50
sideboard	50
sideboards	50
sideburns	40
sidecar	50
sidecars	50
sided	35
sidekick	40
sidekicks	40
sidelight	50
sidelights	50
sideline	35
sidelined	35
sidelines	35
sidelining	35
sidelong	35
sideman	60
sidemen	60
sidepiece	60
sidepieces	60
sidereal	50
sides	35
sidesaddle	50
sidesaddles	50
sideshow	35
sideshows	35
sidesplitting	50
sidestep	35
sidestepped	35
sidestepping	35
sidesteps	35
sidestroke	50
sidestroked	50
sidestrokes	50
sidestroking	50
sideswipe	50
sideswiped	50
sideswipes	50
sideswiping	50
sidetrack	35
sidetracked	35
sidetracking	35
sidetracks	35
sidewalk	35
sidewalks	35
sidewall	50
sidewalls	50
sideways	35
sidewinder	60
sidewinders	60
siding	35
sidings	35
sidle	35
sidled	35
sidles	35
sidling	35
siege	35
sieges	35
sienna	60
sierra	35
sierras	50
siesta	35
siestas	35
sieve	35
sieved	35
sieves	35
sieving	35
sift	35
sifted	35
sifter	50
sifters	50
sifting	35
sifts	35
sigh	35
sighed	35
sighing	35
sighs	35
sight	35
sighted	35
sighting	35
sightings	40
sightless	35
sightlier	60
sightliest	60
sightly	60
sightread	40
sights	35
sightseeing	40
sightseer	40
sightseers	40
sigma	35
sigmas	60
sign	35
signage	60
signal	35
signaled	35
signaler	60
signalers	60
signaling	35
signalization	60
signalize	50
signalized	50
signalizes	50
signalizing	50
signally	50
signalman	60
signalmen	60
signals	35
signatories	40
signatory	40
signature	35
signatures	35
signboard	50
signboards	50
signed	35
signer	50
signers	50
signet	50
signets	50
significance	35
significant	35
significantly	35
signification	50
significations	50
signified	35
signifier	60
signifiers	60
signifies	35
signify	35
signifying	35
signing	35
signings	40
signor	60
signora	60
signoras	60
signorina	60
signorinas	60
signors	60
signpost	35
signposted	35
signposting	35
signposts	35
signs	35
silage	50
silence	35
silenced	35
silencer	40
silencers	40
silences	35
silencing	35
silent	35
silenter	35
silentest	35
silently	35
silents	35
silhouette	35
silhouetted	35
silhouettes	35
silhouetting	35
silica	50
silicate	50
silicates	50
siliceous	50
silicon	35
silicone	50
silicosis	50
silk	35
silken	35
silkier	40
silkiest	40
silkily	60
silkiness	60
silks	35
silkscreen	60
silkscreened	60
silkscreening	60
silkscreens	60
silkworm	50
silkworms	50
silky	40
sill	35
sillier	35
sillies	35
silliest	35
silliness	35
sills	35
silly	35
silo	35
silos	35
silt	35
silted	35
siltier	60
siltiest	60
silting	35
silts	35
silty	60
silver	35
silverback	60
silverbacks	60
silvered	35
silverfish	50
silverfishes	50
silvering	35
silvers	35
silversmith	35
silversmiths	35
silverware	35
silvery	35
sim	50
simian	50
simians	50
similar	35
similarities	35
similarity	35
similarly	35
simile	35
similes	35
similitude	60
simmer	35
simmered	35
simmering	35
simmers	35
simonize	60
simonized	60
simonizes	60
simonizing	60
simony	60
simp	60
simpatico	50
simper	40
simpered	40
simpering	40
simperingly	60
simpers	40
simple	35
simpleminded	60
simplemindedness	60
simpleness	50
simpler	35
simplest	35
simpleton	50
simpletons	50
simplex	35
simplicity	35
simplification	35
simplifications	40
simplified	35
simplifies	35
simplify	35
simplifying	35
simplistic	35
simplistically	60
simply	35
simps	60
sims	50
simulacra	60
simulacrum	60
simulacrums	60
simulate	35
simulated	35
simulates	35
simulating	35
simulation	35
simulations	35
simulator	35
simulators	40
simulcast	50
simulcasting	50
simulcasts	50
simultaneity	60
simultaneous	35
simultaneously	35
sin	35
since	35
sincere	35
sincerely	35
sincerer	35
sincerest	35
sincerity	35
sine	35
sinecure	50
sinecures	50
sines	60
sinew	35
sinews	35
sinewy	35
sinful	35
sinfully	50
sinfulness	50
sing	35
singable	60
singalong	60
singalongs	60
singe	35
singed	35
singeing	35
singer	35
singers	35
singes	35
singing	35
single	35
singled	35
singleness	60
singles	35
singlet	60
singleton	50
singletons	50
singletree	60
singletrees	60
singlets	60
singling	35
singly	35
sings	35
singsong	40
singsongs	40
singular	35
singularities	50
singularity	35
singularly	35
singulars	35
sinister	35
sink	35
sinkable	50
sinker	50
sinkers	50
sinkhole	50
sinkholes	50
sinking	35
sinks	35
sinless	60
sinned	35
sinner	35
sinners	35
sinning	35
sinology	60
sins	35
sinuosity	60
sinuous	50
sinuously	60
sinus	35
sinuses	35
sinusitis	50
sinusoidal	50
sip	35
siphon	35
siphoned	35
siphoning	35
siphons	35
sipped	35
sipper	60
sippers	60
sipping	35
sips	35
sir	35
sire	35
sired	35
siren	35
sirens	35
sires	35
siring	35
sirloin	35
sirloins	35
sirocco	50
siroccos	50
sirrah	60
sirree	60
sirs	35
sis	50
sisal	50
sises	50
sissier	35
sissies	35
sissiest	35
sissified	60
sissy	35
sister	35
sisterhood	35
sisterhoods	35
sisterliness	60
sisterly	35
sisters	35
sit	35
sitar	50
sitarist	60
sitarists	60
sitars	50
sitcom	40
sitcoms	40
site	35
sited	35
sitemap	60
sitemaps	60
sites	35
siting	35
sits	35
sitter	35
sitters	35
sitting	35
sittings	40
situ	50
situate	50
situated	35
situates	50
situating	50
situation	35
situational	60
situations	35
six	35
sixes	35
sixfold	60
sixpence	35
sixteen	35
sixteens	35
sixteenth	35
sixteenths	35
sixth	35
sixths	35
sixties	35
sixtieth	35
sixtieths	35
sixty	35
sizable	35
size	35
sized	35
sizes	35
sizing	35
sizzle	35
sizzled	35
sizzler	60
sizzlers	60
sizzles	35
sizzling	35
ska	60
skate	35
skateboard	35
skateboarded	35
skateboarder	40
skateboarders	40
skateboarding	35
skateboards	35
skated	35
skater	35
skaters	35
skates	35
skating	35
skedaddle	50
skedaddled	50
skedaddles	50
skedaddling	50
skeet	50
skeeter	60
skeeters	60
skein	35
skeins	35
skeletal	50
skeleton	35
skeletons	35
skeptic	35
skeptical	35
skeptically	40
skepticism	35
skeptics	35
sketch	35
sketchbook	60
sketchbooks	60
sketched	35
sketcher	60
sketchers	60
sketches	35
sketchier	35
sketchiest	35
sketchily	60
sketchiness	60
sketching	35
sketchpad	60
sketchpads	60
sketchy	35
skew	35
skewbald	60
skewbalds	60
skewed	35
skewer	35
skewered	35
skewering	35
skewers	35
skewing	35
skews	35
ski	35
skibob	60
skibobs	60
skid	35
skidded	35
skidding	35
skidpan	60
skidpans	60
skids	35
skied	35
skier	40
skiers	40
skies	35
skiff	50
skiffle	60
skiffs	50
skiing	35
skill	35
skilled	35
skillet	35
skillets	35
skillful	35
skillfully	40
skillfulness	60
skills	35
skim	35
skimmed	35
skimmer	60
skimmers	60
skimming	35
skimp	35
skimped	35
skimpier	35
skimpiest	35
skimpily	60
skimpiness	50
skimping	35
skimps	35
skimpy	35
skims	35
skin	35
skincare	60
skinflint	35
skinflints	35
skinful	60
skinhead	40
skinheads	40
skinless	50
skinned	35
skinnier	35
skinniest	35
skinniness	50
skinning	35
skinny	35
skins	35
skint	60
skintight	40
skip	35
skipped	35
skipper	35
skippered	35
skippering	35
skippers	35
skipping	35
skips	35
skirmish	35
skirmished	35
skirmisher	60
skirmishers	60
skirmishes	35
skirmishing	35
skirt	35
skirted	35
skirting	35
skirts	35
skis	35
skit	35
skits	35
skitter	50
skittered	50
skittering	50
skitters	50
skittish	35
skittishly	60
skittishness	60
skittle	60
skittles	60
skive	60
skived	60
skiver	60
skivers	60
skives	60
skiving	60
skivvied	50
skivvies	50
skivvy	50
skivvying	50
skoal	60
skoals	60
skua	60
skuas	60
skulduggery	50
skulk	35
skulked	35
skulker	60
skulkers	60
skulking	35
skulks	35
skull	35
skullcap	40
skullcaps	40
skulls	35
skunk	35
skunked	35
skunking	35
skunks	35
sky	35
skybox	60
skyboxes	60
skycap	50
skycaps	50
skydive	60
skydived	60
skydiver	40
skydivers	40
skydives	60
skydiving	40
skying	35
skyjack	50
skyjacked	50
skyjacker	50
skyjackers	50
skyjacking	50
skyjackings	60
skyjacks	50
skylark	50
skylarked	50
skylarking	50
skylarks	50
skylight	35
skylights	35
skyline	35
skylines	35
skyrocket	35
skyrocketed	35
skyrocketing	35
skyrockets	35
skyscraper	35
skyscrapers	35
skyward	50
skywards	50
skywriter	50
skywriters	50
skywriting	50
slab	35
slabbed	35
slabbing	35
slabs	35
slack	35
slacked	35
slacken	35
slackened	35
slackening	35
slackens	35
slacker	35
slackers	40
slackest	35
slacking	35
slackly	50
slackness	50
slacks	35
slag	35
slagged	60
slagging	60
slagheap	60
slagheaps	60
slags	50
slain	35
slake	35
slaked	35
slakes	35
slaking	35
slalom	40
slalomed	40
slaloming	40
slaloms	40
slam	35
slammed	35
slammer	50
slammers	50
slamming	35
slams	35
slander	35
slandered	35
slanderer	50
slanderers	50
slandering	35
slanderous	50
slanders	35
slang	35
slangier	50
slangiest	50
slangy	50
slant	35
slanted	35
slanting	35
slantingly	60
slants	35
slantwise	50
slap	35
slapdash	40
slaphappy	50
slapped	35
slapper	60
slappers	60
slapping	35
slaps	35
slapstick	35
slash	35
slashed	35
slasher	60
slashers	60
slashes	35
slashing	35
slat	35
slate	35
slated	35
slates	35
slather	40
slathered	40
slathering	40
slathers	40
slating	35
slats	35
slatted	60
slattern	50
slatternly	50
slatterns	50
slaughter	35
slaughtered	35
slaughterer	50
slaughterers	50
slaughterhouse	40
slaughterhouses	40
slaughtering	35
slaughters	35
slave	35
slaved	35
slaveholder	60
slaveholders	60
slaver	50
slavered	50
slavering	50
slavers	50
slavery	35
slaves	35
slaving	35
slavish	35
slavishly	50
slavishness	60
slaw	50
slay	35
slayed	60
slayer	50
slayers	50
slaying	35
slayings	40
slays	35
sleaze	50
sleazebag	60
sleazebags	60
sleazeball	60
sleazeballs	60
sleazes	50
sleazier	35
sleaziest	35
sleazily	50
sleaziness	50
sleazy	35
sled	35
sledded	35
sledder	60
sledders	60
sledding	35
sledge	50
sledged	50
sledgehammer	35
sledgehammered	40
sledgehammering	40
sledgehammers	40
sledges	50
sledging	50
sleds	35
sleek	35
sleeked	35
sleeker	35
sleekest	35
sleeking	35
sleekly	50
sleekness	50
sleeks	35
sleep	35
sleeper	35
sleepers	35
sleepier	35
sleepiest	35
sleepily	40
sleepiness	50
sleeping	35
sleepless	35
sleeplessly	60
sleeplessness	40
sleepover	60
sleepovers	60
sleeps	35
sleepwalk	40
sleepwalked	40
sleepwalker	50
sleepwalkers	50
sleepwalking	40
sleepwalks	40
sleepwear	60
sleepy	35
sleepyhead	40
sleepyheads	40
sleet	35
sleeted	35
sleeting	35
sleets	35
sleety	50
sleeve	35
sleeved	60
sleeveless	35
sleeves	35
sleigh	35
sleighed	35
sleighing	35
sleighs	35
sleight	60
sleights	60
slender	35
slenderer	35
slenderest	35
slenderize	50
slenderized	50
slenderizes	50
slenderizing	50
slenderness	50
slept	35
sleuth	40
sleuthing	60
sleuths	40
slew	35
slewed	35
slewing	35
slews	35
slice	35
sliced	35
slicer	50
slicers	50
slices	35
slicing	35
slick	35
slicked	35
slicker	35
slickers	50
slickest	35
slicking	35
slickly	50
slickness	50
slicks	35
slid	35
slide	35
slider	50
sliders	50
slides	35
slideshow	50
slideshows	50
sliding	35
slier	35
sliest	35
slight	35
slighted	35
slighter	35
slightest	35
slighting	35
slightly	35
slightness	50
slights	35
slim	35
slime	35
slimeball	60
slimeballs	60
slimier	35
slimiest	35
sliminess	60
slimline	60
slimmed	35
slimmer	35
slimmers	60
slimmest	35
slimming	35
slimness	50
slims	35
slimy	35
sling	35
slingback	60
slingbacks	60
slinging	35
slings	35
slingshot	35
slingshots	35
slink	35
slinkier	50
slinkiest	50
slinking	35
slinks	35
slinky	50
slip	35
slipcase	60
slipcases	60
slipcover	50
slipcovers	50
slipknot	50
slipknots	50
slippage	50
slippages	50
slipped	35
slipper	35
slipperier	35
slipperiest	35
slipperiness	50
slippers	35
slippery	35
slipping	35
slippy	60
slips	35
slipshod	35
slipstream	60
slipstreams	60
slipway	60
slipways	60
slit	35
slither	35
slithered	35
slithering	35
slithers	35
slithery	50
slits	35
slitting	35
sliver	35
slivered	35
slivering	35
slivers	35
slob	35
slobbed	60
slobber	35
slobbered	35
slobbering	35
slobbers	35
slobbery	60
slobbing	60
slobs	35
sloe	50
sloes	50
slog	35
slogan	35
sloganeering	60
slogans	35
slogged	35
slogging	35
slogs	35
sloop	50
sloops	50
slop	35
slope	35
sloped	35
slopes	35
sloping	35
slopped	35
sloppier	35
sloppiest	35
sloppily	40
sloppiness	50
slopping	35
sloppy	35
slops	35
slosh	35
sloshed	35
sloshes	35
sloshing	35
slot	35
sloth	35
slothful	35
slothfully	60
slothfulness	50
sloths	35
slots	35
slotted	35
slotting	35
slouch	35
slouched	35
sloucher	60
slouchers	60
slouches	35
slouchier	50
slouchiest	50
slouching	35
slouchy	50
slough	50
sloughed	50
sloughing	50
sloughs	50
sloven	50
slovenlier	35
slovenliest	35
slovenliness	50
slovenly	35
slovens	50
slow	35
slowcoach	60
slowcoaches	60
slowdown	40
slowdowns	40
slowed	35
slower	35
slowest	35
slowing	35
slowly	35
slowness	35
slowpoke	40
slowpokes	40
slows	35
sludge	35
sludgier	60
sludgiest	60
sludgy	60
slue	50
slued	50
slues	50
slug	35
slugfest	60
slugfests	60
sluggard	50
sluggards	50
slugged	35
slugger	50
sluggers	50
slugging	35
sluggish	35
sluggishly	50
sluggishness	50
slugs	35
sluice	35
sluiced	35
sluices	35
sluicing	35
sluing	50
slum	35
slumber	35
slumbered	35
slumbering	35
slumberous	50
slumbers	35
slumdog	50
slumdogs	50
slumlord	50
slumlords	50
slummed	35
slummier	60
slummiest	60
slumming	35
slummy	60
slump	35
slumped	35
slumping	35
slumps	35
slums	35
slung	35
slunk	35
slur	35
slurp	40
slurped	40
slurping	40
slurps	40
slurred	35
slurring	35
slurry	60
slurs	35
slush	35
slushier	40
slushiest	40
slushiness	60
slushy	40
slut	35
sluts	35
sluttier	60
sluttiest	60
sluttish	50
slutty	60
sly	35
slyly	35
slyness	35
smack	35
smackdown	60
smacked	35
smacker	50
smackers	50
smacking	35
smacks	35
small	35
smaller	35
smallest	35
smallholder	60
smallholders	60
smallholding	60
smallholdings	60
smallish	35
smallmouth	60
smallmouths	60
smallness	50
smallpox	35
smalls	35
smarmier	50
smarmiest	50
smarmy	50
smart	35
smarted	35
smarten	50
smartened	50
smartening	50
smartens	50
smarter	35
smartest	35
smarties	60
smarting	35
smartly	35
smartness	50
smartphone	50
smartphones	50
smarts	35
smartwatch	50
smartwatches	50
smarty	60
smash	35
smashed	35
smasher	60
smashers	60
smashes	35
smashing	35
smashup	60
smashups	60
smattering	35
smatterings	35
smear	35
smeared	35
smearier	60
smeariest	60
smearing	35
smears	35
smeary	60
smell	35
smelled	35
smellier	35
smelliest	35
smelliness	60
smelling	35
smells	35
smelly	35
smelt	35
smelted	35
smelter	50
smelters	50
smelting	35
smelts	35
smidgen	35
smidgens	35
smilax	60
smile	35
smiled	35
smiles	35
smiley	60
smileys	60
smiling	35
smilingly	50
smirch	50
smirched	50
smirches	50
smirching	50
smirk	35
smirked	35
smirking	35
smirks	35
smite	50
smites	50
smith	35
smithereens	35
smithies	50
smiths	35
smithy	50
smiting	50
smitten	35
smock	35
smocked	35
smocking	35
smocks	35
smog	35
smoggier	40
smoggiest	40
smoggy	40
smogs	35
smoke	35
smoked	35
smokehouse	50
smokehouses	50
smokeless	50
smoker	35
smokers	35
smokes	35
smokestack	35
smokestacks	35
smokey	60
smokier	35
smokiest	35
smokiness	50
smoking	35
smoky	35
smolder	35
smoldered	35
smoldering	35
smolders	35
smooch	40
smooched	40
smooches	40
smooching	40
smoochy	60
smooth	35
smoothed	35
smoother	35
smoothest	35
smoothie	50
smoothies	50
smoothing	35
smoothly	35
smoothness	35
smooths	35
smorgasbord	40
smorgasbords	40
smote	50
smother	35
smothered	35
smothering	35
smothers	35
smudge	35
smudged	35
smudges	35
smudgier	50
smudgiest	50
smudging	35
smudgy	50
smug	35
smugger	35
smuggest	35
smuggle	35
smuggled	35
smuggler	35
smugglers	35
smuggles	35
smuggling	35
smugly	35
smugness	40
smut	35
smuts	35
smuttier	40
smuttiest	40
smuttiness	60
smutty	40
snack	35
snacked	35
snacking	35
snacks	35
snaffle	50
snaffled	50
snaffles	50
snaffling	50
snafu	40
snafus	40
snag	35
snagged	35
snagging	35
snags	35
snail	35
snails	35
snake	35
snakebite	60
snakebites	60
snaked	35
snakelike	60
snakes	35
snakeskin	60
snakier	50
snakiest	50
snaking	35
snaky	50
snap	35
snapdragon	50
snapdragons	50
snapped	35
snapper	50
snappers	50
snappier	35
snappiest	35
snappily	60
snappiness	60
snapping	35
snappish	50
snappishly	60
snappishness	60
snappy	35
snaps	35
snapshot	35
snapshots	35
snare	35
snared	35
snares	35
snaring	35
snarkier	50
snarkiest	50
snarky	50
snarl	35
snarled	35
snarlier	60
snarliest	60
snarling	35
snarlingly	60
snarls	35
snarly	60
snatch	35
snatched	35
snatcher	60
snatchers	60
snatches	35
snatching	35
snazzier	40
snazziest	40
snazzily	60
snazzy	40
sneak	35
sneaked	35
sneaker	35
sneakers	35
sneakier	35
sneakiest	35
sneakily	60
sneakiness	60
sneaking	35
sneakingly	60
sneaks	35
sneaky	35
sneer	35
sneered	35
sneering	35
sneeringly	60
sneers	35
sneeze	35
sneezed	35
sneezes	35
sneezing	35
snick	60
snicked	60
snicker	35
snickered	35
snickering	35
snickers	35
snicking	60
snicks	60
snide	35
snidely	60
snider	35
snidest	35
sniff	35
sniffed	35
sniffer	60
sniffers	60
sniffier	60
sniffiest	60
sniffing	35
sniffle	35
sniffled	35
sniffles	35
sniffling	35
sniffs	35
sniffy	60
snifter	50
snifters	50
snigger	60
sniggered	60
sniggering	60
sniggers	60
snip	35
snipe	35
sniped	35
sniper	35
snipers	35
snipes	35
sniping	35
snipped	35
snippet	35
snippets	35
snippier	50
snippiest	50
snipping	35
snippy	50
snips	35
snit	40
snitch	35
snitched	35
snitches	35
snitching	35
snits	40
snivel	50
sniveled	50
sniveler	60
snivelers	60
sniveling	50
snivels	50
snob	35
snobbery	35
snobbier	40
snobbiest	40
snobbish	35
snobbishly	60
snobbishness	50
snobby	40
snobs	35
snog	60
snogged	60
snogging	60
snogs	60
snood	60
snoods	60
snooker	35
snookered	60
snookering	60
snookers	60
snoop	35
snooped	35
snooper	50
snoopers	50
snoopier	50
snoopiest	50
snooping	35
snoops	35
snoopy	50
snoot	50
snootier	35
snootiest	35
snootily	60
snootiness	50
snoots	50
snooty	35
snooze	35
snoozed	35
snoozes	35
snoozing	35
snore	35
snored	35
snorer	50
snorers	50
snores	35
snoring	35
snorkel	35
snorkeled	35
snorkeler	50
snorkelers	50
snorkeling	35
snorkels	35
snort	35
snorted	35
snorter	60
snorters	60
snorting	35
snorts	35
snot	35
snots	35
snottier	40
snottiest	40
snottily	60
snottiness	60
snotty	40
snout	35
snouts	35
snow	35
snowball	35
snowballed	35
snowballing	35
snowballs	35
snowbank	60
snowbanks	60
snowbird	60
snowbirds	60
snowblower	50
snowblowers	50
snowboard	40
snowboarded	40
snowboarder	60
snowboarders	60
snowboarding	40
snowboards	40
snowbound	40
snowdrift	35
snowdrifts	35
snowdrop	50
snowdrops	50
snowed	35
snowfall	35
snowfalls	35
snowfield	60
snowfields	60
snowflake	35
snowflakes	35
snowier	35
snowiest	35
snowiness	60
snowing	35
snowline	60
snowman	40
snowmelt	60
snowmen	40
snowmobile	40
snowmobiled	40
snowmobiles	40
snowmobiling	40
snowpack	60
snowpacks	60
snowplow	35
snowplowed	35
snowplowing	35
snowplows	35
snows	35
snowshoe	50
snowshoed	50
snowshoeing	50
snowshoes	50
snowstorm	35
snowstorms	35
snowsuit	50
snowsuits	50
snowy	35
snub	35
snubbed	35
snubbing	35
snubs	35
snuff	35
snuffbox	50
snuffboxes	50
snuffed	35
snuffer	50
snuffers	50
snuffing	35
snuffle	50
snuffled	50
snuffles	50
snuffling	50
snuffly	60
snuffs	35
snug	35
snugged	35
snugger	35
snuggest	35
snugging	35
snuggle	35
snuggled	35
snuggles	35
snuggling	35
snugly	35
snugness	60
snugs	35
so	35
soak	35
soaked	35
soaker	60
soakers	60
soaking	35
soakings	40
soaks	35
soap	35
soapbox	50
soapboxes	50
soaped	35
soapier	35
soapiest	35
soapiness	50
soaping	35
soaps	35
soapstone	50
soapsuds	50
soapy	35
soar	35
soared	35
soaring	35
soars	35
sob	35
soba	60
sobbed	35
sobbing	35
sobbingly	60
sober	35
sobered	35
soberer	35
soberest	35
sobering	35
soberly	50
soberness	50
sobers	35
sobriety	35
sobriquet	50
sobriquets	50
sobs	35
soccer	35
sociability	50
sociable	35
sociables	35
sociably	50
social	35
socialism	35
socialist	35
socialistic	50
socialists	35
socialite	40
socialites	40
socialization	50
socialize	35
socialized	35
socializes	35
socializing	35
socially	35
socials	35
societal	50
societies	35
society	35
sociocultural	60
socioeconomic	40
socioeconomically	60
sociological	35
sociologically	60
sociologist	35
sociologists	35
sociology	35
sociopath	40
sociopathic	60
sociopaths	40
sociopolitical	60
sock	35
socked	35
socket	35
sockets	35
sockeye	60
socking	35
socks	35
sod	35
soda	35
sodas	35
sodded	35
sodden	35
soddenly	60
sodding	35
sodium	35
sodomite	50
sodomites	50
sodomize	60
sodomized	60
sodomizes	60
sodomizing	60
sodomy	35
sods	35
soever	60
sofa	35
sofas	35
soft	35
softback	60
softball	35
softballs	35
softbound	60
softcover	60
soften	35
softened	35
softener	50
softeners	50
softening	35
softens	35
softer	35
softest	35
softhearted	40
softies	40
softly	35
softness	35
software	35
softwood	50
softwoods	50
softy	40
soggier	35
soggiest	35
soggily	50
sogginess	50
soggy	35
soigne	60
soignee	60
soil	35
soiled	35
soiling	35
soils	35
soiree	50
soirees	50
sojourn	35
sojourned	35
sojourner	60
sojourners	60
sojourning	35
sojourns	35
sol	50
solace	35
solaced	35
solaces	35
solacing	35
solar	35
solaria	50
solarium	50
sold	35
solder	35
soldered	35
solderer	60
solderers	60
soldering	35
solders	35
soldier	35
soldiered	35
soldiering	35
soldierly	50
soldiers	35
soldiery	60
sole	35
solecism	50
solecisms	50
soled	35
solely	35
solemn	35
solemner	35
solemness	60
solemnest	35
solemnified	60
solemnifies	60
solemnify	60
solemnifying	60
solemnities	35
solemnity	35
solemnization	60
solemnize	50
solemnized	50
solemnizes	50
solemnizing	50
solemnly	35
solemnness	60
solenoid	50
solenoids	50
soles	35
solicit	35
solicitation	50
solicitations	50
solicited	35
soliciting	35
solicitor	35
solicitors	35
solicitous	35
solicitously	50
solicitousness	60
solicits	35
solicitude	50
solid	35
solidarity	35
solider	35
solidest	35
solidi	60
solidification	50
solidified	35
solidifies	35
solidify	35
solidifying	35
solidity	35
solidly	35
solidness	50
solids	35
solidus	60
soliloquies	40
soliloquize	50
soliloquized	50
soliloquizes	50
soliloquizing	50
soliloquy	40
soling	35
solipsism	60
solipsistic	60
solitaire	35
solitaires	35
solitaries	35
solitariness	60
solitary	35
solitude	35
solo	35
soloed	35
soloing	35
soloist	35
soloists	35
solos	35
sols	50
solstice	50
solstices	50
solubility	50
soluble	35
solubles	35
solute	60
solutes	60
solution	35
solutions	35
solvable	40
solve	35
solved	35
solvency	50
solvent	35
solvents	35
solver	50
solvers	50
solves	35
solving	35
somatic	60
somatosensory	60
somber	35
somberly	40
somberness	60
sombrero	50
sombreros	50
some	35
somebodies	35
somebody	35
someday	35
somehow	35
someone	35
someplace	40
somersault	35
somersaulted	35
somersaulting	35
somersaults	35
somerset	60
somersets	60
somersetted	60
somersetting	60
something	35
sometime	35
sometimes	35
someway	40
someways	60
somewhat	35
somewhere	35
sommelier	60
sommeliers	60
somnambulism	50
somnambulist	50
somnambulists	50
somnolence	50
somnolent	50
son	35
sonar	50
sonars	50
sonata	35
sonatas	35
sonatina	60
sonatinas	60
song	35
songbird	50
songbirds	50
songbook	60
songbooks	60
songfest	60
songfests	60
songs	35
songster	50
songsters	50
songstress	60
songstresses	60
songwriter	40
songwriters	40
songwriting	60
sonic	35
sonnet	35
sonnets	35
sonnies	50
sonny	50
sonofabitch	60
sonogram	60
sonograms	60
sonority	50
sonorous	35
sonorously	60
sonorousness	60
sons	35
sonsofbitches	60
soon	35
sooner	35
soonest	35
soot	35
sooth	50
soothe	35
soothed	35
soother	60
soothers	60
soothes	35
soothing	35
soothingly	40
soothsayer	50
soothsayers	50
soothsaying	60
sootier	35
sootiest	35
sooty	35
sop	35
sophism	50
sophist	50
sophistic	60
sophistical	60
sophisticate	50
sophisticated	35
sophisticates	50
sophisticating	50
sophistication	35
sophistries	50
sophistry	35
sophists	50
sophomore	35
sophomores	35
sophomoric	40
soporific	40
soporifically	60
soporifics	40
sopped	35
soppier	50
soppiest	50
sopping	35
soppy	50
soprano	35
sopranos	35
sops	35
sorbet	40
sorbets	40
sorcerer	35
sorcerers	35
sorceress	35
sorceresses	35
sorcery	35
sordid	35
sordidly	50
sordidness	50
sore	35
sorehead	50
soreheads	50
sorely	35
soreness	40
sorer	35
sores	35
sorest	35
sorghum	50
sororities	35
sorority	35
sorrel	50
sorrels	50
sorrier	35
sorriest	35
sorrily	60
sorriness	60
sorrow	35
sorrowed	35
sorrowful	35
sorrowfully	40
sorrowfulness	60
sorrowing	35
sorrows	35
sorry	35
sort	35
sorta	35
sorted	35
sorter	50
sorters	50
sortie	50
sortied	50
sortieing	50
sorties	50
sorting	35
sorts	35
sot	50
sots	50
sottish	50
sou	60
souffle	35
souffles	35
sough	50
soughed	50
soughing	50
soughs	50
sought	35
souk	60
souks	60
soul	35
soulful	40
soulfully	50
soulfulness	50
soulless	50
soullessly	60
soullessness	60
soulmate	50
soulmates	50
souls	35
sound	35
soundalike	60
soundalikes	60
soundbar	60
soundbars	60
soundboard	60
soundboards	60
soundcheck	60
soundchecks	60
sounded	35
sounder	35
sounders	60
soundest	35
sounding	35
soundings	50
soundless	50
soundlessly	50
soundly	35
soundness	40
soundproof	35
soundproofed	35
soundproofing	35
soundproofs	35
sounds	35
soundscape	60
soundscapes	60
soundtrack	35
soundtracks	40
soup	35
soupcon	50
soupcons	50
souped	35
soupier	50
soupiest	50
souping	35
soups	35
soupy	50
sour	35
source	35
sourced	35
sources	35
sourcing	35
sourdough	40
sourdoughs	40
soured	35
sourer	35
sourest	35
souring	35
sourish	60
sourly	40
sourness	40
sourpuss	50
sourpusses	50
sours	35
sous	60
sousaphone	60
sousaphones	60
souse	50
soused	50
souses	50
sousing	50
south	35
southbound	40
southeast	35
southeaster	60
southeasterly	40
southeastern	35
southeasters	60
southeastward	40
southeastwards	60
southerlies	35
southerly	35
southern	35
southerner	40
southerners	35
southernmost	50
southerns	35
southpaw	35
southpaws	35
southward	35
southwards	50
southwest	35
southwester	50
southwesterly	40
southwestern	35
southwesters	50
southwestward	40
southwestwards	60
souvenir	35
souvenirs	35
sovereign	35
sovereigns	35
sovereignty	35
soviet	50
soviets	50
sow	35
sowed	35
sower	50
sowers	50
sowing	35
sown	35
sows	35
soy	50
soybean	40
soybeans	40
sozzled	60
spa	35
space	35
spacecraft	35
spacecrafts	35
spaced	35
spaceflight	60
spaceflights	60
spaceman	50
spacemen	50
spaceport	60
spaceports	60
spacer	60
spacers	60
spaces	35
spaceship	35
spaceships	35
spacesuit	50
spacesuits	50
spacetime	60
spacewalk	50
spacewalked	50
spacewalking	50
spacewalks	50
spacewoman	60
spacewomen	60
spacey	40
spacial	35
spacier	40
spaciest	40
spaciness	60
spacing	35
spacious	35
spaciously	50
spaciousness	40
spade	35
spaded	35
spadeful	50
spadefuls	50
spades	35
spadework	50
spadices	60
spading	35
spadix	60
spaghetti	35
spam	50
spammed	50
spammer	50
spammers	50
spamming	50
spams	50
span	35
spandex	50
spangle	35
spangled	35
spangles	35
spangling	35
spangly	60
spaniel	35
spaniels	35
spank	35
spanked	35
spanking	35
spankings	35
spanks	35
spanned	35
spanner	35
spanners	35
spanning	35
spans	35
spar	35
spare	35
spared	35
sparely	50
spareness	50
sparer	35
spareribs	50
spares	35
sparest	35
sparing	35
sparingly	40
spark	35
sparked	35
sparkier	60
sparkiest	60
sparking	35
sparkle	35
sparkled	35
sparkler	35
sparklers	35
sparkles	35
sparkling	35
sparkly	60
sparks	35
sparky	60
sparred	35
sparring	35
sparrow	35
sparrowhawk	60
sparrowhawks	60
sparrows	35
spars	35
sparse	35
sparsely	35
sparseness	40
sparser	35
sparsest	35
sparsity	50
spartan	50
spas	35
spasm	35
spasmodic	35
spasmodically	50
spasms	35
spastic	40
spastics	40
spat	35
spate	35
spates	40
spathe	60
spathes	60
spatial	35
spatially	50
spats	35
spatted	35
spatter	35
spattered	35
spattering	35
spatters	35
spatting	35
spatula	35
spatulas	35
spavin	60
spavined	60
spawn	35
spawned	35
spawning	35
spawns	35
spay	35
spayed	35
spaying	35
spays	35
speak	35
speakeasies	50
speakeasy	50
speaker	35
speakerphone	60
speakerphones	60
speakers	35
speaking	35
speaks	35
spear	35
speared	35
spearfish	60
spearfished	60
spearfishes	60
spearfishing	60
speargun	60
spearguns	60
spearhead	35
spearheaded	35
spearheading	35
spearheads	35
spearing	35
spearmint	35
spears	35
spec	50
specced	50
speccing	50
special	35
specialism	60
specialisms	60
specialist	35
specialists	35
specialization	35
specializations	35
specialize	35
specialized	35
specializes	35
specializing	35
specially	35
specials	35
specialties	35
specialty	35
specie	50
species	35
specifiable	50
specific	35
specifically	35
specification	35
specifications	35
specificity	60
specifics	35
specified	35
specifier	35
specifiers	50
specifies	35
specify	35
specifying	35
specimen	35
specimens	35
specious	35
speciously	50
speciousness	60
speck	35
specked	35
specking	35
speckle	50
speckled	40
speckles	50
speckling	50
specks	35
specs	50
spectacle	35
spectacles	35
spectacular	35
spectacularly	35
spectaculars	35
spectate	60
spectated	60
spectates	60
spectating	60
spectator	35
spectators	35
specter	35
specters	35
spectra	35
spectral	50
spectrometer	60
spectrometers	60
spectroscope	50
spectroscopes	50
spectroscopic	50
spectroscopy	50
spectrum	35
speculate	35
speculated	35
speculates	35
speculating	35
speculation	35
speculations	35
speculative	35
speculatively	60
speculator	35
speculators	35
sped	35
speech	35
speeches	35
speechified	60
speechifies	60
speechify	60
speechifying	60
speechless	35
speechlessly	60
speechlessness	60
speechwriter	60
speechwriters	60
speed	35
speedboat	35
speedboats	35
speeder	50
speeders	50
speedier	35
speediest	35
speedily	40
speediness	60
speeding	35
speedometer	35
speedometers	35
speeds	35
speedster	50
speedsters	50
speedup	50
speedups	50
speedway	40
speedways	40
speedwell	60
speedy	35
speleological	60
speleologist	60
speleologists	60
speleology	60
spell	35
spellbind	50
spellbinder	50
spellbinders	50
spellbinding	50
spellbinds	50
spellbound	35
spellcheck	50
spellchecked	50
spellchecker	50
spellcheckers	50
spellchecking	50
spellchecks	50
spelldown	60
spelldowns	60
spelled	35
speller	35
spellers	50
spelling	35
spellings	35
spells	35
spelunker	50
spelunkers	50
spelunking	60
spend	35
spendable	60
spender	50
spenders	50
spending	35
spends	35
spendthrift	35
spendthrifts	35
spent	35
sperm	35
spermatozoa	50
spermatozoon	50
spermicidal	60
spermicide	50
spermicides	50
sperms	35
spew	35
spewed	35
spewer	60
spewers	60
spewing	35
spews	35
sphagnum	60
sphagnums	60
sphere	35
spheres	35
spherical	35
spherically	60
spheroid	50
spheroidal	50
spheroids	50
sphincter	50
sphincters	50
sphinx	35
sphinxes	35
spic	60
spice	35
spiced	35
spices	35
spicier	35
spiciest	35
spicily	60
spiciness	50
spicing	35
spics	60
spicule	60
spicules	60
spicy	35
spider	35
spiders	35
spiderweb	60
spiderwebs	60
spidery	50
spied	35
spiel	40
spieled	40
spieling	40
spiels	40
spies	35
spiff	60
spiffed	60
spiffier	40
spiffiest	40
spiffing	60
spiffs	60
spiffy	40
spigot	50
spigots	50
spike	35
spiked	35
spikes	35
spikier	50
spikiest	50
spikiness	60
spiking	35
spiky	50
spill	35
spillage	50
spillages	50
spilled	35
spilling	35
spillover	60
spillovers	60
spills	35
spillway	50
spillways	50
spin	35
spinach	35
spinal	35
spinally	60
spinals	35
spindle	50
spindled	50
spindles	50
spindlier	35
spindliest	35
spindling	50
spindly	35
spine	35
spineless	35
spinelessly	60
spinelessness	60
spines	35
spinet	50
spinets	50
spinier	50
spiniest	50
spinless	60
spinnaker	50
spinnakers	50
spinner	50
spinneret	60
spinnerets	60
spinners	50
spinney	60
spinneys	60
spinning	35
spinoff	40
spinoffs	40
spins	35
spinster	35
spinsterhood	50
spinsterish	60
spinsters	35
spiny	50
spiracle	60
spiracles	60
spiral	35
spiraled	35
spiraling	35
spirally	50
spirals	35
spire	35
spirea	50
spireas	50
spires	35
spirit	35
spirited	35
spiritedly	60
spiriting	35
spiritless	50
spirits	35
spiritual	35
spiritualism	50
spiritualist	50
spiritualistic	50
spiritualists	50
spirituality	50
spiritually	35
spirituals	35
spirituous	50
spirochete	60
spirochetes	60
spiry	60
spit	35
spitball	50
spitballs	50
spite	35
spited	35
spiteful	35
spitefuller	35
spitefullest	35
spitefully	50
spitefulness	50
spites	35
spitfire	50
spitfires	50
spiting	35
spits	35
spitted	35
spitting	35
spittle	35
spittoon	50
spittoons	50
spiv	60
spivs	60
splanchnic	60
splash	35
splashdown	50
splashdowns	50
splashed	35
splashes	35
splashier	40
splashiest	40
splashily	60
splashiness	60
splashing	35
splashy	40
splat	35
splats	40
splatted	40
splatter	35
splattered	35
splattering	35
splatters	35
splatting	40
splay	40
splayed	40
splayfeet	60
splayfoot	60
splayfooted	60
splaying	40
splays	40
spleen	35
spleens	35
splendid	35
splendider	35
splendidest	35
splendidly	35
splendor	35
splendorous	60
splendors	35
splenectomies	60
splenectomy	60
splenetic	50
splice	35
spliced	35
splicer	50
splicers	50
splices	35
splicing	35
spliff	60
spliffs	60
spline	50
splines	50
splint	35
splinted	35
splinter	35
splintered	35
splintering	35
splinters	35
splintery	60
splinting	35
splints	35
split	35
splits	35
splitter	60
splitters	60
splitting	35
splittings	40
splodge	50
splodges	60
splosh	60
sploshed	60
sploshes	60
sploshing	60
splotch	50
splotched	50
splotches	50
splotchier	50
splotchiest	50
splotching	50
splotchy	50
splurge	35
splurged	35
splurges	35
splurging	35
splutter	50
spluttered	50
spluttering	50
splutters	50
spoil	35
spoilage	50
spoiled	35
spoiler	50
spoilers	50
spoiling	35
spoils	35
spoilsport	40
spoilsports	40
spoke	35
spoken	35
spokes	35
spokesman	35
spokesmen	35
spokespeople	35
spokesperson	35
spokespersons	60
spokeswoman	35
spokeswomen	35
spoliation	50
sponge	35
sponged	35
sponger	50
spongers	50
sponges	35
spongier	35
spongiest	35
sponginess	60
sponging	35
spongy	35
sponsor	35
sponsored	35
sponsoring	35
sponsors	35
sponsorship	35
sponsorships	40
spontaneity	35
spontaneous	35
spontaneously	35
spoof	35
spoofed	35
spoofing	35
spoofs	35
spook	35
spooked	35
spookier	35
spookiest	35
spookiness	60
spooking	35
spooks	35
spooky	35
spool	35
spooled	35
spooling	35
spools	35
spoon	35
spoonbill	50
spoonbills	50
spooned	35
spoonerism	50
spoonerisms	50
spoonful	35
spoonfuls	35
spooning	35
spoons	35
spoor	50
spoored	50
spooring	50
spoors	50
sporadic	35
sporadically	40
spore	50
spored	50
spores	35
sporing	50
sporran	35
sporrans	60
sport	35
sported	35
sportier	40
sportiest	40
sportiness	60
sporting	35
sportingly	60
sportive	50
sportively	60
sports	35
sportscast	40
sportscaster	50
sportscasters	50
sportscasts	40
sportsman	40
sportsmanlike	50
sportsmanship	35
sportsmen	40
sportspeople	60
sportsperson	60
sportswear	40
sportswoman	50
sportswomen	50
sportswriter	60
sportswriters	60
sporty	40
spot	35
spotless	35
spotlessly	50
spotlessness	50
spotlight	35
spotlighted	35
spotlighting	35
spotlights	35
spotlit	35
spots	35
spotted	35
spotter	50
spotters	50
spottier	35
spottiest	35
spottily	60
spottiness	50
spotting	35
spotty	35
spousal	60
spousals	60
spouse	35
spouses	35
spout	35
spouted	35
spouting	35
spouts	35
sprain	35
sprained	35
spraining	35
sprains	35
sprang	35
sprat	50
sprats	50
sprawl	35
sprawled	35
sprawling	35
sprawls	35
spray	35
sprayed	35
sprayer	50
sprayers	50
spraying	35
sprays	35
spread	35
spreadable	60
spreadeagled	60
spreader	50
spreaders	50
spreading	35
spreads	35
spreadsheet	40
spreadsheets	35
spree	35
sprees	35
sprier	35
spriest	35
sprig	35
sprigged	60
sprightlier	50
sprightliest	50
sprightliness	50
sprightly	50
sprigs	35
spring	35
springboard	35
springboards	35
springbok	60
springboks	60
springier	35
springiest	35
springily	60
springiness	50
springing	35
springlike	60
springs	35
springtime	35
springy	35
sprinkle	35
sprinkled	35
sprinkler	35
sprinklers	35
sprinkles	35
sprinkling	35
sprinklings	35
sprint	35
sprinted	35
sprinter	35
sprinters	35
sprinting	35
sprints	35
sprite	50
sprites	50
spritz	50
spritzed	50
spritzer	60
spritzers	60
spritzes	50
spritzing	50
sprocket	50
sprockets	50
sprog	60
sprogs	60
sprout	35
sprouted	35
sprouting	35
sprouts	35
spruce	35
spruced	35
sprucely	60
spruceness	60
sprucer	35
spruces	35
sprucest	35
sprucing	35
sprung	35
spry	35
spryly	50
spryness	50
spud	35
spuds	35
spume	50
spumed	50
spumes	50
spuming	50
spumoni	50
spumy	60
spun	35
spunk	35
spunkier	40
spunkiest	40
spunks	35
spunky	40
spur	35
spurge	60
spurious	35
spuriously	50
spuriousness	50
spurn	35
spurned	35
spurning	35
spurns	35
spurred	35
spurring	35
spurs	35
spurt	35
spurted	35
spurting	35
spurts	35
sputnik	60
sputniks	60
sputter	35
sputtered	35
sputtering	35
sputters	35
sputum	50
spy	35
spyglass	50
spyglasses	50
spying	35
spymaster	60
spymasters	60
spyware	50
squab	50
squabble	35
squabbled	35
squabbler	60
squabblers	60
squabbles	35
squabbling	35
squabs	50
squad	35
squadron	35
squadrons	35
squads	35
squalid	35
squalider	35
squalidest	35
squalidly	60
squalidness	60
squall	35
squalled	35
squalling	35
squalls	35
squally	60
squalor	35
squamous	60
squander	35
squandered	35
squandering	35
squanders	35
square	35
squared	35
squarely	35
squareness	50
squarer	35
squares	35
squarest	35
squaring	35
squarish	60
squash	35
squashed	35
squashes	35
squashier	50
squashiest	50
squashing	35
squashy	50
squat	35
squatness	60
squats	35
squatted	35
squatter	35
squatters	40
squattest	35
squatting	35
squaw	50
squawk	35
squawked	35
squawker	60
squawkers	60
squawking	35
squawks	35
squaws	50
squeak	35
squeaked	35
squeaker	60
squeakers	60
squeakier	35
squeakiest	35
squeakily	60
squeakiness	60
squeaking	35
squeaks	35
squeaky	35
squeal	35
squealed	35
squealer	50
squealers	50
squealing	35
squeals	35
squeamish	35
squeamishly	50
squeamishness	50
squeegee	50
squeegeed	50
squeegeeing	50
squeegees	50
squeezable	60
squeeze	35
squeezebox	60
squeezeboxes	60
squeezed	35
squeezer	50
squeezers	50
squeezes	35
squeezing	35
squelch	35
squelched	35
squelches	35
squelching	35
squelchy	60
squib	60
squibs	60
squid	35
squidgy	60
squids	35
squiffy	60
squiggle	50
squiggled	50
squiggles	50
squiggling	50
squiggly	50
squint	35
squinted	35
squinter	35
squintest	35
squinting	35
squints	35
squire	35
squired	35
squires	35
squiring	35
squirm	35
squirmed	35
squirmier	50
squirmiest	50
squirming	35
squirms	35
squirmy	50
squirrel	35
squirreled	35
squirreling	35
squirrels	35
squirt	35
squirted	35
squirting	35
squirts	35
squish	50
squished	50
squishes	50
squishier	60
squishiest	60
squishing	50
squishy	60
sriracha	50
ssh	60
stab	35
stabbed	35
stabber	60
stabbers	60
stabbing	35
stabbings	40
stability	35
stabilization	50
stabilize	35
stabilized	35
stabilizer	50
stabilizers	50
stabilizes	35
stabilizing	35
stable	35
stablecoin	60
stablecoins	60
stabled	35
stableman	60
stablemate	60
stablemates	60
stablemen	60
stabler	35
stables	35
stablest	35
stabling	35
stably	60
stabs	35
staccato	50
staccatos	50
stack	35
stackable	60
stacked	35
stacking	35
stacks	35
stadium	35
stadiums	35
staff	35
staffed	35
staffer	40
staffers	40
staffing	35
staffs	35
stag	35
stage	35
stagecoach	35
stagecoaches	35
stagecraft	60
staged	35
stagehand	50
stagehands	50
stages	35
stagestruck	60
stagflation	50
stagger	35
staggered	35
staggering	35
staggeringly	40
staggers	35
stagier	60
stagiest	60
staging	35
stagings	40
stagnancy	60
stagnant	35
stagnantly	60
stagnate	35
stagnated	35
stagnates	35
stagnating	35
stagnation	35
stags	35
stagy	60
staid	35
staider	35
staidest	35
staidly	50
staidness	60
stain	35
stained	35
staining	35
stainless	50
stains	35
stair	35
staircase	35
staircases	35
stairs	35
stairway	35
stairways	35
stairwell	50
stairwells	50
stake	35
staked	35
stakeholder	60
stakeholders	60
stakeout	40
stakeouts	40
stakes	35
staking	35
stalactite	50
stalactites	50
stalagmite	50
stalagmites	50
stale	35
staled	35
stalemate	35
stalemated	35
stalemates	35
stalemating	35
staleness	50
staler	35
stales	35
stalest	35
staling	35
stalk	35
stalked	35
stalker	40
stalkers	40
stalking	35
stalkings	40
stalks	35
stall	35
stalled	35
stallholder	60
stallholders	60
stalling	35
stallion	35
stallions	35
stalls	35
stalwart	35
stalwartly	60
stalwarts	35
stamen	50
stamens	50
stamina	35
stammer	35
stammered	35
stammerer	50
stammerers	50
stammering	35
stammeringly	60
stammers	35
stamp	35
stamped	35
stampede	35
stampeded	35
stampedes	35
stampeding	35
stamper	60
stampers	60
stamping	35
stamps	35
stance	35
stances	35
stanch	35
stanched	35
stancher	35
stanches	35
stanchest	35
stanching	35
stanchion	50
stanchions	50
stand	35
standalone	60
standard	35
standardization	35
standardize	35
standardized	35
standardizes	35
standardizing	35
standards	35
standby	35
standbys	35
standee	60
standees	60
stander	60
standers	60
standing	35
standings	35
standoff	35
standoffish	50
standoffs	35
standout	40
standouts	40
standpipe	60
standpipes	60
standpoint	35
standpoints	35
stands	35
standstill	35
standstills	35
stank	35
stanza	35
stanzas	35
staph	50
staphylococcal	60
staphylococci	50
staphylococcus	50
staple	35
stapled	35
stapler	35
staplers	35
staples	35
stapling	35
star	35
starboard	35
starburst	60
starbursts	60
starch	35
starched	35
starches	35
starchier	35
starchiest	35
starchily	60
starchiness	60
starching	35
starchy	35
stardom	35
stardust	60
stare	35
stared	35
starer	60
starers	60
stares	35
starfish	35
starfishes	35
starfruit	60
stargaze	60
stargazed	60
stargazer	50
stargazers	50
stargazes	60
stargazing	60
staring	35
stark	35
starker	35
starkers	60
starkest	35
starkly	50
starkness	50
starless	50
starlet	50
starlets	50
starlight	35
starling	50
starlings	50
starlit	50
starred	35
starrier	35
starriest	35
starring	35
starry	35
stars	35
starship	60
starships	60
starstruck	60
start	35
started	35
starter	35
starters	35
starting	35
startle	35
startled	35
startles	35
startling	35
startlingly	35
starts	35
startup	40
startups	40
starvation	35
starve	35
starved	35
starveling	60
starvelings	60
starves	35
starving	35
starvings	40
stash	40
stashed	40
stashes	40
stashing	40
stasis	60
stat	40
state	35
statecraft	60
stated	35
statehood	50
statehouse	50
statehouses	50
stateless	50
statelessness	60
statelier	35
stateliest	35
stateliness	50
stately	35
statement	35
statemented	35
statementing	35
statements	35
stateroom	50
staterooms	50
states	35
stateside	50
statesman	35
statesmanlike	40
statesmanship	35
statesmen	35
stateswoman	60
stateswomen	60
statewide	40
static	35
statically	50
statics	35
statin	60
stating	35
statins	60
station	35
stationary	35
stationed	35
stationer	50
stationers	50
stationery	35
stationing	35
stationmaster	60
stationmasters	60
stations	35
statistic	35
statistical	35
statistically	35
statistician	35
statisticians	35
statistics	35
stats	40
statuary	50
statue	35
statues	35
statuesque	50
statuette	50
statuettes	50
stature	35
statures	35
status	35
statuses	35
statute	35
statutes	35
statutorily	60
statutory	35
staunch	35
staunched	35
stauncher	35
staunches	35
staunchest	35
staunching	35
staunchly	35
staunchness	60
stave	35
staved	35
staves	35
staving	35
stay	35
staycation	60
staycations	60
stayed	35
stayer	60
stayers	60
staying	35
stays	35
stead	50
steadfast	35
steadfastly	50
steadfastness	50
steadied	35
steadier	35
steadies	35
steadiest	35
steadily	35
steadiness	50
steads	50
steady	35
steadying	35
steak	35
steakhouse	50
steakhouses	50
steaks	35
steal	35
stealing	35
steals	35
stealth	35
stealthier	35
stealthiest	35
stealthily	35
stealthiness	60
stealthy	35
steam	35
steamboat	40
steamboats	40
steamed	35
steamer	50
steamers	50
steamfitter	60
steamfitters	60
steamfitting	60
steamier	35
steamiest	35
steaminess	60
steaming	35
steampunk	60
steamroll	40
steamrolled	40
steamroller	35
steamrollered	35
steamrollering	35
steamrollers	35
steamrolling	40
steamrolls	40
steams	35
steamship	50
steamships	50
steamy	35
steed	50
steeds	50
steel	35
steeled	35
steelhead	60
steelheads	60
steelier	50
steeliest	50
steeliness	60
steeling	35
steelmaker	60
steelmakers	60
steels	35
steelworker	60
steelworkers	60
steelworks	60
steely	50
steelyard	60
steelyards	60
steep	35
steeped	35
steepen	60
steepened	60
steepening	60
steepens	60
steeper	35
steepest	35
steeping	35
steeple	35
steeplechase	50
steeplechases	50
steeplejack	50
steeplejacks	50
steeples	35
steeply	40
steepness	40
steeps	35
steer	35
steerable	60
steerage	50
steered	35
steering	35
steers	35
steersman	60
steersmen	60
stegosaurus	60
stegosauruses	60
stein	50
steins	50
stellar	35
stem	35
stemless	60
stemmed	35
stemming	35
stems	35
stemware	60
stench	35
stenches	35
stencil	35
stenciled	35
stenciling	35
stencils	35
steno	60
stenographer	35
stenographers	35
stenographic	50
stenography	35
stenos	60
stenosis	60
stent	50
stentorian	50
stents	50
step	35
stepbrother	40
stepbrothers	40
stepchild	40
stepchildren	40
stepdad	50
stepdads	50
stepdaughter	40
stepdaughters	40
stepfamilies	60
stepfamily	60
stepfather	40
stepfathers	40
stepladder	35
stepladders	35
stepmom	50
stepmoms	50
stepmother	40
stepmothers	40
stepparent	50
stepparents	50
steppe	50
stepped	35
stepper	60
steppers	60
steppes	50
stepping	35
steppingstone	40
steppingstones	40
steps	35
stepsister	40
stepsisters	40
stepson	40
stepsons	40
stepwise	60
stereo	35
stereophonic	50
stereos	35
stereoscope	50
stereoscopes	50
stereoscopic	60
stereotype	35
stereotyped	35
stereotypes	35
stereotypical	40
stereotypically	60
stereotyping	35
sterile	35
sterility	40
sterilization	35
sterilizations	35
sterilize	35
sterilized	35
sterilizer	50
sterilizers	50
sterilizes	35
sterilizing	35
sterling	35
stern	35
sterner	35
sternest	35
sternly	35
sternness	35
sterns	35
sternum	50
sternums	50
steroid	40
steroidal	60
steroids	40
stertorous	60
stet	60
stethoscope	35
stethoscopes	35
stets	60
stetson	60
stetsons	60
stetted	60
stetting	60
stevedore	50
stevedores	50
stevia	60
stew	35
steward	35
stewarded	35
stewardess	35
stewardesses	35
stewarding	35
stewards	35
stewardship	50
stewed	35
stewing	35
stews	35
stick	35
sticker	35
stickers	35
stickier	35
stickies	35
stickiest	35
stickily	60
stickiness	50
sticking	35
stickleback	50
sticklebacks	50
stickler	35
sticklers	35
stickpin	50
stickpins	50
sticks	35
stickup	50
stickups	50
sticky	35
sties	50
stiff	35
stiffed	35
stiffen	35
stiffened	35
stiffener	50
stiffeners	50
stiffening	35
stiffens	35
stiffer	35
stiffest	35
stiffing	35
stiffly	35
stiffness	35
stiffs	35
stifle	35
stifled	35
stifles	35
stifling	35
stiflingly	60
stiflings	40
stigma	35
stigmas	35
stigmata	35
stigmatic	60
stigmatization	60
stigmatize	40
stigmatized	40
stigmatizes	40
stigmatizing	40
stile	50
stiles	50
stiletto	50
stilettos	50
still	35
stillbirth	40
stillbirths	40
stillborn	35
stilled	35
stiller	35
stillest	35
stilling	35
stillness	35
stills	35
stilt	40
stilted	35
stiltedly	60
stilts	40
stim	60
stimmed	60
stimming	60
stims	60
stimulant	35
stimulants	35
stimulate	35
stimulated	35
stimulates	35
stimulating	35
stimulation	35
stimulative	60
stimulator	60
stimulators	60
stimuli	35
stimulus	35
sting	35
stinger	35
stingers	35
stingier	35
stingiest	35
stingily	50
stinginess	35
stinging	35
stingray	50
stingrays	50
stings	35
stingy	35
stink	35
stinkbug	60
stinkbugs	60
stinker	40
stinkers	40
stinkier	60
stinkiest	60
stinking	35
stinks	35
stinky	60
stint	35
stinted	35
stinting	35
stints	35
stipend	40
stipendiaries	60
stipendiary	60
stipends	40
stipple	50
stippled	50
stipples	50
stippling	50
stipulate	35
stipulated	35
stipulates	35
stipulating	35
stipulation	35
stipulations	35
stir	35
stirred	35
stirrer	50
stirrers	50
stirring	35
stirringly	60
stirrings	60
stirrup	35
stirrups	35
stirs	35
stitch	35
stitched	35
stitchery	60
stitches	35
stitching	35
stoat	50
stoats	50
stochastic	50
stock	35
stockade	35
stockaded	35
stockades	35
stockading	35
stockbreeder	60
stockbreeders	60
stockbroker	35
stockbrokers	35
stockbroking	60
stocked	35
stockholder	35
stockholders	35
stockier	35
stockiest	35
stockily	60
stockiness	50
stockinette	60
stocking	35
stockings	35
stockist	60
stockists	60
stockpile	35
stockpiled	35
stockpiles	35
stockpiling	35
stockpot	60
stockpots	60
stockroom	50
stockrooms	50
stocks	35
stocktaking	60
stocky	35
stockyard	35
stockyards	35
stodge	60
stodgier	35
stodgiest	35
stodgily	60
stodginess	50
stodgy	35
stogie	60
stogies	60
stoic	40
stoical	35
stoically	50
stoicism	40
stoics	40
stoke	35
stoked	35
stoker	50
stokers	50
stokes	35
stoking	35
stole	35
stolen	35
stoles	35
stolid	35
stolider	35
stolidest	35
stolidity	50
stolidly	35
stolidness	60
stolon	60
stolons	60
stomach	35
stomachache	40
stomachaches	40
stomached	35
stomacher	60
stomachers	60
stomaching	35
stomachs	35
stomp	35
stomped	35
stomping	35
stomps	35
stone	35
stoned	35
stonemason	60
stonemasons	60
stoner	50
stoners	50
stones	35
stonewall	40
stonewalled	40
stonewalling	40
stonewalls	40
stoneware	50
stonewashed	60
stonework	50
stonier	35
stoniest	35
stonily	50
stoniness	60
stoning	35
stonkered	60
stonking	60
stony	35
stood	35
stooge	50
stooges	50
stool	35
stools	35
stoop	35
stooped	35
stooping	35
stoops	35
stop	35
stopcock	50
stopcocks	50
stopgap	35
stopgaps	35
stoplight	40
stoplights	40
stopover	35
stopovers	35
stoppable	50
stoppage	35
stoppages	35
stopped	35
stopper	35
stoppered	35
stoppering	35
stoppers	35
stopping	35
stopple	60
stoppled	60
stopples	60
stoppling	60
stops	35
stopwatch	35
stopwatches	35
storage	35
store	35
stored	35
storefront	50
storefronts	50
storehouse	35
storehouses	35
storekeeper	35
storekeepers	35
storeroom	35
storerooms	35
stores	35
storied	50
stories	35
storing	35
stork	35
storks	35
storm	35
stormed	35
stormier	35
stormiest	35
stormily	50
storminess	50
storming	35
storms	35
stormy	35
story	35
storyboard	60
storyboards	60
storybook	50
storybooks	50
storyline	60
storylines	60
storyteller	40
storytellers	40
storytelling	60
stoup	60
stoups	60
stout	35
stouter	35
stoutest	35
stouthearted	60
stoutly	50
stoutness	50
stouts	35
stove	35
stovepipe	50
stovepipes	50
stoves	35
stovetop	60
stovetops	60
stow	35
stowage	60
stowaway	35
stowaways	35
stowed	35
stowing	35
stows	35
straddle	35
straddled	35
straddler	60
straddlers	60
straddles	35
straddling	35
strafe	50
strafed	50
strafes	50
strafing	50
straggle	35
straggled	35
straggler	35
stragglers	35
straggles	35
stragglier	50
straggliest	50
straggling	35
straggly	50
straight	35
straightaway	50
straightaways	50
straightedge	50
straightedges	50
straighten	35
straightened	35
straightener	60
straighteners	60
straightening	35
straightens	35
straighter	35
straightest	35
straightforward	35
straightforwardly	35
straightforwardness	60
straightforwards	60
straightly	60
straightness	50
straights	35
straightway	60
strain	35
strained	35
strainer	35
strainers	35
straining	35
strains	35
strait	35
straiten	50
straitened	50
straitening	50
straitens	50
straitjacket	35
straitjacketed	35
straitjacketing	35
straitjackets	35
straitlaced	50
straits	35
strand	35
stranded	35
stranding	35
strands	35
strange	35
strangely	35
strangeness	35
stranger	35
strangers	35
strangest	35
strangle	35
strangled	35
stranglehold	40
strangleholds	40
strangler	50
stranglers	50
strangles	35
strangling	35
strangulate	50
strangulated	50
strangulates	50
strangulating	50
strangulation	35
strap	35
strapless	40
straplesses	40
strapped	35
strapping	35
straps	35
strata	35
stratagem	35
stratagems	35
strategic	35
strategical	60
strategically	40
strategics	60
strategies	35
strategist	50
strategists	50
strategize	60
strategized	60
strategizes	60
strategizing	60
strategy	35
strati	60
stratification	50
stratified	35
stratifies	35
stratify	35
stratifying	35
stratosphere	35
stratospheres	35
stratospheric	60
stratum	35
stratus	60
straw	35
strawberries	35
strawberry	35
straws	35
stray	35
strayed	35
straying	35
strays	35
streak	35
streaked	35
streaker	60
streakers	60
streakier	40
streakiest	40
streaking	35
streaks	35
streaky	40
stream	35
streambed	60
streambeds	60
streamed	35
streamer	35
streamers	35
streaming	35
streamline	35
streamlined	35
streamlines	35
streamlining	35
streams	35
street	35
streetcar	35
streetcars	35
streetlamp	60
streetlamps	60
streetlight	40
streetlights	40
streets	35
streetwalker	50
streetwalkers	50
streetwise	50
strength	35
strengthen	35
strengthened	35
strengthener	60
strengtheners	60
strengthening	35
strengthens	35
strengths	35
strenuous	35
strenuously	35
strenuousness	50
strep	50
streptococcal	50
streptococci	50
streptococcus	50
streptomycin	50
stress	35
stressed	35
stresses	35
stressful	35
stressing	35
stressors	60
stretch	35
stretchable	60
stretched	35
stretcher	35
stretchered	60
stretchering	60
stretchers	35
stretches	35
stretchier	50
stretchiest	50
stretching	35
stretchmarks	60
stretchy	50
strew	35
strewed	35
strewing	35
strewn	35
strews	35
strewth	60
stria	60
striae	60
striated	50
striation	60
striations	60
stricken	35
strict	35
stricter	35
strictest	35
strictly	35
strictness	35
stricture	50
strictures	50
stridden	35
stride	35
stridency	60
strident	40
stridently	50
strider	60
striders	60
strides	35
striding	35
strife	35
strike	35
strikebound	60
strikebreaker	60
strikebreakers	60
strikebreaking	60
strikeout	50
strikeouts	50
striker	35
strikers	35
strikes	35
striking	35
strikingly	40
strikings	35
string	35
stringed	50
stringency	50
stringent	35
stringently	50
stringer	50
stringers	50
stringier	35
stringiest	35
stringiness	60
stringing	35
strings	35
stringy	35
strip	35
stripe	35
striped	35
stripes	35
stripey	60
striping	35
stripling	50
striplings	50
stripped	35
stripper	40
strippers	40
stripping	35
strips	35
striptease	40
stripteased	40
stripteaser	60
stripteasers	60
stripteases	40
stripteasing	40
stripy	60
strive	35
strived	35
striven	35
strives	35
striving	35
strobe	50
strobes	50
stroboscope	60
stroboscopes	60
stroboscopic	60
strode	35
stroganoff	60
stroke	35
stroked	35
strokes	35
stroking	35
stroll	35
strolled	35
stroller	35
strollers	35
strolling	35
strolls	35
strong	35
strongbox	50
strongboxes	50
stronger	35
strongest	35
stronghold	35
strongholds	35
strongly	35
strongman	60
strongmen	60
strongroom	60
strongrooms	60
strontium	50
strop	50
strophe	50
strophes	50
strophic	60
stropped	50
stroppier	60
stroppiest	60
stroppily	60
stroppiness	60
stropping	50
stroppy	60
strops	50
strove	35
struck	35
structural	35
structuralism	60
structuralist	35
structuralists	60
structurally	50
structure	35
structured	35
structures	35
structuring	35
strudel	50
strudels	50
struggle	35
struggled	35
struggles	35
struggling	35
strum	35
strummed	35
strumming	35
strumpet	50
strumpets	50
strums	35
strung	35
strut	35
struts	35
strutted	35
strutting	35
strychnine	50
stub	35
stubbed	35
stubbier	35
stubbiest	35
stubbing	35
stubble	35
stubbly	50
stubborn	35
stubborner	35
stubbornest	35
stubbornly	40
stubbornness	40
stubby	35
stubs	35
stucco	50
stuccoed	50
stuccoes	50
stuccoing	50
stuck	35
stud	35
studbook	60
studbooks	60
studded	35
studding	35
student	35
students	35
studentship	35
studentships	50
studied	35
studiedly	60
studies	35
studio	35
studios	35
studious	35
studiously	50
studiousness	60
studs	35
study	35
studying	35
stuff	35
stuffed	35
stuffier	35
stuffiest	35
stuffily	50
stuffiness	50
stuffing	35
stuffings	35
stuffs	35
stuffy	35
stultification	50
stultified	50
stultifies	50
stultify	50
stultifying	50
stumble	35
stumbled	35
stumbler	50
stumblers	50
stumbles	35
stumbling	35
stump	35
stumped	35
stumpier	50
stumpiest	50
stumping	35
stumps	35
stumpy	50
stun	35
stung	35
stunk	35
stunned	35
stunner	60
stunners	60
stunning	35
stunningly	50
stuns	35
stunt	35
stunted	35
stunting	35
stuntman	40
stuntmen	60
stunts	35
stuntwoman	40
stupa	60
stupas	60
stupefaction	50
stupefied	35
stupefies	35
stupefy	35
stupefying	35
stupendous	35
stupendously	50
stupid	35
stupider	35
stupidest	35
stupidities	35
stupidity	35
stupidly	35
stupids	35
stupor	35
stupors	35
sturdier	35
sturdiest	35
sturdily	50
sturdiness	40
sturdy	35
sturgeon	50
sturgeons	50
stutter	35
stuttered	35
stutterer	50
stutterers	50
stuttering	35
stutters	35
sty	50
style	35
styled	35
styles	35
styling	35
stylish	35
stylishly	50
stylishness	50
stylist	50
stylistic	35
stylistically	50
stylistics	60
stylists	50
stylize	50
stylized	50
stylizes	50
stylizing	50
stylus	35
styluses	50
stymie	40
stymied	40
stymieing	40
stymies	40
styptic	50
styptics	50
suasion	60
suave	35
suavely	50
suaveness	60
suaver	35
suavest	35
suavity	50
sub	35
subaltern	60
subalterns	60
subaqua	60
subarctic	60
subarea	60
subareas	60
subatomic	50
subbasement	50
subbasements	50
subbed	35
subbing	35
subbranch	60
subbranches	60
subcategories	60
subcategory	60
subclass	50
subclasses	60
subcommittee	35
subcommittees	35
subcompact	50
subcompacts	50
subconscious	35
subconsciously	35
subconsciousness	60
subcontinent	50
subcontinental	60
subcontinents	50
subcontract	50
subcontracted	50
subcontracting	50
subcontractor	50
subcontractors	50
subcontracts	50
subculture	40
subcultures	40
subcutaneous	50
subcutaneously	60
subdivide	35
subdivided	35
subdivides	35
subdividing	35
subdivision	35
subdivisions	35
subdomain	60
subdomains	60
subdominant	60
subdominants	60
subdue	35
subdued	35
subdues	35
subduing	35
subeditor	60
subeditors	60
subfamilies	60
subfamily	60
subfield	60
subfields	60
subfreezing	60
subgenre	60
subgenres	60
subgroup	35
subgroups	50
subhead	50
subheading	50
subheadings	50
subheads	50
subhuman	50
subhumans	50
subject	35
subjected	35
subjecting	35
subjection	50
subjective	35
subjectively	40
subjectivity	50
subjects	35
subjoin	50
subjoined	50
subjoining	50
subjoins	50
subjugate	35
subjugated	35
subjugates	35
subjugating	35
subjugation	50
subjunctive	35
subjunctives	40
sublease	50
subleased	50
subleases	50
subleasing	50
sublet	35
sublets	35
subletting	35
sublieutenant	60
sublieutenants	60
sublimate	50
sublimated	50
sublimates	50
sublimating	50
sublimation	50
sublime	35
sublimed	35
sublimely	50
sublimer	35
sublimes	35
sublimest	35
subliminal	40
subliminally	50
subliming	35
sublimity	50
sublingual	60
submarginal	60
submarine	35
submariner	60
submariners	60
submarines	35
submerge	35
submerged	35
submergence	50
submerges	35
submerging	35
submerse	50
submersed	50
submerses	50
submersible	50
submersibles	50
submersing	50
submersion	35
submicroscopic	60
submission	35
submissions	35
submissive	35
submissively	60
submissiveness	60
submit	35
submits	35
submitted	35
submitter	50
submitting	35
subnormal	35
suboptimal	60
suborbital	50
suborder	60
suborders	60
subordinate	35
subordinated	35
subordinates	35
subordinating	35
subordination	40
suborn	50
subornation	50
suborned	50
suborning	50
suborns	50
subpar	60
subparagraph	60
subparagraphs	60
subpart	60
subparts	60
subplot	50
subplots	50
subpoena	40
subpoenaed	40
subpoenaing	40
subpoenas	40
subprime	50
subprofessional	60
subprofessionals	60
subprogram	35
subprograms	50
subregion	60
subregions	60
subroutine	35
subroutines	35
subs	35
subscale	60
subscales	60
subscribe	35
subscribed	35
subscriber	35
subscribers	35
subscribes	35
subscribing	35
subscript	35
subscription	35
subscriptions	35
subscripts	35
subsection	35
subsections	35
subsequent	35
subsequently	35
subservience	40
subservient	35
subserviently	60
subset	35
subsets	35
subside	35
subsided	35
subsidence	50
subsides	35
subsidiaries	35
subsidiarity	60
subsidiary	35
subsidies	35
subsiding	35
subsidization	50
subsidize	35
subsidized	35
subsidizer	60
subsidizers	60
subsidizes	35
subsidizing	35
subsidy	35
subsist	35
subsisted	35
subsistence	35
subsisting	35
subsists	35
subsoil	50
subsonic	50
subspace	50
subspecies	60
substance	35
substances	35
substandard	35
substantial	35
substantially	35
substantiate	35
substantiated	35
substantiates	35
substantiating	35
substantiation	50
substantiations	50
substantive	50
substantively	60
substantives	50
substation	50
substations	50
substituent	60
substitute	35
substituted	35
substitutes	35
substituting	35
substitution	35
substitutions	35
substrata	50
substrate	50
substrates	60
substratum	50
substructure	50
substructures	50
subsume	50
subsumed	50
subsumes	50
subsuming	50
subsumption	60
subsurface	60
subsystem	35
subsystems	50
subteen	50
subteens	50
subtenancy	60
subtenant	60
subtenants	60
subtend	60
subtended	60
subtending	60
subtends	60
subterfuge	35
subterfuges	35
subterranean	35
subtest	60
subtests	60
subtext	60
subtexts	60
subtitle	50
subtitled	50
subtitles	40
subtitling	50
subtle	35
subtler	35
subtlest	35
subtleties	35
subtlety	35
subtly	35
subtopic	60
subtopics	60
subtotal	50
subtotaled	50
subtotaling	50
subtotals	50
subtract	35
subtracted	35
subtracting	35
subtraction	35
subtractions	35
subtracts	35
subtrahend	50
subtrahends	50
subtropic	60
subtropical	50
subtropics	60
subtype	60
subtypes	60
suburb	35
suburban	35
suburbanite	50
suburbanites	50
suburbans	35
suburbia	40
suburbs	35
subvention	60
subventions	60
subversion	50
subversive	35
subversively	60
subversiveness	60
subversives	35
subvert	35
subverted	35
subverting	35
subverts	35
subway	35
subways	35
subwoofer	60
subwoofers	60
subzero	60
succeed	35
succeeded	35
succeeding	35
succeeds	35
success	35
successes	35
successful	35
successfully	35
succession	35
successions	35
successive	35
successively	35
successor	35
successors	35
succinct	35
succincter	35
succinctest	35
succinctly	35
succinctness	50
succor	35
succored	35
succoring	35
succors	35
succotash	50
succubi	60
succubus	60
succulence	50
succulency	60
succulent	35
succulents	35
succumb	35
succumbed	35
succumbing	35
succumbs	35
such	35
suchlike	50
suck	35
sucked	35
sucker	35
suckered	35
suckering	35
suckers	35
sucking	35
suckle	35
suckled	35
suckles	35
suckling	35
sucklings	50
sucks	35
sucralose	60
sucrose	50
suction	35
suctioned	35
suctioning	35
suctions	35
sudden	35
suddenly	35
suddenness	40
suds	35
sudsier	50
sudsiest	50
sudsy	50
sue	35
sued	35
suede	35
sues	35
suet	50
suety	60
suffer	35
sufferance	50
suffered	35
sufferer	35
sufferers	35
suffering	35
sufferings	35
suffers	35
suffice	35
sufficed	35
suffices	35
sufficiency	40
sufficient	35
sufficiently	35
sufficing	35
suffix	35
suffixation	60
suffixed	35
suffixes	35
suffixing	35
suffocate	35
suffocated	35
suffocates	35
suffocating	35
suffocation	35
suffragan	50
suffragans	50
suffrage	35
suffragette	50
suffragettes	50
suffragist	50
suffragists	50
suffuse	50
suffused	50
suffuses	50
suffusing	50
suffusion	50
sugar	35
sugarcane	50
sugarcoat	50
sugarcoated	50
sugarcoating	50
sugarcoats	50
sugared	35
sugarier	35
sugariest	35
sugaring	35
sugarless	50
sugarplum	60
sugarplums	60
sugars	35
sugary	35
suggest	35
suggested	35
suggester	35
suggestibility	60
suggestible	40
suggesting	35
suggestion	35
suggestions	35
suggestive	35
suggestively	40
suggestiveness	60
suggests	35
suicidal	35
suicide	35
suicides	35
suing	35
suit	35
suitability	35
suitable	35
suitableness	60
suitably	35
suitcase	35
suitcases	35
suite	35
suited	35
suites	35
suiting	35
suitor	35
suitors	35
suits	35
sukiyaki	50
sulfa	60
sulfate	50
sulfates	50
sulfide	50
sulfides	50
sulfonamides	60
sulfur	35
sulfured	50
sulfuric	50
sulfuring	50
sulfurous	50
sulfurs	50
sulk	35
sulked	35
sulkier	35
sulkies	35
sulkiest	35
sulkily	50
sulkiness	50
sulking	35
sulks	35
sulky	35
sullen	35
sullener	35
sullenest	35
sullenly	40
sullenness	50
sullied	50
sullies	50
sully	50
sullying	50
sultan	35
sultana	50
sultanas	50
sultanate	50
sultanates	50
sultans	35
sultrier	35
sultriest	35
sultrily	60
sultriness	60
sultry	35
sum	35
sumac	50
summaries	35
summarily	35
summarize	35
summarized	35
summarizes	35
summarizing	35
summary	35
summat	60
summation	50
summations	50
summed	35
summer	35
summered	35
summerhouse	50
summerhouses	50
summering	35
summers	35
summertime	40
summery	40
summing	35
summit	35
summitry	50
summits	35
summon	35
summoned	35
summoner	50
summoners	50
summoning	35
summons	35
summonsed	35
summonses	35
summonsing	35
sumo	50
sump	50
sumps	50
sumptuous	35
sumptuously	60
sumptuousness	60
sums	35
sun	35
sunbath	60
sunbathe	35
sunbathed	35
sunbather	60
sunbathers	60
sunbathes	35
sunbathing	35
sunbaths	60
sunbeam	50
sunbeams	50
sunbed	60
sunbeds	60
sunbelt	60
sunbelts	60
sunblock	40
sunblocks	40
sunbonnet	50
sunbonnets	50
sunburn	35
sunburned	35
sunburning	35
sunburns	35
sunburnt	60
sunburst	60
sunbursts	60
sundae	35
sundaes	35
sundeck	60
sundecks	60
sunder	50
sundered	50
sundering	50
sunders	50
sundial	35
sundials	35
sundown	35
sundowns	35
sundress	60
sundresses	60
sundries	50
sundry	35
sunfish	50
sunfishes	50
sunflower	35
sunflowers	35
sung	35
sunglasses	35
sunhat	60
sunhats	60
sunk	35
sunken	35
sunlamp	50
sunlamps	50
sunless	50
sunlight	35
sunlike	60
sunlit	35
sunned	35
sunnier	35
sunniest	35
sunniness	60
sunning	35
sunny	35
sunrise	35
sunrises	35
sunroof	50
sunroofs	50
sunroom	60
sunrooms	60
suns	35
sunscreen	35
sunscreens	35
sunset	35
sunsets	35
sunshade	60
sunshades	60
sunshine	35
sunshiny	60
sunspot	50
sunspots	50
sunstroke	50
suntan	35
suntanned	35
suntanning	35
suntans	35
suntrap	60
suntraps	60
sunup	35
sup	35
super	35
superabundance	50
superabundances	50
superabundant	50
superannuate	60
superannuated	50
superannuates	60
superannuating	60
superannuation	60
superb	35
superber	35
superbest	35
superbly	35
superbug	60
superbugs	60
supercar	60
supercargo	60
supercargoes	60
supercars	60
supercharge	50
supercharged	50
supercharger	50
superchargers	50
supercharges	50
supercharging	50
supercilious	50
superciliously	60
superciliousness	60
supercities	60
supercity	60
supercomputer	35
supercomputers	35
superconducting	60
superconductive	60
superconductivity	50
superconductor	60
superconductors	50
supercritical	60
superego	50
superegos	50
supererogation	60
supererogatory	60
superfan	60
superfans	60
superficial	35
superficiality	50
superficially	35
superfine	60
superfluity	50
superfluous	35
superfluously	60
superfluousness	60
superfood	60
superfoods	60
superglue	60
supergrass	60
supergrasses	60
supergroup	60
superheated	60
superhero	60
superheroes	60
superhighway	40
superhighways	40
superhuman	35
superimpose	50
superimposed	50
superimposes	50
superimposing	50
superimposition	60
superintend	50
superintended	50
superintendence	50
superintendency	50
superintendent	35
superintendents	35
superintending	50
superintends	50
superior	35
superiority	35
superiors	35
superlative	35
superlatively	50
superlatives	35
supermajorities	60
supermajority	60
superman	50
supermarket	35
supermarkets	35
supermassive	60
supermen	50
supermodel	50
supermodels	50
supermom	60
supermoms	60
supernal	60
supernatural	35
supernaturally	60
supernova	50
supernovas	50
supernumeraries	50
supernumerary	50
superpose	60
superposed	60
superposes	60
superposing	60
superposition	60
superpower	40
superpowers	40
superrich	60
supers	35
supersaturate	60
supersaturated	60
supersaturates	60
supersaturating	60
supersaturation	60
superscribe	60
superscribed	60
superscribes	60
superscribing	60
superscript	50
superscription	60
superscripts	35
supersede	35
superseded	35
supersedes	35
superseding	35
supersize	50
supersized	50
supersizes	50
supersizing	50
supersonic	35
superspreader	50
superspreaders	50
superstar	35
superstardom	60
superstars	35
superstate	60
superstates	60
superstition	35
superstitions	35
superstitious	35
superstitiously	50
superstore	60
superstores	60
superstructure	35
superstructures	35
supertanker	50
supertankers	50
supervene	50
supervened	50
supervenes	50
supervening	50
supervention	60
supervise	35
supervised	35
supervises	35
supervising	35
supervision	35
supervisions	35
supervisor	35
supervisors	35
supervisory	35
superwoman	60
superwomen	60
supine	50
supinely	60
supped	50
supper	35
suppers	35
suppertime	60
supping	50
supplant	35
supplanted	35
supplanting	35
supplants	35
supple	35
supplement	35
supplemental	40
supplementary	35
supplementation	60
supplemented	35
supplementing	35
supplements	35
suppleness	50
suppler	35
supplest	35
suppliant	50
suppliants	50
supplicant	50
supplicants	50
supplicate	50
supplicated	50
supplicates	50
supplicating	50
supplication	50
supplications	50
supplied	35
supplier	35
suppliers	35
supplies	35
supply	35
supplying	35
support	35
supportable	50
supported	35
supporter	35
supporters	35
supporting	35
supportive	35
supports	35
suppose	35
supposed	35
supposedly	35
supposes	35
supposing	35
supposition	35
suppositions	35
suppositories	50
suppository	50
suppress	35
suppressant	60
suppressants	60
suppressed	35
suppresses	35
suppressible	60
suppressing	35
suppression	35
suppressive	60
suppressor	60
suppressors	60
suppurate	50
suppurated	50
suppurates	50
suppurating	50
suppuration	50
supra	60
supranational	50
supremacist	50
supremacists	50
supremacy	35
supreme	35
supremely	35
supremo	60
supremos	60
sups	50
surcease	50
surceased	50
surceases	50
surceasing	50
surcharge	35
surcharged	35
surcharges	35
surcharging	35
surcingle	60
surcingles	60
sure	35
surefire	40
surefooted	50
surely	35
sureness	50
surer	35
surest	35
sureties	50
surety	50
surf	35
surface	35
surfaced	35
surfaces	35
surfacing	35
surfboard	35
surfboarded	35
surfboarding	35
surfboards	35
surfed	35
surfeit	50
surfeited	50
surfeiting	50
surfeits	50
surfer	40
surfers	40
surfing	35
surfs	35
surge	35
surged	35
surgeon	35
surgeons	35
surgeries	35
surgery	35
surges	35
surgical	35
surgically	40
surging	35
surlier	35
surliest	35
surliness	50
surly	35
surmise	35
surmised	35
surmises	35
surmising	35
surmount	35
surmountable	50
surmounted	35
surmounting	35
surmounts	35
surname	35
surnames	35
surpass	35
surpassed	35
surpasses	35
surpassing	35
surplice	50
surplices	50
surplus	35
surpluses	35
surplussed	35
surplussing	35
surprise	35
surprised	35
surprises	35
surprising	35
surprisingly	35
surreal	35
surrealism	50
surrealist	50
surrealistic	40
surrealistically	60
surrealists	50
surrender	35
surrendered	35
surrendering	35
surrenders	35
surreptitious	35
surreptitiously	50
surreptitiousness	60
surrey	50
surreys	50
surrogacy	60
surrogate	40
surrogates	40
surround	35
surrounded	35
surrounding	35
surroundings	35
surrounds	35
surtax	50
surtaxed	50
surtaxes	50
surtaxing	50
surtitle	60
surtitles	60
surveillance	35
survey	35
surveyed	35
surveying	35
surveyor	35
surveyors	35
surveys	35
survivable	60
survival	35
survivalist	60
survivalists	60
survivals	35
survive	35
survived	35
survives	35
surviving	35
survivor	35
survivors	35
susceptibilities	50
susceptibility	50
susceptible	35
sushi	60
suspect	35
suspected	35
suspecting	35
suspects	35
suspend	35
suspended	35
suspender	60
suspenders	40
suspending	35
suspends	35
suspense	35
suspenseful	50
suspension	35
suspensions	35
suspicion	35
suspicions	35
suspicious	35
suspiciously	35
suss	60
sussed	60
susses	60
sussing	60
sustain	35
sustainability	60
sustainable	35
sustainably	60
sustained	35
sustaining	35
sustains	35
sustenance	35
sutler	60
sutlers	60
sutra	60
sutras	60
suttee	60
suture	50
sutured	50
sutures	50
suturing	50
suzerain	60
suzerains	60
suzerainty	60
svelte	50
svelter	50
sveltest	50
swab	35
swabbed	35
swabbing	35
swabs	35
swaddle	50
swaddled	50
swaddles	50
swaddling	50
swag	50
swagged	50
swagger	35
swaggered	35
swaggering	35
swaggers	35
swagging	50
swags	50
swain	50
swains	50
swallow	35
swallowed	35
swallowing	35
swallows	35
swallowtail	50
swallowtails	50
swam	35
swami	50
swamis	50
swamp	35
swamped	35
swampier	35
swampiest	35
swamping	35
swampland	60
swamplands	60
swamps	35
swampy	35
swan	35
swank	40
swanked	40
swanker	40
swankest	40
swankier	50
swankiest	50
swankily	60
swankiness	60
swanking	40
swanks	40
swanky	50
swanned	60
swanning	60
swans	35
swap	35
swapped	35
swapping	35
swaps	35
sward	50
swards	50
swarm	35
swarmed	35
swarming	35
swarms	35
swarthier	35
swarthiest	35
swarthy	35
swash	50
swashbuckler	50
swashbucklers	50
swashbuckling	50
swashed	50
swashes	50
swashing	50
swastika	50
swastikas	50
swat	35
swatch	40
swatches	40
swath	50
swathe	35
swathed	35
swathes	35
swathing	35
swaths	50
swats	35
swatted	35
swatter	50
swatters	50
swatting	35
sway	35
swayback	60
swaybacked	50
swayed	35
swaying	35
sways	35
swear	35
swearer	50
swearers	50
swearing	35
swears	35
sweat	35
sweatband	60
sweatbands	60
sweated	35
sweater	35
sweaters	35
sweatier	40
sweatiest	40
sweating	35
sweatpants	40
sweats	35
sweatshirt	40
sweatshirts	40
sweatshop	40
sweatshops	40
sweatsuit	40
sweatsuits	40
sweaty	35
swede	60
swedes	60
sweep	35
sweeper	35
sweepers	35
sweeping	35
sweepingly	60
sweepings	35
sweeps	35
sweepstakes	35
sweet	35
sweetbread	50
sweetbreads	50
sweetbrier	50
sweetbriers	50
sweetcorn	50
sweeten	35
sweetened	35
sweetener	40
sweeteners	40
sweetening	35
sweetens	35
sweeter	35
sweetest	35
sweetheart	35
sweethearts	35
sweetie	40
sweeties	40
sweetish	50
sweetly	35
sweetmeat	50
sweetmeats	50
sweetness	35
sweets	35
swell	35
swelled	35
sweller	35
swellest	35
swellhead	50
swellheaded	50
swellheads	50
swelling	35
swellings	35
swells	35
swelter	50
sweltered	50
sweltering	40
swelters	50
swept	35
sweptback	60
swerve	35
swerved	35
swerves	35
swerving	35
swift	35
swifter	35
swiftest	35
swiftly	35
swiftness	50
swifts	35
swig	35
swigged	35
swigging	35
swigs	35
swill	35
swilled	35
swilling	35
swills	35
swim	35
swimmer	40
swimmers	40
swimming	35
swimmingly	60
swims	35
swimsuit	40
swimsuits	40
swimwear	60
swindle	35
swindled	35
swindler	35
swindlers	35
swindles	35
swindling	35
swine	35
swineherd	60
swineherds	60
swines	35
swing	35
swingeing	60
swinger	50
swingers	50
swinging	35
swingman	60
swingmen	60
swings	35
swinish	50
swipe	35
swiped	35
swipes	35
swiping	35
swirl	35
swirled	35
swirling	35
swirls	35
swirly	50
swish	35
swished	35
swisher	35
swishes	35
swishest	60
swishing	35
switch	35
switchable	35
switchback	50
switchbacks	50
switchblade	50
switchblades	50
switchboard	35
switchboards	35
switched	35
switcher	60
switcheroo	60
switcheroos	60
switchers	60
switches	35
switching	35
switchover	60
swivel	35
swiveled	35
swiveling	35
swivels	35
swiz	60
swizz	60
swollen	35
swoon	35
swooned	35
swooning	35
swoons	35
swoop	35
swooped	35
swooping	35
swoops	35
swoosh	60
swooshed	60
swooshes	60
swooshing	60
sword	35
swordfish	35
swordfishes	35
swordplay	50
swords	35
swordsman	50
swordsmanship	60
swordsmen	50
swore	35
sworn	35
swot	60
swots	60
swotted	60
swotting	60
swum	35
swung	35
sybarite	50
sybarites	50
sybaritic	50
sycamore	40
sycamores	40
sycophancy	60
sycophant	40
sycophantic	50
sycophants	40
syllabic	50
syllabicate	60
syllabicated	60
syllabicates	60
syllabicating	60
syllabication	50
syllabification	50
syllabified	50
syllabifies	50
syllabify	50
syllabifying	50
syllable	35
syllables	35
syllabub	60
syllabubs	60
syllabus	35
syllabuses	35
syllogism	50
syllogisms	50
syllogistic	50
sylph	50
sylphic	60
sylphlike	60
sylphs	50
sylvan	50
symbioses	50
symbiosis	50
symbiotic	50
symbiotically	60
symbol	35
symbolic	35
symbolical	60
symbolically	40
symbolism	35
symbolization	50
symbolize	35
symbolized	35
symbolizes	35
symbolizing	35
symbology	60
symbols	35
symmetric	35
symmetrical	35
symmetrically	40
symmetries	35
symmetry	35
sympathetic	35
sympathetically	35
sympathies	35
sympathize	35
sympathized	35
sympathizer	40
sympathizers	40
sympathizes	35
sympathizing	35
sympathy	35
symphonic	35
symphonies	35
symphony	35
symposium	50
symposiums	50
symptom	35
symptomatic	35
symptomatically	60
symptoms	35
synagogal	60
synagogue	35
synagogues	35
synapse	50
synapses	35
synaptic	60
sync	40
synced	40
synchronicity	60
synchronization	35
synchronizations	50
synchronize	35
synchronized	35
synchronizes	35
synchronizing	35
synchronous	35
synchronously	50
synchrony	60
syncing	40
syncopate	50
syncopated	50
syncopates	50
syncopating	50
syncopation	50
syncope	60
syncs	40
syndicalism	60
syndicalist	60
syndicalists	60
syndicate	35
syndicated	35
syndicates	35
syndicating	35
syndication	40
syndrome	35
syndromes	35
synergies	60
synergism	60
synergistic	60
synergy	60
synfuel	60
synfuels	60
synod	40
synods	40
synonym	35
synonymous	35
synonyms	35
synonymy	60
synopses	35
synopsis	35
synoptic	60
synovial	60
syntactic	35
syntactical	50
syntactically	35
syntax	35
synth	60
syntheses	35
synthesis	35
synthesize	40
synthesized	35
synthesizer	35
synthesizers	35
synthesizes	35
synthesizing	40
synthetic	35
synthetically	40
synthetics	35
synths	60
syphilis	35
syphilitic	50
syphilitics	50
syringe	35
syringed	35
syringes	35
syringing	35
syrup	35
syrups	35
syrupy	50
sysadmin	60
sysadmins	60
system	35
systematic	35
systematical	60
systematically	35
systematization	60
systematize	50
systematized	50
systematizes	50
systematizing	50
systemic	50
systemically	60
systemics	50
systems	35
systole	60
systoles	60
systolic	60
ta	60
tab	35
tabbed	35
tabbies	35
tabbing	35
tabbouleh	60
tabby	35
tabernacle	35
tabernacles	35
tabla	60
tablas	60
table	35
tableau	50
tableaux	50
tablecloth	35
tablecloths	35
tabled	35
tableland	50
tablelands	50
tables	35
tablespoon	35
tablespoonful	35
tablespoonfuls	35
tablespoons	35
tablet	35
tabletop	60
tabletops	60
tablets	35
tableware	50
tabling	35
tabloid	35
tabloids	35
taboo	35
tabooed	35
tabooing	35
taboos	35
tabor	60
tabors	60
tabs	35
tabular	50
tabulate	35
tabulated	35
tabulates	35
tabulating	35
tabulation	35
tabulations	35
tabulator	50
tabulators	50
tachograph	60
tachographs	60
tachometer	50
tachometers	50
tachycardia	60
tachyon	60
tacit	35
tacitly	35
tacitness	50
taciturn	35
taciturnity	50
taciturnly	60
tack	35
tacked	35
tacker	60
tackers	60
tackier	35
tackiest	35
tackiness	40
tacking	35
tackle	35
tackled	35
tackler	50
tacklers	50
tackles	35
tackling	35
tacks	35
tacky	35
taco	35
tacos	35
tact	35
tactful	35
tactfully	35
tactfulness	60
tactic	35
tactical	35
tactically	40
tactician	50
tacticians	50
tactics	35
tactile	50
tactility	60
tactless	35
tactlessly	35
tactlessness	50
tad	40
tadpole	35
tadpoles	35
tads	40
taffeta	50
taffies	40
taffrail	60
taffrails	60
taffy	40
tag	35
tagged	35
tagger	60
taggers	60
tagging	35
tagliatelle	60
tagline	60
taglines	60
tags	35
tahini	60
taiga	60
taigas	60
tail	35
tailback	60
tailbacks	60
tailboard	60
tailboards	60
tailbone	60
tailbones	60
tailcoat	50
tailcoats	50
tailed	35
tailgate	35
tailgated	35
tailgater	60
tailgaters	60
tailgates	35
tailgating	35
tailing	35
tailless	50
taillight	35
taillights	35
tailor	35
tailored	35
tailoring	35
tailors	35
tailpiece	60
tailpieces	60
tailpipe	40
tailpipes	40
tails	35
tailspin	35
tailspins	35
tailwind	60
tailwinds	60
taint	35
tainted	35
tainting	35
taints	35
take	35
takeaway	60
takeaways	50
taken	35
takeoff	35
takeoffs	35
takeout	40
takeouts	40
takeover	35
takeovers	40
taker	50
takers	35
takes	35
taking	35
takings	40
talc	35
talcum	60
tale	35
talebearer	60
talebearers	60
talent	35
talented	35
talentless	60
talents	35
tales	35
tali	60
talisman	35
talismans	35
talk	35
talkative	35
talkatively	60
talkativeness	50
talked	35
talker	35
talkers	35
talkie	60
talkier	60
talkies	60
talkiest	60
talking	35
talks	35
talky	60
tall	35
tallboy	60
tallboys	60
taller	35
tallest	35
tallied	35
tallier	60
talliers	60
tallies	35
tallish	60
tallness	50
tallow	35
tallowy	60
tally	35
tallyho	50
tallyhoed	50
tallyhoing	50
tallyhos	50
tallying	35
talon	35
talons	35
talus	60
taluses	60
tam	50
tamable	50
tamale	50
tamales	50
tamarack	60
tamaracks	60
tamari	60
tamarind	50
tamarinds	50
tambourine	35
tambourines	35
tame	35
tamed	35
tamely	35
tameness	35
tamer	35
tamers	50
tames	35
tamest	35
taming	35
tamoxifen	60
tamp	50
tamped	50
tamper	35
tampered	35
tamperer	60
tamperers	60
tampering	35
tampers	35
tamping	50
tampon	40
tampons	40
tamps	50
tams	50
tan	35
tanager	50
tanagers	50
tanbark	60
tandem	35
tandems	35
tandoori	60
tang	35
tangelo	50
tangelos	50
tangent	35
tangential	35
tangentially	60
tangents	35
tangerine	35
tangerines	35
tangibility	50
tangible	35
tangibleness	60
tangibles	35
tangibly	50
tangier	40
tangiest	40
tangle	35
tangled	35
tangles	35
tangling	35
tango	35
tangoed	35
tangoing	35
tangos	35
tangs	35
tangy	40
tank	35
tankard	35
tankards	35
tanked	35
tanker	35
tankers	35
tankful	50
tankfuls	50
tanking	35
tankini	60
tanks	35
tanned	35
tanner	35
tanneries	50
tanners	50
tannery	50
tannest	35
tannin	50
tanning	35
tannins	50
tans	35
tansy	50
tantalization	60
tantalize	35
tantalized	35
tantalizer	60
tantalizers	60
tantalizes	35
tantalizing	35
tantalizingly	40
tantalum	60
tantamount	35
tantra	60
tantrum	35
tantrums	35
tap	35
tapas	60
tape	35
taped	35
tapeline	60
tapelines	60
taper	35
tapered	35
tapering	35
tapers	35
tapes	35
tapestries	35
tapestry	35
tapeworm	40
tapeworms	40
taping	35
tapioca	50
tapir	50
tapirs	50
tapped	35
tapper	60
tappers	60
tappet	60
tappets	60
tapping	35
taproom	50
taprooms	50
taproot	50
taproots	50
taps	35
taqueria	60
taquerias	60
tar	35
taramasalata	60
tarantella	60
tarantellas	60
tarantula	35
tarantulas	35
tardier	35
tardiest	35
tardily	50
tardiness	35
tardy	35
tare	50
tared	50
tares	50
target	35
targeted	35
targeting	35
targets	35
tariff	35
tariffs	35
taring	50
tarmac	40
tarmacadam	60
tarmacked	40
tarmacking	40
tarmacs	40
tarn	60
tarnish	35
tarnished	35
tarnishes	35
tarnishing	35
tarns	60
taro	50
taros	50
tarot	40
tarots	40
tarp	40
tarpaulin	35
tarpaulins	35
tarpon	50
tarpons	50
tarps	40
tarragon	50
tarragons	50
tarred	35
tarried	35
tarrier	35
tarries	35
tarriest	35
tarring	35
tarry	35
tarrying	35
tars	35
tarsal	60
tarsals	60
tarsi	60
tarsus	60
tart	35
tartan	35
tartans	35
tartar	35
tartaric	60
tartars	35
tarted	60
tarter	35
tartest	35
tartiest	60
tarting	60
tartlet	60
tartlets	60
tartly	50
tartness	50
tarts	35
tarty	60
taser	50
tasered	50
tasering	50
tasers	50
task	35
taskbar	60
taskbars	60
tasked	35
tasking	35
taskmaster	50
taskmasters	50
taskmistress	60
taskmistresses	60
tasks	35
tassel	35
tasseled	35
tasseling	35
tassels	35
taste	35
tasted	35
tasteful	35
tastefully	35
tastefulness	60
tasteless	35
tastelessly	50
tastelessness	50
tastemaker	60
tastemakers	60
taster	40
tasters	40
tastes	35
tastier	35
tastiest	35
tastily	60
tastiness	50
tasting	35
tastings	60
tasty	35
tat	50
tatami	60
tatamis	60
tater	60
taters	60
tats	50
tatted	50
tatter	50
tatterdemalion	60
tatterdemalions	60
tattered	40
tattering	50
tatters	50
tattie	60
tattier	60
tatties	60
tattiest	60
tatting	50
tattle	35
tattled	35
tattler	50
tattlers	50
tattles	35
tattletale	40
tattletales	40
tattling	35
tattoo	35
tattooed	35
tattooer	60
tattooers	60
tattooing	35
tattooist	50
tattooists	50
tattoos	35
tatty	35
tau	60
taught	35
taunt	35
taunted	35
taunter	60
taunters	60
taunting	35
tauntingly	60
taunts	35
taupe	50
taus	60
taut	35
tauten	60
tautened	60
tautening	60
tautens	60
tauter	35
tautest	35
tautly	40
tautness	50
tautological	50
tautologically	60
tautologies	50
tautologous	60
tautology	35
tavern	35
taverns	35
tawdrier	35
tawdriest	35
tawdrily	60
tawdriness	50
tawdry	35
tawnier	35
tawniest	35
tawny	35
tax	35
taxa	60
taxable	35
taxation	35
taxed	35
taxer	60
taxers	60
taxes	35
taxi	35
taxicab	35
taxicabs	35
taxidermist	50
taxidermists	50
taxidermy	40
taxied	35
taxiing	35
taximeter	60
taximeters	60
taxing	35
taxis	35
taxiway	60
taxiways	60
taxman	60
taxmen	60
taxon	60
taxonomic	50
taxonomies	50
taxonomist	60
taxonomists	60
taxonomy	50
taxpayer	35
taxpayers	35
taxpaying	60
tchotchke	60
tchotchkes	60
tea	35
teacake	60
teacakes	60
teach	35
teachable	50
teacher	35
teachers	35
teaches	35
teaching	35
teachings	35
teacup	35
teacupful	60
teacupfuls	60
teacups	35
teahouse	60
teahouses	60
teak	35
teakettle	40
teakettles	40
teaks	35
teal	50
tealight	50
tealights	50
teals	50
team	35
teamed	35
teaming	35
teammate	35
teammates	35
teams	35
teamster	35
teamsters	35
teamwork	35
teapot	35
teapots	35
tear	35
tearaway	60
tearaways	60
teardrop	35
teardrops	35
teared	35
tearful	35
tearfully	50
teargas	40
teargases	40
teargassed	40
teargassing	40
tearier	50
teariest	50
tearing	35
tearjerker	50
tearjerkers	50
tearoom	50
tearooms	50
tears	35
teary	50
teas	35
tease	35
teased	35
teasel	50
teasels	50
teaser	50
teasers	50
teases	35
teasing	35
teasingly	60
teaspoon	35
teaspoonful	40
teaspoonfuls	40
teaspoons	35
teat	35
teatime	50
teatimes	60
teats	35
tech	60
techie	60
techies	60
technetium	60
technical	35
technicalities	35
technicality	35
technically	35
technician	35
technicians	35
technicolor	60
technique	35
techniques	35
techno	50
technobabble	60
technocracies	50
technocracy	50
technocrat	50
technocratic	60
technocrats	50
technological	35
technologically	35
technologies	35
technologist	40
technologists	40
technology	35
technophobe	60
technophobes	60
techs	60
tectonic	60
tectonics	50
ted	60
teddies	60
teddy	60
tedious	35
tediously	35
tediousness	50
tedium	35
teds	60
tee	35
teed	35
teeing	35
teem	35
teemed	35
teeming	35
teems	35
teen	40
teenage	35
teenaged	60
teenager	35
teenagers	35
teenier	50
teeniest	50
teens	40
teensy	60
teeny	50
teenybopper	60
teenyboppers	60
tees	35
teeter	35
teetered	35
teetering	35
teeters	35
teeth	35
teethe	35
teethed	35
teethes	35
teething	35
teetotal	35
teetotaler	35
teetotalers	35
teetotalism	60
tektite	60
tektites	60
telco	60
telcos	60
telecast	50
telecaster	50
telecasters	50
telecasting	50
telecasts	50
telecom	60
telecommunication	50
telecommunications	35
telecommute	60
telecommuted	60
telecommuter	40
telecommuters	40
telecommutes	60
telecommuting	40
telecoms	60
teleconference	50
teleconferenced	50
teleconferences	50
teleconferencing	50
telegenic	60
telegram	35
telegrams	35
telegraph	35
telegraphed	35
telegrapher	50
telegraphers	50
telegraphese	60
telegraphic	50
telegraphically	60
telegraphing	35
telegraphist	60
telegraphists	60
telegraphs	35
telegraphy	50
telekinesis	50
telekinetic	60
telemarketer	60
telemarketers	60
telemarketing	50
telemedicine	60
telemeter	50
telemeters	50
telemetries	50
telemetry	50
telenovela	60
telenovelas	60
teleological	60
teleology	60
telepathic	35
telepathically	50
telepathy	35
telephone	35
telephoned	35
telephoner	60
telephoners	60
telephones	35
telephonic	50
telephoning	35
telephonist	60
telephonists	60
telephony	50
telephoto	50
telephotography	60
telephotos	50
teleplay	60
teleplays	60
teleport	60
teleportation	60
teleprinter	60
teleprinters	60
teleprocessing	60
teleprompter	60
teleprompters	60
telesales	60
telescope	35
telescoped	35
telescopes	35
telescopic	40
telescopically	60
telescoping	35
teletext	60
teletexts	60
telethon	40
telethons	40
teletype	35
teletypes	50
teletypewriter	50
teletypewriters	50
televangelism	60
televangelist	60
televangelists	60
televise	35
televised	35
televises	35
televising	35
television	35
televisions	35
telework	60
teleworker	60
teleworkers	60
teleworking	60
telex	50
telexed	50
telexes	50
telexing	50
tell	35
teller	35
tellers	35
tellies	60
telling	35
tellingly	50
tells	35
telltale	35
telltales	35
tellurium	60
telly	60
temblor	60
temblors	60
temerity	50
temp	40
temped	40
tempeh	60
temper	35
tempera	50
temperament	35
temperamental	35
temperamentally	50
temperaments	35
temperance	35
temperas	50
temperate	35
temperately	60
temperateness	60
temperature	35
temperatures	35
tempered	35
tempering	35
tempers	35
tempest	35
tempests	35
tempestuous	35
tempestuously	50
tempestuousness	50
temping	40
template	35
templates	40
temple	35
temples	35
tempo	35
temporal	35
temporally	50
temporaries	35
temporarily	35
temporariness	60
temporary	35
temporize	50
temporized	50
temporizer	60
temporizers	60
temporizes	50
temporizing	50
tempos	35
temps	40
tempt	35
temptation	35
temptations	35
tempted	35
tempter	50
tempters	50
tempting	35
temptingly	60
temptress	50
temptresses	50
tempts	35
tempura	50
ten	35
tenability	50
tenable	35
tenably	60
tenacious	35
tenaciously	50
tenaciousness	60
tenacity	35
tenancies	35
tenancy	35
tenant	35
tenanted	35
tenanting	35
tenantry	60
tenants	35
tench	60
tend	35
tended	35
tendencies	35
tendency	35
tendentious	50
tendentiously	50
tendentiousness	50
tender	35
tendered	35
tenderer	35
tenderest	35
tenderfoot	50
tenderfoots	50
tenderhearted	40
tenderheartedness	60
tendering	35
tenderize	35
tenderized	35
tenderizer	50
tenderizers	50
tenderizes	35
tenderizing	35
tenderloin	50
tenderloins	50
tenderly	35
tenderness	35
tenders	35
tending	35
tendinitis	50
tendon	35
tendons	35
tendril	35
tendrils	35
tends	35
tenement	35
tenements	35
tenet	35
tenets	35
tenfold	60
tenner	60
tenners	60
tennis	35
tenon	50
tenoned	50
tenoning	50
tenons	50
tenor	35
tenors	35
tenpin	60
tenpins	50
tens	35
tense	35
tensed	35
tensely	50
tenseness	50
tenser	35
tenses	35
tensest	35
tensile	50
tensing	35
tension	35
tensions	35
tensity	60
tensor	50
tensors	35
tent	35
tentacle	35
tentacled	60
tentacles	35
tentative	35
tentatively	35
tentativeness	60
tented	35
tenterhook	60
tenterhooks	60
tenth	35
tenthly	60
tenths	35
tenting	35
tents	35
tenuity	60
tenuous	35
tenuously	50
tenuousness	50
tenure	35
tenured	35
tenures	35
tenuring	35
tepee	35
tepees	35
tepid	35
tepidity	60
tepidly	60
tepidness	60
tequila	40
tequilas	40
terabit	50
terabits	50
terabyte	50
terabytes	50
terahertz	60
terajoule	60
terajoules	60
terapixel	60
terapixels	60
terawatt	60
terawatts	60
terbium	60
tercentenaries	50
tercentenary	50
tercentennial	60
tercentennials	60
teriyaki	60
term	35
termagant	50
termagants	50
termed	35
terminable	50
terminal	35
terminally	35
terminals	35
terminate	35
terminated	35
terminates	35
terminating	35
termination	35
terminations	40
terminator	35
terminators	35
terming	35
termini	35
terminological	50
terminologically	60
terminologies	35
terminology	35
terminus	35
termite	35
termites	35
termly	35
terms	35
tern	50
ternaries	60
ternary	60
terns	50
terrace	35
terraced	35
terraces	35
terracing	35
terracotta	40
terraform	60
terraformed	60
terraforming	60
terraforms	60
terrain	35
terrains	35
terrapin	50
terrapins	50
terrarium	50
terrariums	50
terrazzo	60
terrazzos	60
terrestrial	35
terrestrially	60
terrestrials	35
terrible	35
terribleness	60
terribly	35
terrier	35
terriers	35
terrific	35
terrifically	50
terrified	35
terrifies	35
terrify	35
terrifying	35
terrifyingly	50
terrine	60
terrines	60
territorial	35
territoriality	60
territorially	60
territorials	35
territories	35
territory	35
terror	35
terrorism	35
terrorist	35
terrorists	35
terrorize	35
terrorized	35
terrorizes	35
terrorizing	35
terrors	35
terry	50
terrycloth	60
terse	35
tersely	35
terseness	35
terser	35
tersest	35
tertiary	50
tessellate	60
tessellated	60
tessellates	60
tessellating	60
tessellation	60
tessellations	60
test	35
testable	35
testament	35
testamentary	50
testaments	35
testate	50
testator	60
testators	60
testatrices	60
testatrix	60
tested	35
tester	50
testers	35
testes	35
testicle	35
testicles	35
testicular	60
testier	40
testiest	40
testified	35
testifier	60
testifiers	60
testifies	35
testify	35
testifying	35
testily	50
testimonial	35
testimonials	35
testimonies	35
testimony	35
testiness	50
testing	35
testis	50
testosterone	50
tests	35
testy	40
tetanus	35
tetchier	60
tetchiest	60
tetchily	60
tetchiness	60
tetchy	60
tether	35
tethered	35
tethering	35
tethers	35
tetra	60
tetracycline	60
tetrahedral	60
tetrahedron	50
tetrahedrons	50
tetrameter	60
tetrameters	60
tetras	60
text	35
textbook	35
textbooks	35
texted	35
textile	35
textiles	35
texting	35
texts	35
textual	35
textually	35
textural	50
texture	35
textured	35
textures	35
texturing	35
thalami	50
thalamus	50
thalidomide	60
thallium	50
than	35
thane	60
thanes	60
thank	35
thanked	35
thankful	35
thankfully	35
thankfulness	50
thanking	35
thankless	35
thanklessly	50
thanklessness	60
thanks	35
thanksgiving	50
thanksgivings	50
that	35
thatch	35
thatched	35
thatcher	35
thatchers	60
thatches	35
thatching	35
thaw	35
thawed	35
thawing	35
thaws	35
the	35
theater	35
theatergoer	60
theatergoers	60
theaters	35
theatrical	35
theatricality	60
theatrically	50
theatricals	60
theatrics	60
thee	50
theft	35
thefts	35
their	35
theirs	35
theism	50
theist	50
theistic	50
theists	35
them	35
thematic	40
thematically	50
theme	35
themed	60
themes	35
themself	35
themselves	35
then	35
thence	35
thenceforth	50
thenceforward	50
theocracies	50
theocracy	50
theocratic	50
theodolite	60
theodolites	60
theologian	35
theologians	35
theological	35
theologically	60
theologies	35
theology	35
theorem	35
theorems	35
theoretic	35
theoretical	35
theoretically	35
theoretician	40
theoreticians	40
theories	35
theorist	35
theorists	35
theorize	35
theorized	35
theorizes	35
theorizing	35
theory	35
theosophic	60
theosophical	60
theosophist	60
theosophists	60
theosophy	50
therapeutic	35
therapeutically	50
therapeutics	50
therapies	35
therapist	35
therapists	35
therapy	35
there	35
thereabout	40
thereabouts	35
thereafter	35
thereat	60
thereby	35
therefor	60
therefore	35
therefrom	50
therein	35
theremin	60
theremins	60
thereof	35
thereon	35
thereto	50
theretofore	60
thereunder	60
thereunto	60
thereupon	35
therewith	50
therm	60
thermal	35
thermally	50
thermals	35
thermionic	50
thermodynamic	50
thermodynamics	35
thermometer	35
thermometers	35
thermometric	60
thermonuclear	40
thermoplastic	50
thermoplastics	50
thermos	50
thermoses	50
thermostat	35
thermostatic	50
thermostatically	60
thermostats	35
therms	60
thesaurus	35
thesauruses	35
these	35
theses	35
thesis	35
thespian	50
thespians	50
theta	35
thetas	60
thew	60
thews	60
they	35
thiamine	50
thick	35
thicken	35
thickened	35
thickener	50
thickeners	50
thickening	35
thickenings	50
thickens	35
thicker	35
thickest	35
thicket	35
thickets	35
thickheaded	60
thickly	35
thickness	35
thicknesses	35
thicko	60
thickos	60
thickset	50
thief	35
thieve	50
thieved	50
thievery	50
thieves	35
thieving	50
thievish	50
thigh	35
thighbone	50
thighbones	50
thighs	35
thimble	35
thimbleful	50
thimblefuls	50
thimbles	35
thin	35
thine	50
thing	35
thingamabob	60
thingamabobs	60
thingamajig	40
thingamajigs	40
thingies	60
things	35
thingumabob	60
thingumabobs	60
thingummies	60
thingummy	60
thingy	60
think	35
thinkable	60
thinker	40
thinkers	35
thinking	35
thinks	35
thinly	35
thinned	35
thinner	35
thinners	50
thinness	50
thinnest	35
thinning	35
thins	35
third	35
thirdly	50
thirds	35
thirst	35
thirsted	35
thirstier	35
thirstiest	35
thirstily	40
thirstiness	60
thirsting	35
thirsts	35
thirsty	35
thirteen	35
thirteens	35
thirteenth	35
thirteenths	35
thirties	35
thirtieth	35
thirtieths	35
thirty	35
thirtysomething	60
thirtysomethings	60
this	35
thistle	35
thistledown	50
thistles	35
thither	50
tho	50
thole	60
tholes	60
thong	35
thongs	35
thoracic	50
thorax	50
thoraxes	50
thorium	50
thorn	35
thornbush	60
thornbushes	60
thornier	35
thorniest	35
thorniness	60
thornless	60
thorns	35
thorny	35
thorough	35
thoroughbred	35
thoroughbreds	35
thorougher	35
thoroughest	35
thoroughfare	35
thoroughfares	35
thoroughgoing	50
thoroughly	35
thoroughness	40
those	35
thou	50
though	35
thought	35
thoughtful	35
thoughtfully	35
thoughtfulness	35
thoughtless	35
thoughtlessly	35
thoughtlessness	40
thoughts	35
thousand	35
thousandfold	60
thousands	35
thousandth	35
thousandths	35
thrall	50
thralldom	50
thralled	50
thralling	50
thralls	50
thrash	35
thrashed	35
thrasher	50
thrashers	50
thrashes	35
thrashing	35
thrashings	40
thread	35
threadbare	35
threaded	35
threader	60
threaders	60
threadier	60
threadiest	60
threading	35
threadlike	60
threads	35
thready	60
threat	35
threaten	35
threatened	35
threatening	35
threateningly	40
threatens	35
threats	35
three	35
threefold	50
threepence	60
threes	35
threescore	50
threescores	50
threesome	50
threesomes	50
threnodies	50
threnody	50
thresh	35
threshed	35
thresher	35
threshers	35
threshes	35
threshing	35
threshold	35
thresholds	35
threw	35
thrice	35
thrift	35
thriftier	35
thriftiest	35
thriftily	50
thriftiness	50
thriftless	60
thrifts	35
thrifty	35
thrill	35
thrilled	35
thriller	35
thrillers	35
thrilling	35
thrillingly	60
thrills	35
thrive	35
thrived	35
thrives	35
thriving	35
throat	35
throatier	40
throatiest	40
throatily	50
throatiness	50
throats	35
throaty	40
throb	35
throbbed	35
throbbing	35
throbs	35
throe	50
throes	50
thrombi	60
thrombolytic	60
thromboses	50
thrombosis	50
thrombotic	60
thrombus	60
throne	35
thrones	35
throng	35
thronged	35
thronging	35
throngs	35
throttle	35
throttled	35
throttler	60
throttlers	60
throttles	35
throttling	35
through	35
throughout	35
throughput	35
throw	35
throwaway	35
throwaways	40
throwback	35
throwbacks	35
thrower	50
throwers	50
throwing	35
thrown	35
throws	35
thru	50
thrum	50
thrummed	50
thrumming	50
thrums	50
thrush	50
thrushes	50
thrust	35
thruster	60
thrusters	60
thrusting	35
thrusts	35
thruway	50
thruways	50
thud	35
thudded	35
thudding	35
thuds	35
thug	35
thuggery	60
thuggish	60
thugs	35
thulium	60
thumb	35
thumbed	35
thumbing	35
thumbnail	40
thumbnails	40
thumbprint	60
thumbprints	60
thumbs	35
thumbscrew	50
thumbscrews	50
thumbtack	35
thumbtacks	35
thump	35
thumped	35
thumping	35
thumpings	60
thumps	35
thunder	35
thunderbolt	35
thunderbolts	35
thunderclap	50
thunderclaps	50
thundercloud	50
thunderclouds	50
thundered	35
thunderer	60
thunderers	60
thunderhead	50
thunderheads	50
thundering	35
thunderous	35
thunderously	50
thunders	35
thundershower	50
thundershowers	50
thunderstorm	35
thunderstorms	35
thunderstruck	35
thundery	60
thus	35
thwack	50
thwacked	50
thwacker	60
thwackers	60
thwacking	50
thwacks	50
thwart	35
thwarted	35
thwarting	35
thwarts	35
thy	50
thyme	35
thymine	60
thymus	50
thymuses	50
thyroid	35
thyroidal	60
thyroids	35
thyself	50
ti	50
tiara	35
tiaras	35
tibia	50
tibiae	50
tibial	60
tic	40
tick	35
ticked	35
ticker	50
tickers	50
ticket	35
ticketed	35
ticketing	35
tickets	35
ticking	35
tickle	35
tickled	35
tickler	60
ticklers	60
tickles	35
tickling	35
ticklish	35
ticklishly	60
ticklishness	60
ticks	35
ticktacktoe	40
ticktock	60
ticktocks	60
tics	40
tidal	35
tidally	60
tidbit	35
tidbits	35
tiddler	60
tiddlers	60
tiddly	60
tiddlywink	60
tiddlywinks	50
tide	35
tided	35
tideland	60
tidelands	60
tidemark	60
tidemarks	60
tides	35
tidewater	50
tidewaters	50
tideway	60
tideways	60
tidied	35
tidier	35
tidies	35
tidiest	35
tidily	50
tidiness	50
tiding	35
tidings	50
tidy	35
tidying	35
tie	35
tieback	60
tiebacks	60
tiebreak	60
tiebreaker	40
tiebreakers	40
tiebreaking	60
tiebreaks	60
tied	35
tiepin	60
tiepins	60
tier	35
tiered	60
tiers	35
ties	35
tiff	35
tiffed	35
tiffing	35
tiffs	35
tiger	35
tigerish	60
tigers	35
tight	35
tighten	35
tightened	35
tightener	60
tighteners	60
tightening	35
tightens	35
tighter	35
tightest	35
tightfisted	40
tightly	35
tightness	35
tightrope	35
tightropes	35
tights	35
tightwad	35
tightwads	35
tigress	50
tigresses	50
tikka	60
til	60
tilapia	60
tilapias	60
tilde	35
tildes	50
tile	35
tiled	35
tiler	60
tilers	60
tiles	35
tiling	35
till	35
tillable	50
tillage	50
tilled	35
tiller	50
tillers	50
tilling	35
tills	35
tilt	35
tilted	35
tilting	35
tilts	35
timber	35
timbered	35
timbering	35
timberland	50
timberline	50
timberlines	50
timbers	35
timbre	50
timbrel	60
timbrels	60
timbres	50
time	35
timed	35
timekeeper	35
timekeepers	35
timekeeping	60
timeless	35
timelessly	60
timelessness	50
timelier	35
timeliest	35
timeline	50
timelines	50
timeliness	50
timely	35
timeout	40
timeouts	40
timepiece	50
timepieces	50
timer	35
timers	35
times	35
timescale	35
timescales	35
timeserver	60
timeservers	60
timeserving	60
timeshare	60
timeshares	60
timestamp	50
timestamped	60
timestamps	50
timetable	35
timetabled	35
timetables	35
timetabling	35
timeworn	50
timezone	35
timid	35
timider	35
timidest	35
timidity	35
timidly	35
timidness	60
timing	35
timings	35
timorous	50
timorously	50
timorousness	60
timothy	60
timpani	50
timpanist	50
timpanists	50
tin	35
tincture	50
tinctured	50
tinctures	50
tincturing	50
tinder	35
tinderbox	40
tinderboxes	40
tine	50
tines	50
tinfoil	40
ting	60
tinge	35
tinged	35
tingeing	35
tinges	35
tinging	60
tingle	35
tingled	35
tingles	35
tingling	35
tinglings	40
tingly	50
tings	60
tinier	35
tiniest	35
tininess	60
tinker	35
tinkered	35
tinkerer	60
tinkerers	60
tinkering	35
tinkers	35
tinkle	35
tinkled	35
tinkles	35
tinkling	35
tinned	35
tinnier	35
tinniest	35
tinniness	60
tinning	35
tinnitus	60
tinny	35
tinplate	60
tinpot	60
tins	35
tinsel	35
tinseled	35
tinseling	35
tinsels	35
tinsmith	50
tinsmiths	50
tint	35
tinted	35
tinting	35
tintinnabulation	50
tintinnabulations	50
tints	35
tintype	60
tintypes	60
tinware	60
tiny	35
tip	35
tipped	35
tipper	50
tippers	50
tippet	60
tippets	60
tippex	60
tippexed	60
tippexes	60
tippexing	60
tipping	35
tipple	50
tippled	50
tippler	50
tipplers	50
tipples	50
tippling	50
tips	35
tipsier	35
tipsiest	35
tipsily	50
tipsiness	60
tipster	50
tipsters	50
tipsy	35
tiptoe	35
tiptoed	35
tiptoeing	35
tiptoes	35
tiptop	50
tiptops	50
tirade	35
tirades	35
tiramisu	60
tiramisus	60
tire	35
tired	35
tireder	35
tiredest	35
tiredly	60
tiredness	40
tireless	35
tirelessly	50
tirelessness	50
tires	35
tiresome	35
tiresomely	50
tiresomeness	50
tiring	35
tissue	35
tissues	35
tit	35
titan	50
titanic	50
titanium	50
titans	50
titch	60
titches	60
titchy	60
tithe	50
tithed	50
tither	60
tithers	60
tithes	50
tithing	50
titian	60
titillate	35
titillated	35
titillates	35
titillating	35
titillatingly	60
titillation	50
titivate	60
titivated	60
titivates	60
titivating	60
titivation	60
title	35
titled	35
titleholder	60
titleholders	60
titles	35
titling	35
titlist	60
titlists	60
titmice	50
titmouse	50
tits	35
titter	35
tittered	35
tittering	35
titters	35
titties	60
tittle	50
tittles	50
titty	60
titular	50
tizz	60
tizzies	40
tizzy	40
to	35
toad	35
toadied	50
toadies	50
toads	35
toadstool	35
toadstools	35
toady	50
toadying	50
toadyism	60
toast	35
toasted	35
toaster	35
toasters	35
toastier	40
toasties	60
toastiest	40
toasting	35
toastmaster	50
toastmasters	50
toastmistress	60
toastmistresses	60
toasts	35
toasty	40
tobacco	35
tobacconist	40
tobacconists	40
tobaccos	35
toboggan	35
tobogganed	35
tobogganer	60
tobogganers	60
tobogganing	35
toboggans	35
toccata	60
toccatas	60
tocopherol	60
tocsin	50
tocsins	50
today	35
toddies	50
toddle	35
toddled	35
toddler	35
toddlerhood	60
toddlers	35
toddles	35
toddling	35
toddy	50
toe	35
toecap	60
toecaps	60
toed	35
toehold	40
toeholds	40
toeing	35
toenail	35
toenails	35
toerag	60
toerags	60
toes	35
toff	60
toffee	35
toffees	35
toffs	60
tofu	40
tog	60
toga	35
togaed	60
togas	35
together	35
togetherness	40
togged	60
togging	60
toggle	35
toggled	40
toggles	40
toggling	40
togs	40
toil	35
toiled	35
toiler	50
toilers	50
toilet	35
toileted	35
toileting	35
toiletries	40
toiletry	50
toilets	35
toilette	50
toiling	35
toils	35
toilsome	50
tokamak	60
tokamaks	60
toke	50
toked	50
token	35
tokenism	40
tokenization	60
tokenize	60
tokenized	60
tokenizes	60
tokenizing	60
tokens	35
tokes	50
toking	50
told	35
tole	60
tolerable	35
tolerably	35
tolerance	35
tolerances	35
tolerant	35
tolerantly	50
tolerate	35
tolerated	35
tolerates	35
tolerating	35
toleration	50
toll	35
tollbooth	40
tollbooths	40
tolled	35
tollgate	40
tollgates	40
tolling	35
tolls	35
tollway	60
tollways	60
toluene	60
tom	50
tomahawk	35
tomahawked	35
tomahawking	35
tomahawks	35
tomatillo	60
tomatillos	60
tomato	35
tomatoes	35
tomb	35
tombed	35
tombing	35
tombola	60
tombolas	60
tomboy	35
tomboyish	60
tomboys	35
tombs	35
tombstone	35
tombstones	35
tomcat	35
tomcats	35
tome	35
tomes	35
tomfooleries	40
tomfoolery	40
tomographic	60
tomography	60
tomorrow	35
tomorrows	35
toms	50
tomtit	60
tomtits	60
ton	35
tonal	35
tonalities	50
tonality	50
tonally	60
tone	35
tonearm	60
tonearms	60
toned	35
toneless	50
tonelessly	60
toner	50
toners	60
tones	35
tong	60
tonged	60
tonging	60
tongs	35
tongue	35
tongued	35
tongueless	60
tongues	35
tonguing	35
tonic	35
tonics	35
tonier	50
toniest	50
tonight	35
toning	35
tonnage	35
tonnages	35
tonne	60
tonnes	35
tons	35
tonsil	35
tonsillectomies	50
tonsillectomy	50
tonsillitis	35
tonsils	35
tonsorial	50
tonsure	50
tonsured	50
tonsures	50
tonsuring	50
tony	50
too	35
took	35
tool	35
toolbar	40
toolbars	40
toolbox	50
toolboxes	60
tooled	35
tooling	35
toolkit	35
toolmaker	60
toolmakers	60
tools	35
toot	35
tooted	35
tooter	60
tooters	60
tooth	35
toothache	35
toothaches	35
toothbrush	35
toothbrushes	35
toothed	50
toothier	50
toothiest	50
toothily	60
toothless	50
toothpaste	35
toothpastes	35
toothpick	35
toothpicks	35
toothsome	50
toothy	50
tooting	35
tootle	60
tootled	60
tootles	60
tootling	60
toots	35
tootsie	60
tootsies	60
top	35
topaz	35
topazes	35
topcoat	50
topcoats	50
topdressing	60
topdressings	60
topee	60
topees	60
topflight	60
topi	60
topiary	60
topic	35
topical	35
topicality	60
topically	50
topics	35
topknot	50
topknots	50
topless	40
topmast	50
topmasts	50
topmost	50
topographer	40
topographers	40
topographic	50
topographical	50
topographically	60
topographies	35
topography	35
topological	50
topologically	50
topology	35
topped	35
topper	60
toppers	60
topping	35
toppings	40
topple	35
toppled	35
topples	35
toppling	35
tops	35
topsail	50
topsails	50
topside	50
topsides	50
topsoil	50
topspin	60
toque	50
toques	50
tor	50
torch	35
torchbearer	60
torchbearers	60
torched	35
torches	35
torching	35
torchlight	50
tore	35
toreador	50
toreadors	50
torment	35
tormented	35
tormenting	35
tormentingly	60
tormentor	35
tormentors	35
torments	35
torn	35
tornado	35
tornadoes	35
torpedo	35
torpedoed	35
torpedoes	35
torpedoing	35
torpid	50
torpidity	50
torpidly	60
torpor	50
torque	35
torqued	50
torques	50
torquing	50
torrent	35
torrential	35
torrents	35
torrid	35
torridity	60
torridly	60
torridness	60
tors	50
torsion	50
torsional	60
torso	35
torsos	35
tort	40
torte	50
tortellini	60
tortes	50
tortilla	35
tortillas	35
tortoise	35
tortoises	35
tortoiseshell	50
tortoiseshells	50
tortoni	60
torts	40
tortuous	35
tortuously	50
tortuousness	60
torture	35
tortured	35
torturer	40
torturers	40
tortures	35
torturing	35
torturous	60
torus	50
tosh	60
toss	35
tossed	35
tosser	60
tossers	60
tosses	35
tossing	35
tossup	40
tossups	40
tostada	60
tostadas	60
tot	35
total	35
totaled	35
totaling	35
totalitarian	35
totalitarianism	35
totalitarians	35
totalities	35
totality	35
totalizator	60
totalizators	60
totally	35
totals	35
tote	35
toted	35
totem	35
totemic	50
totems	35
totes	35
toting	35
tots	35
totted	35
totter	35
tottered	35
totterer	60
totterers	60
tottering	35
totters	35
totting	35
toucan	35
toucans	35
touch	35
touchable	60
touchback	60
touchbacks	60
touchdown	35
touchdowns	35
touche	50
touched	35
touches	35
touchier	35
touchiest	35
touchily	60
touchiness	60
touching	35
touchingly	50
touchline	60
touchlines	60
touchpad	60
touchpads	60
touchpaper	60
touchpapers	60
touchscreen	60
touchscreens	60
touchstone	40
touchstones	40
touchtone	60
touchy	35
tough	35
toughed	60
toughen	35
toughened	35
toughener	60
tougheners	60
toughening	35
toughens	35
tougher	35
toughest	35
toughie	60
toughies	60
toughing	60
toughly	50
toughness	35
toughs	35
toupee	35
toupees	35
tour	35
toured	35
touring	35
tourism	40
tourist	35
tourists	35
touristy	60
tourmaline	50
tournament	35
tournaments	35
tourney	50
tourneys	50
tourniquet	35
tourniquets	35
tours	35
tousle	35
tousled	35
tousles	35
tousling	35
tout	40
touted	35
touting	40
touts	40
tow	35
toward	35
towards	35
towboat	60
towboats	60
towed	35
towel	35
toweled	35
towelette	60
towelettes	60
toweling	35
towelings	50
towels	35
tower	35
towered	35
towering	35
towers	35
towhead	50
towheaded	50
towheads	50
towhee	60
towhees	60
towing	35
towline	60
towlines	60
town	35
townee	60
townees	60
townhome	60
townhomes	60
townhouse	40
townhouses	40
townie	60
townies	60
towns	35
townsfolk	50
township	40
townships	40
townsman	50
townsmen	50
townspeople	35
townswoman	60
townswomen	60
towpath	50
towpaths	50
towrope	60
towropes	60
tows	35
toxemia	50
toxic	35
toxicities	40
toxicity	40
toxicological	60
toxicologist	50
toxicologists	50
toxicology	40
toxin	35
toxins	35
toy	35
toyboy	60
toyboys	60
toyed	35
toying	35
toymaker	60
toymakers	60
toys	35
trabecular	60
trabecule	60
trace	35
traceability	60
traceable	50
traced	35
tracer	40
traceries	50
tracers	40
tracery	50
traces	35
trachea	50
tracheae	50
tracheal	60
tracheotomies	50
tracheotomy	50
tracing	35
tracings	50
track	35
trackball	60
trackballs	60
tracked	35
tracker	50
trackers	50
tracking	35
trackless	60
tracks	35
tracksuit	60
tracksuits	60
tract	35
tractability	60
tractable	50
tractably	60
traction	35
tractor	35
tractors	35
tracts	35
trad	60
tradable	60
trade	35
traded	35
trademark	35
trademarked	35
trademarking	35
trademarks	35
trader	35
traders	35
trades	35
tradesman	50
tradesmen	50
tradespeople	60
tradeswoman	60
tradeswomen	60
trading	35
tradings	60
tradition	35
traditional	35
traditionalism	60
traditionalist	35
traditionalists	40
traditionally	35
traditions	35
traduce	50
traduced	50
traducer	60
traducers	60
traduces	50
traducing	50
traffic	35
trafficked	35
trafficker	50
traffickers	50
trafficking	35
traffics	35
tragedian	50
tragedians	50
tragedienne	60
tragediennes	60
tragedies	35
tragedy	35
tragic	35
tragically	35
tragicomedies	50
tragicomedy	50
tragicomic	60
trail	35
trailblazer	40
trailblazers	40
trailblazing	60
trailed	35
trailer	35
trailers	35
trailhead	60
trailheads	60
trailing	35
trails	35
train	35
trainable	60
trained	35
trainee	35
trainees	35
trainer	35
trainers	35
training	35
trainload	60
trainloads	60
trainman	60
trainmen	60
trains	35
trainspotter	60
trainspotters	60
trainspotting	60
traipse	50
traipsed	50
traipses	50
traipsing	50
trait	35
traitor	35
traitorous	35
traitorously	60
traitors	35
traits	35
trajectories	40
trajectory	40
tram	50
tramcar	60
tramcars	60
tramlines	60
trammed	50
trammel	50
trammeled	50
trammeling	50
trammels	50
tramming	50
tramp	35
tramped	35
tramper	60
trampers	60
tramping	35
trample	35
trampled	35
trampler	60
tramplers	60
tramples	35
trampling	35
trampoline	35
trampolined	35
trampolines	35
trampolining	35
tramps	35
trams	50
tramway	60
tramways	60
trance	35
trances	35
tranche	60
tranches	60
tranquil	35
tranquiler	35
tranquilest	35
tranquility	35
tranquilize	35
tranquilized	35
tranquilizer	35
tranquilizers	35
tranquilizes	35
tranquilizing	35
tranquilly	50
trans	50
transact	35
transacted	35
transacting	35
transaction	35
transactional	60
transactions	35
transactor	60
transactors	60
transacts	35
transatlantic	35
transceiver	50
transceivers	50
transcend	35
transcended	35
transcendence	40
transcendent	50
transcendental	40
transcendentalism	50
transcendentalist	50
transcendentalists	50
transcendentally	50
transcending	35
transcends	35
transcontinental	35
transcribe	35
transcribed	35
transcriber	60
transcribers	60
transcribes	35
transcribing	35
transcript	35
transcription	35
transcriptions	35
transcripts	35
transducer	50
transducers	50
transduction	60
transect	60
transected	60
transecting	60
transects	60
transept	50
transepts	50
transfer	35
transferable	35
transferal	50
transferals	50
transference	50
transferred	35
transferring	35
transfers	35
transfiguration	50
transfigure	50
transfigured	50
transfigures	50
transfiguring	50
transfinite	50
transfix	50
transfixed	50
transfixes	50
transfixing	50
transform	35
transformable	60
transformation	35
transformational	60
transformations	35
transformative	60
transformed	35
transformer	35
transformers	35
transforming	35
transforms	35
transfuse	50
transfused	50
transfuses	50
transfusing	50
transfusion	35
transfusions	35
transgender	60
transgenders	60
transgenic	60
transgress	35
transgressed	35
transgresses	35
transgressing	35
transgression	35
transgressions	35
transgressive	60
transgressor	50
transgressors	50
transience	50
transiency	50
transient	35
transiently	60
transients	35
transistor	35
transistorize	60
transistorized	60
transistorizes	60
transistorizing	60
transistors	35
transit	35
transited	35
transiting	35
transition	35
transitional	35
transitionally	60
transitioned	35
transitioning	35
transitions	35
transitive	35
transitively	50
transitiveness	60
transitives	35
transitivity	60
transitory	35
transits	35
translatable	60
translate	35
translated	35
translates	35
translating	35
translation	35
translations	35
translator	35
translators	35
transliterate	50
transliterated	50
transliterates	50
transliterating	50
transliteration	35
transliterations	50
translocation	60
translucence	40
translucency	60
translucent	35
translucently	60
transmigrate	50
transmigrated	50
transmigrates	50
transmigrating	50
transmigration	50
transmissible	50
transmission	35
transmissions	35
transmit	35
transmits	35
transmittable	50
transmittal	50
transmittance	60
transmitted	35
transmitter	35
transmitters	35
transmitting	35
transmogrification	60
transmogrified	60
transmogrifies	60
transmogrify	60
transmogrifying	60
transmutable	60
transmutation	50
transmutations	50
transmute	50
transmuted	50
transmutes	50
transmuting	50
transnational	50
transnationals	50
transoceanic	50
transom	50
transoms	50
transpacific	60
transparencies	35
transparency	35
transparent	35
transparently	35
transphobia	50
transphobic	50
transpiration	50
transpire	35
transpired	35
transpires	35
transpiring	35
transplant	35
transplantation	50
transplanted	35
transplanting	35
transplants	35
transpolar	60
transponder	50
transponders	50
transport	35
transportable	35
transportation	35
transported	35
transporter	50
transporters	50
transporting	35
transports	35
transpose	35
transposed	35
transposes	35
transposing	35
transposition	50
transpositions	50
transsexual	40
transsexualism	60
transsexuals	40
transship	50
transshipment	50
transshipped	50
transshipping	50
transships	50
transubstantiation	50
transversal	60
transverse	35
transversely	50
transverses	35
transvestism	50
transvestite	40
transvestites	40
trap	35
trapdoor	35
trapdoors	50
trapeze	35
trapezes	35
trapezium	60
trapeziums	60
trapezoid	35
trapezoidal	50
trapezoids	35
trappable	50
trapped	35
trapper	35
trappers	35
trapping	35
trappings	35
traps	35
trapshooting	50
trash	35
trashed	35
trashes	35
trashier	35
trashiest	35
trashiness	60
trashing	35
trashy	35
trattoria	60
trattorias	60
trauma	35
traumas	35
traumatic	35
traumatically	60
traumatize	40
traumatized	35
traumatizes	40
traumatizing	40
travail	50
travailed	50
travailing	50
travails	50
travel	35
traveled	35
traveler	35
travelers	35
traveling	35
travelings	60
travelogue	50
travelogues	50
travels	35
traversal	60
traversals	60
traverse	35
traversed	35
traverses	35
traversing	35
travestied	35
travesties	35
travesty	35
travestying	35
trawl	35
trawled	35
trawler	35
trawlers	35
trawling	35
trawls	35
tray	35
trays	35
treacheries	35
treacherous	35
treacherously	50
treacherousness	60
treachery	35
treacle	35
treacly	60
tread	35
treading	35
treadle	50
treadled	50
treadles	50
treadling	50
treadmill	35
treadmills	35
treads	35
treason	35
treasonable	50
treasonous	50
treasure	35
treasured	35
treasurer	35
treasurers	35
treasures	35
treasuries	35
treasuring	35
treasury	35
treat	35
treatable	40
treated	35
treaties	35
treating	35
treatise	35
treatises	35
treatment	35
treatments	35
treats	35
treaty	35
treble	35
trebled	35
trebles	35
trebling	35
tree	35
treed	35
treeing	35
treeless	50
treelike	60
treeline	60
trees	35
treetop	40
treetops	40
trefoil	50
trefoils	50
trek	35
trekked	35
trekker	60
trekkers	60
trekking	35
treks	35
trellis	35
trellised	35
trellises	35
trellising	35
trematode	60
trematodes	60
tremble	35
trembled	35
trembles	35
trembling	35
tremendous	35
tremendously	35
tremolo	50
tremolos	50
tremor	35
tremors	35
tremulous	50
tremulously	50
tremulousness	60
trench	35
trenchancy	60
trenchant	40
trenchantly	50
trenched	35
trencher	60
trencherman	60
trenchermen	60
trenchers	60
trenches	35
trenching	35
trend	35
trended	35
trendier	35
trendies	35
trendiest	35
trendily	60
trendiness	60
trending	35
trends	35
trendsetter	60
trendsetters	60
trendsetting	60
trendy	35
trepidation	35
trespass	35
trespassed	35
trespasser	35
trespassers	35
trespasses	35
trespassing	35
tress	50
tresses	50
trestle	35
trestles	35
trews	60
trey	60
treys	60
triad	50
triads	50
triage	50
triaged	60
triages	60
triaging	60
trial	35
trialed	35
trialing	35
trials	35
triangle	35
triangles	35
triangular	35
triangularly	60
triangulate	60
triangulated	60
triangulates	60
triangulating	60
triangulation	50
triathlete	60
triathletes	60
triathlon	50
triathlons	50
tribal	35
tribalism	50
tribe	35
tribes	35
tribesman	50
tribesmen	50
tribeswoman	60
tribeswomen	60
tribulation	35
tribulations	35
tribunal	35
tribunals	35
tribune	50
tribunes	50
tributaries	35
tributary	35
tribute	35
tributes	35
trice	50
tricentennial	60
tricentennials	60
triceps	40
triceratops	50
trichina	60
trichinae	60
trichinosis	60
trick	35
tricked	35
trickery	35
trickier	35
trickiest	35
trickily	60
trickiness	50
tricking	35
trickle	35
trickled	35
trickles	35
trickling	35
tricks	35
trickster	35
tricksters	35
tricky	35
tricolor	50
tricolored	60
tricolors	50
tricycle	35
tricycles	35
trident	40
tridents	40
tried	35
triennial	50
triennially	60
triennials	50
trier	60
triers	60
tries	35
trifecta	50
trifectas	50
trifle	35
trifled	35
trifler	50
triflers	50
trifles	35
trifling	35
trifocals	50
trig	50
trigger	35
triggered	35
triggering	35
triggers	35
triglyceride	50
triglycerides	50
trigonometric	50
trigonometrical	60
trigonometry	35
trike	40
trikes	40
trilateral	50
trilbies	60
trilby	60
trilingual	60
trill	35
trilled	35
trilling	35
trillion	35
trillions	35
trillionth	35
trillionths	35
trillium	60
trills	35
trilobite	60
trilobites	60
trilogies	35
trilogy	35
trim	35
trimaran	50
trimarans	50
trimester	35
trimesters	35
trimly	50
trimmed	35
trimmer	35
trimmers	50
trimmest	35
trimming	35
trimmings	40
trimness	50
trimonthly	60
trims	35
trinities	50
trinitrotoluene	60
trinity	35
trinket	35
trinkets	35
trio	35
trios	35
trip	35
tripartite	50
tripe	35
triple	35
tripled	35
triples	35
triplet	35
triplets	35
triplex	60
triplexes	60
triplicate	35
triplicated	35
triplicates	35
triplicating	35
tripling	35
triply	50
tripod	35
tripodal	60
tripods	35
tripos	35
tripped	35
tripper	60
trippers	60
tripping	35
trippy	60
trips	35
triptych	50
triptychs	50
tripwire	60
tripwires	60
trireme	60
triremes	60
trisect	50
trisected	50
trisecting	50
trisection	60
trisects	50
trite	35
tritely	50
triteness	50
triter	35
tritest	35
tritium	60
triumph	35
triumphal	50
triumphalism	60
triumphalist	60
triumphant	35
triumphantly	40
triumphed	35
triumphing	35
triumphs	35
triumvir	60
triumvirate	50
triumvirates	50
triumvirs	60
trivalent	60
trivet	50
trivets	50
trivia	35
trivial	35
trivialities	50
triviality	35
trivialization	60
trivialize	40
trivialized	40
trivializes	40
trivializing	40
trivially	35
trivium	60
trochaic	60
trochee	50
trochees	50
trod	35
trodden	35
troglodyte	50
troglodytes	50
troika	50
troikas	50
troll	35
trolled	35
trolley	35
trolleybus	60
trolleybuses	60
trolleys	35
trolling	35
trollop	50
trollops	50
trolls	35
trombone	35
trombones	35
trombonist	50
trombonists	50
tromp	40
tromped	40
tromping	40
tromps	40
troop	35
trooped	35
trooper	35
troopers	35
trooping	35
troops	35
troopship	50
troopships	50
trope	50
tropes	50
trophies	35
trophy	35
tropic	40
tropical	35
tropically	60
tropics	40
tropism	50
tropisms	50
troposphere	50
tropospheres	50
trot	35
troth	50
trots	35
trotted	35
trotter	50
trotters	50
trotting	35
troubadour	40
troubadours	40
trouble	35
troubled	35
troublemaker	35
troublemakers	35
troublemaking	60
troubles	35
troubleshoot	60
troubleshooter	40
troubleshooters	40
troubleshooting	40
troubleshoots	60
troubleshot	60
troublesome	35
troublesomely	60
troubling	35
trough	35
troughs	35
trounce	35
trounced	35
trouncer	60
trouncers	60
trounces	35
trouncing	35
troupe	35
trouped	35
trouper	50
troupers	50
troupes	35
trouping	35
trouser	35
trousers	35
trousseau	50
trousseaux	50
trout	35
trouts	35
trove	60
troves	60
trow	60
trowed	60
trowel	35
troweled	35
troweling	35
trowels	35
trowing	60
trows	60
troy	50
truancy	35
truant	35
truanted	35
truanting	35
truants	35
truce	35
truces	35
truck	35
trucked	35
trucker	40
truckers	40
trucking	35
truckle	50
truckled	50
truckles	50
truckling	50
truckload	40
truckloads	40
trucks	35
truculence	50
truculent	40
truculently	50
trudge	35
trudged	35
trudges	35
trudging	35
true	35
trued	35
truelove	60
trueloves	60
truer	35
trues	35
truest	35
truffle	35
truffles	35
trug	60
trugs	60
truing	35
truism	35
truisms	35
truly	35
trump	35
trumped	35
trumpery	50
trumpet	35
trumpeted	35
trumpeter	40
trumpeters	40
trumpeting	35
trumpets	35
trumping	35
trumps	35
truncate	35
truncated	35
truncates	50
truncating	35
truncation	35
truncheon	50
truncheons	50
trundle	40
trundled	40
trundler	60
trundlers	60
trundles	40
trundling	40
trunk	35
trunking	35
trunks	35
truss	50
trussed	50
trusses	50
trussing	50
trust	35
trusted	35
trustee	35
trustees	35
trusteeship	50
trusteeships	50
trustful	35
trustfully	50
trustfulness	50
trustier	35
trusties	35
trustiest	35
trusting	35
trustingly	60
trusts	35
trustworthiness	50
trustworthy	35
trusty	35
truth	35
truther	50
truthers	50
truthful	35
truthfully	35
truthfulness	35
truthiness	50
truths	35
try	35
trying	35
tryingly	60
tryout	35
tryouts	35
tryptophan	60
tryst	50
trysted	50
trysting	50
trysts	50
tsetse	60
tsetses	60
tsunami	50
tsunamis	50
tub	35
tuba	35
tubal	60
tubas	35
tubbier	40
tubbiest	40
tubby	40
tube	35
tubed	35
tubeless	50
tuber	50
tubercle	50
tubercles	50
tubercular	50
tuberculin	60
tuberculosis	35
tuberculous	50
tuberose	60
tuberous	50
tubers	50
tubes	35
tubful	60
tubfuls	60
tubing	35
tubs	35
tubular	35
tubule	60
tubules	60
tuck	35
tucked	35
tucker	50
tuckered	50
tuckering	50
tuckers	50
tucking	35
tucks	35
tuft	35
tufted	35
tufter	60
tufters	60
tufting	35
tufts	35
tug	35
tugboat	40
tugboats	40
tugged	35
tugging	35
tugs	35
tuition	35
tularemia	60
tulip	35
tulips	35
tulle	50
tum	60
tumble	35
tumbled	35
tumbledown	50
tumbler	35
tumblers	35
tumbles	35
tumbleweed	50
tumbleweeds	50
tumbling	35
tumbrel	50
tumbrels	50
tumescence	60
tumescent	60
tumid	50
tumidity	60
tummies	35
tummy	35
tumor	35
tumorous	60
tumors	35
tums	60
tumult	35
tumults	35
tumultuous	35
tumultuously	60
tun	50
tuna	35
tunable	60
tunas	35
tundra	35
tundras	35
tune	35
tuned	35
tuneful	35
tunefully	50
tunefulness	60
tuneless	50
tunelessly	50
tuner	35
tuners	35
tunes	35
tuneup	40
tuneups	40
tungsten	50
tunic	35
tunics	35
tuning	35
tunnel	35
tunneled	35
tunneler	60
tunnelers	60
tunneling	35
tunnels	35
tunnies	50
tunny	50
tuns	50
tuple	60
tuples	60
tuppence	60
tuppenny	60
tuque	60
tuques	60
turban	35
turbaned	60
turbans	35
turbid	50
turbidity	60
turbine	35
turbines	35
turbo	60
turbocharge	60
turbocharged	60
turbocharger	60
turbochargers	60
turbocharges	60
turbocharging	60
turbofan	60
turbofans	60
turbojet	50
turbojets	50
turboprop	50
turboprops	50
turbos	60
turbot	50
turbots	50
turbulence	35
turbulent	35
turbulently	50
turd	40
turds	40
turducken	50
turduckens	50
tureen	35
tureens	35
turf	35
turfed	35
turfing	35
turfs	35
turfy	60
turgid	35
turgidity	50
turgidly	50
turkey	35
turkeys	35
turmeric	50
turmerics	50
turmoil	35
turmoils	35
turn	35
turnabout	50
turnabouts	50
turnaround	35
turnarounds	40
turnbuckle	60
turnbuckles	60
turncoat	40
turncoats	40
turned	35
turner	35
turners	50
turning	35
turnings	60
turnip	35
turnips	35
turnkey	50
turnkeys	50
turnoff	40
turnoffs	40
turnout	35
turnouts	35
turnover	35
turnovers	35
turnpike	35
turnpikes	35
turns	35
turnstile	35
turnstiles	35
turntable	35
turntables	35
turpentine	35
turpitude	50
turps	60
turquoise	35
turquoises	35
turret	35
turreted	60
turrets	35
turtle	35
turtledove	50
turtledoves	50
turtleneck	35
turtlenecked	60
turtlenecks	35
turtles	35
tush	40
tushes	40
tusk	35
tusked	50
tusks	35
tussle	35
tussled	35
tussles	35
tussling	35
tussock	50
tussocks	50
tussocky	60
tut	60
tutelage	50
tutelary	60
tutor	35
tutored	35
tutorial	35
tutorials	35
tutoring	35
tutors	35
tutorship	60
tuts	60
tutted	60
tutti	60
tutting	60
tuttis	60
tutu	50
tutus	50
tux	40
tuxedo	35
tuxedos	35
tuxes	40
twaddle	50
twaddled	50
twaddler	60
twaddlers	60
twaddles	50
twaddling	50
twain	50
twang	35
twanged	35
twangier	60
twangiest	60
twanging	35
twangs	35
twangy	60
twas	60
twat	60
twats	60
tweak	35
tweaked	35
tweaking	35
tweaks	35
twee	35
tweed	35
tweedier	50
tweediest	50
tweeds	50
tweedy	50
tween	60
tweet	35
tweeted	35
tweeter	50
tweeters	50
tweeting	35
tweets	35
tweeze	60
tweezed	60
tweezer	60
tweezers	35
tweezes	60
tweezing	60
twelfth	35
twelfths	35
twelve	35
twelvemonth	60
twelvemonths	60
twelves	35
twenties	35
twentieth	35
twentieths	35
twenty	35
twentysomething	60
twerk	50
twerked	50
twerking	50
twerks	50
twerp	40
twerps	40
twice	35
twiddle	35
twiddled	35
twiddles	35
twiddling	35
twiddly	60
twig	35
twigged	35
twiggier	50
twiggiest	50
twigging	35
twiggy	50
twigs	35
twilight	35
twilit	60
twill	50
twilled	50
twin	35
twine	35
twined	35
twiner	60
twiners	60
twines	35
twinge	35
twinged	35
twinges	35
twinging	35
twining	35
twinkle	35
twinkled	35
twinkles	35
twinkling	35
twinklings	50
twinkly	60
twinned	35
twinning	35
twins	35
twinset	60
twinsets	60
twirl	35
twirled	35
twirler	50
twirlers	50
twirling	35
twirls	35
twirly	60
twist	35
twisted	35
twister	35
twisters	35
twistier	60
twistiest	60
twisting	35
twists	35
twisty	60
twit	40
twitch	35
twitched	35
twitches	35
twitchier	60
twitchiest	60
twitching	35
twitchy	60
twits	40
twitted	40
twitter	35
twittered	35
twittering	35
twitters	35
twittery	60
twitting	40
twixt	60
two	35
twofer	50
twofers	50
twofold	50
twopence	60
twopences	60
twopenny	60
twos	35
twosome	50
twosomes	50
tycoon	35
tycoons	35
tying	35
tyke	40
tykes	40
tympani	60
tympanic	60
tympanist	60
tympanists	60
tympanum	50
tympanums	50
type	35
typecast	40
typecasting	40
typecasts	40
typed	35
typeface	35
typefaces	40
types	35
typescript	35
typescripts	50
typeset	35
typesets	50
typesetter	35
typesetters	50
typesetting	35
typewrite	50
typewriter	35
typewriters	35
typewrites	50
typewriting	50
typewritten	40
typewrote	50
typhoid	35
typhoon	35
typhoons	35
typhus	35
typical	35
typicality	60
typically	35
typification	60
typified	35
typifies	35
typify	35
typifying	35
typing	35
typist	35
typists	35
typo	40
typographer	50
typographers	50
typographic	35
typographical	35
typographically	50
typography	50
typologies	60
typology	60
typos	40
tyrannic	60
tyrannical	35
tyrannically	50
tyrannicidal	60
tyrannicide	60
tyrannicides	60
tyrannies	35
tyrannize	35
tyrannized	35
tyrannizes	35
tyrannizing	35
tyrannosaur	50
tyrannosaurs	50
tyrannosaurus	50
tyrannosauruses	50
tyrannous	50
tyranny	35
tyrant	35
tyrants	35
tyro	50
tyros	50
tzatziki	60
tzatzikis	60
ubiquitous	35
ubiquitously	50
ubiquity	40
udder	35
udders	35
udon	60
ufologist	60
ufologists	60
ufology	60
ugh	35
uglier	35
ugliest	35
ugliness	35
ugly	35
uh	40
ukase	60
ukases	60
ukulele	50
ukuleles	50
ulcer	35
ulcerate	50
ulcerated	50
ulcerates	50
ulcerating	50
ulceration	50
ulcerations	50
ulcerous	50
ulcers	35
ulna	50
ulnae	50
ulnar	60
ulster	60
ulsters	60
ulterior	35
ultimate	35
ultimately	35
ultimatum	35
ultimatums	35
ultimo	60
ultra	35
ultraconservative	50
ultraconservatives	50
ultrahigh	60
ultralight	60
ultralights	60
ultramarine	50
ultramodern	60
ultras	50
ultrasensitive	60
ultrashort	60
ultrasonic	35
ultrasonically	50
ultrasound	40
ultrasounds	40
ultraviolet	35
ululate	50
ululated	50
ululates	50
ululating	50
ululation	60
ululations	60
um	40
umbel	50
umbels	50
umber	50
umbilical	50
umbilici	50
umbilicus	50
umbra	60
umbrage	50
umbras	60
umbrella	35
umbrellas	35
umiak	50
umiaks	50
umlaut	50
umlauts	50
ump	50
umped	50
umping	50
umpire	35
umpired	35
umpires	35
umpiring	35
umps	50
umpteen	35
umpteenth	40
unabashed	40
unabashedly	60
unabated	40
unable	35
unabridged	40
unabridgeds	40
unaccented	50
unacceptability	50
unacceptable	35
unacceptably	35
unaccepted	35
unaccommodating	60
unaccompanied	40
unaccomplished	60
unaccountable	35
unaccountably	35
unaccounted	60
unaccredited	60
unaccustomed	50
unachievable	60
unacknowledged	50
unacquainted	50
unaddressed	60
unadorned	50
unadulterated	35
unadventurous	60
unadvertised	60
unadvised	50
unadvisedly	60
unaesthetic	60
unaffected	35
unaffectedly	60
unaffiliated	60
unaffordable	60
unafraid	50
unaided	40
unalienable	60
unaligned	60
unalike	60
unallowable	60
unalloyed	60
unalterable	50
unalterably	50
unaltered	35
unambiguous	35
unambiguously	35
unambitious	60
unamused	60
unanimity	35
unanimous	35
unanimously	35
unannounced	50
unanswerable	35
unanswered	35
unanticipated	50
unapologetic	60
unapologetically	60
unapparent	60
unappealing	50
unappealingly	60
unappetizing	50
unapplied	60
unappreciated	60
unappreciative	60
unapproachable	50
unappropriated	60
unapproved	60
unarguable	60
unarguably	60
unarmed	35
unarmored	60
unary	60
unashamed	50
unashamedly	50
unasked	50
unassailable	50
unassertive	60
unassigned	35
unassimilable	60
unassimilated	60
unassisted	50
unassuming	35
unassumingly	60
unattached	35
unattainable	35
unattended	35
unattested	60
unattractive	35
unattractively	60
unattributed	50
unauthentic	60
unauthenticated	50
unauthorized	35
unavailability	60
unavailable	35
unavailing	50
unavailingly	60
unavoidable	35
unavoidably	40
unaware	35
unawareness	60
unawares	35
unbaked	60
unbalance	60
unbalanced	35
unbalances	60
unbalancing	60
unbaptized	60
unbar	50
unbarred	50
unbarring	50
unbars	50
unbearable	35
unbearably	35
unbeatable	35
unbeaten	40
unbecoming	35
unbecomingly	60
unbeknownst	50
unbelief	50
unbelievable	35
unbelievably	35
unbeliever	50
unbelievers	35
unbelieving	60
unbend	50
unbending	50
unbends	50
unbent	50
unbiased	35
unbid	60
unbidden	50
unbind	50
unbinding	50
unbinds	50
unbleached	60
unblemished	60
unblinking	60
unblinkingly	60
unblock	60
unblocked	35
unblocking	60
unblocks	60
unblushing	50
unblushingly	60
unbolt	50
unbolted	50
unbolting	50
unbolts	50
unborn	35
unbosom	50
unbosomed	50
unbosoming	50
unbosoms	50
unbothered	60
unbound	50
unbounded	40
unbowed	60
unbox	60
unboxed	60
unboxes	60
unboxing	60
unbranded	50
unbreakable	35
unbridgeable	60
unbridled	40
unbroken	35
unbuckle	50
unbuckled	50
unbuckles	50
unbuckling	50
unburden	35
unburdened	35
unburdening	35
unburdens	35
unburned	60
unbutton	40
unbuttoned	40
unbuttoning	40
unbuttons	40
uncalled	50
uncannier	35
uncanniest	35
uncannily	40
uncanny	35
uncap	60
uncapped	60
uncapping	60
uncaps	60
uncaring	50
uncased	50
uncatalogued	50
uncaught	60
unceasing	35
unceasingly	50
uncensored	50
unceremonious	50
unceremoniously	50
uncertain	35
uncertainly	40
uncertainties	35
uncertainty	35
uncertified	60
unchain	60
unchained	60
unchaining	60
unchains	60
unchallenged	35
unchangeable	60
unchanged	35
unchanging	50
unchaperoned	60
uncharacteristic	40
uncharacteristically	40
uncharged	60
uncharitable	35
uncharitably	50
uncharted	40
unchaste	60
uncheck	60
unchecked	40
unchristian	35
unchurched	60
uncial	60
uncircumcised	60
uncivil	50
uncivilized	50
uncivilly	60
unclad	60
unclaimed	50
unclasp	50
unclasped	50
unclasping	50
unclasps	50
unclassified	50
uncle	35
unclean	35
uncleaned	60
uncleaner	35
uncleanest	35
uncleanliness	60
uncleanly	50
uncleanness	50
unclear	35
uncleared	60
unclearer	40
unclearest	40
uncles	35
uncloak	60
uncloaked	60
uncloaking	60
uncloaks	60
unclog	60
unclogged	60
unclogging	60
unclogs	60
unclothe	60
unclothed	60
unclothes	60
unclothing	60
unclouded	60
unclutter	60
uncluttered	50
uncluttering	60
unclutters	60
uncoil	50
uncoiled	50
uncoiling	50
uncoils	50
uncollected	50
uncolored	60
uncombed	60
uncombined	60
uncomfortable	35
uncomfortably	35
uncommitted	50
uncommon	35
uncommoner	35
uncommonest	35
uncommonly	40
uncommonness	60
uncommunicative	50
uncompelling	60
uncompensated	60
uncompetitive	60
uncomplaining	50
uncomplainingly	60
uncompleted	50
uncomplicated	50
uncomplimentary	60
uncompounded	60
uncomprehending	50
uncomprehendingly	60
uncompressed	50
uncompromising	35
uncompromisingly	50
unconcealed	60
unconcern	50
unconcerned	35
unconcernedly	50
unconditional	35
unconditionally	35
unconditioned	60
unconfined	60
unconfirmed	35
unconformable	60
uncongenial	60
unconnected	35
unconquerable	50
unconquered	60
unconscionable	40
unconscionably	50
unconscious	35
unconsciously	35
unconsciousness	40
unconsecrated	60
unconsidered	50
unconsolidated	60
unconstitutional	35
unconstitutionality	60
unconstitutionally	60
unconstrained	60
unconsumed	60
unconsummated	60
uncontaminated	60
uncontested	60
uncontrollable	35
uncontrollably	40
uncontrolled	35
uncontroversial	35
unconventional	35
unconventionality	60
unconventionally	50
unconverted	60
unconvinced	35
unconvincing	35
unconvincingly	60
uncooked	50
uncool	60
uncooperative	50
uncoordinated	50
uncork	50
uncorked	50
uncorking	50
uncorks	50
uncorrected	60
uncorrelated	50
uncorroborated	60
uncountable	35
uncounted	50
uncouple	50
uncoupled	50
uncouples	50
uncoupling	50
uncouth	35
uncouthly	60
uncover	35
uncovered	35
uncovering	35
uncovers	35
uncreative	60
uncredited	60
uncritical	50
uncritically	60
uncross	60
uncrossed	60
uncrosses	60
uncrossing	60
uncrowded	60
uncrowned	60
uncrushable	60
unction	50
unctions	50
unctuous	50
unctuously	50
unctuousness	50
uncultivated	50
uncultured	35
uncured	60
uncurl	60
uncurled	60
uncurling	60
uncurls	60
uncustomary	60
uncut	35
undamaged	35
undated	50
undaunted	35
undauntedly	60
undead	60
undeceive	50
undeceived	50
undeceives	50
undeceiving	50
undecidable	35
undecided	35
undecideds	35
undecipherable	60
undeclared	50
undefeated	50
undefended	50
undefinable	50
undefined	35
undeliverable	60
undelivered	50
undemanding	60
undemocratic	35
undemonstrative	50
undemonstratively	60
undeniable	35
undeniably	35
undependable	50
under	35
underachieve	50
underachieved	50
underachievement	60
underachiever	50
underachievers	50
underachieves	50
underachieving	50
underact	50
underacted	50
underacting	50
underacts	50
underage	40
underappreciated	60
underarm	50
underarms	50
underbellies	50
underbelly	50
underbid	50
underbidding	50
underbids	50
underbrush	35
undercarriage	50
undercarriages	50
undercharge	50
undercharged	50
undercharges	50
undercharging	50
underclass	40
underclasses	40
underclassman	40
underclassmen	40
underclothes	50
underclothing	50
undercoat	50
undercoated	50
undercoating	50
undercoatings	60
undercoats	50
undercooked	60
undercount	60
undercounted	60
undercounting	60
undercounts	60
undercover	35
undercurrent	35
undercurrents	35
undercut	35
undercuts	40
undercutting	40
underdeveloped	50
underdevelopment	60
underdog	35
underdogs	35
underdone	50
underdressed	60
underemployed	50
underemployment	60
underestimate	35
underestimated	35
underestimates	35
underestimating	35
underestimation	60
underestimations	60
underexpose	50
underexposed	50
underexposes	50
underexposing	50
underexposure	60
underexposures	60
underfed	50
underfeed	60
underfeeding	60
underfeeds	60
underfloor	60
underflow	35
underfoot	35
underfunded	50
underfunding	60
underfur	60
undergarment	35
undergarments	35
undergo	35
undergoes	35
undergoing	35
undergone	35
undergrad	40
undergrads	40
undergraduate	35
undergraduates	35
underground	35
undergrounds	35
undergrowth	35
underhand	50
underhanded	35
underhandedly	50
underhandedness	60
underinflated	60
underinsured	60
underlain	35
underlay	35
underlays	35
underlie	35
underlies	35
underline	35
underlined	35
underlines	35
underling	50
underlings	50
underlining	35
underlip	60
underlips	60
underlying	35
undermanned	60
undermentioned	60
undermine	35
undermined	35
undermines	35
undermining	35
undermost	50
underneath	35
underneaths	35
undernourished	35
undernourishment	60
underpaid	40
underpants	35
underpart	60
underparts	60
underpass	35
underpasses	35
underpay	50
underpaying	50
underpayment	60
underpayments	60
underpays	50
underperform	60
underperformed	60
underperformer	60
underperformers	60
underperforming	60
underperforms	60
underpin	60
underpinned	60
underpinning	50
underpinnings	50
underpins	60
underplay	50
underplayed	50
underplaying	50
underplays	50
underpopulated	60
underpowered	60
underprepared	60
underpriced	60
underprivileged	35
underproduction	60
underqualified	60
underrate	35
underrated	35
underrates	35
underrating	35
underreport	60
underreported	60
underreporting	60
underreports	60
underrepresentation	60
underrepresented	60
underscore	35
underscored	35
underscores	35
underscoring	35
undersea	50
underseas	60
undersecretaries	50
undersecretary	50
undersell	50
underselling	50
undersells	50
underserved	60
undersexed	60
undershirt	35
undershirts	35
undershoot	60
undershooting	60
undershoots	60
undershorts	50
undershot	50
underside	35
undersides	35
undersign	60
undersigned	50
undersigning	60
undersigns	60
undersized	50
underskirt	50
underskirts	50
undersold	50
understaffed	40
understand	35
understandable	35
understandably	35
understanding	35
understandingly	50
understandings	35
understands	35
understate	40
understated	40
understatement	35
understatements	35
understates	40
understating	40
understood	35
understudied	35
understudies	35
understudy	35
understudying	35
undertake	35
undertaken	35
undertaker	35
undertakers	35
undertakes	35
undertaking	35
undertakings	35
underthings	60
undertone	35
undertones	35
undertook	35
undertow	35
undertows	35
underused	50
underutilize	60
underutilized	60
undervaluation	60
undervalue	50
undervalued	50
undervalues	50
undervaluing	50
underwater	35
underway	60
underwear	35
underweight	35
underwent	35
underwhelm	60
underwhelmed	60
underwhelming	60
underwhelms	60
underwire	60
underwired	60
underwires	60
underworld	35
underworlds	35
underwrite	35
underwriter	50
underwriters	50
underwrites	35
underwriting	35
underwritten	35
underwrote	35
undeserved	35
undeservedly	50
undeserving	50
undesirability	50
undesirable	35
undesirables	35
undesirably	60
undesired	60
undetectable	50
undetected	35
undetermined	40
undeterred	50
undeveloped	35
undeviating	60
undiagnosed	60
undid	35
undies	50
undifferentiated	60
undigested	60
undignified	50
undiluted	50
undiminished	60
undimmed	60
undiplomatic	60
undischarged	60
undisciplined	50
undisclosed	40
undiscovered	50
undiscriminating	50
undisguised	50
undismayed	60
undisputed	50
undissolved	60
undistinguished	50
undistributed	60
undisturbed	35
undivided	50
undo	35
undocumented	35
undoes	35
undoing	35
undoings	35
undomesticated	60
undone	35
undoubted	35
undoubtedly	35
undramatic	60
undreamed	60
undress	35
undressed	35
undresses	35
undressing	35
undrinkable	60
undue	35
undulant	50
undulate	50
undulated	50
undulates	50
undulating	50
undulation	50
undulations	50
unduly	35
undying	35
unearned	50
unearth	35
unearthed	35
unearthing	35
unearthliness	60
unearthly	35
unearths	35
unease	40
uneasier	35
uneasiest	35
uneasily	35
uneasiness	35
uneasy	35
uneatable	60
uneaten	50
uneconomic	35
uneconomical	35
uneconomically	60
unedifying	60
unedited	50
uneducated	35
unelected	60
unembarrassed	60
unemotional	50
unemotionally	60
unemphatic	60
unemployable	35
unemployed	35
unemployment	35
unenclosed	60
unencumbered	60
unending	40
unendurable	60
unenforceable	50
unenforced	60
unenlightened	35
unenterprising	60
unenthusiastic	60
unenviable	50
unequal	35
unequaled	35
unequally	40
unequipped	60
unequivocal	35
unequivocally	50
unerring	35
unerringly	50
unessential	60
unethical	35
unethically	60
uneven	35
unevenly	35
unevenness	50
uneventful	35
uneventfully	50
unexamined	60
unexampled	50
unexceptionable	50
unexceptionably	60
unexceptional	50
unexceptionally	60
unexcited	60
unexciting	50
unexcused	60
unexpected	35
unexpectedly	35
unexpectedness	60
unexpired	60
unexplainable	60
unexplained	35
unexploded	60
unexploited	60
unexplored	50
unexposed	60
unexpressed	60
unexpurgated	50
unfading	60
unfailing	35
unfailingly	50
unfair	35
unfairer	35
unfairest	35
unfairly	35
unfairness	40
unfaithful	35
unfaithfully	50
unfaithfulness	50
unfaltering	60
unfamiliar	35
unfamiliarity	50
unfashionable	40
unfashionably	60
unfasten	35
unfastened	35
unfastening	35
unfastens	35
unfathomable	50
unfathomably	60
unfavorable	35
unfavorably	50
unfazed	60
unfeasible	35
unfed	60
unfeeling	35
unfeelingly	50
unfeigned	50
unfeminine	60
unfertilized	60
unfetter	60
unfettered	50
unfettering	60
unfetters	60
unfilled	35
unfiltered	60
unfinished	35
unfit	35
unfitness	60
unfits	35
unfitted	35
unfitting	35
unfix	60
unfixable	60
unfixed	60
unfixes	60
unfixing	60
unflagging	50
unflaggingly	60
unflappability	60
unflappable	50
unflappably	60
unflattering	50
unflavored	60
unfledged	60
unflinching	50
unflinchingly	50
unfocused	60
unfold	35
unfolded	35
unfolding	35
unfolds	35
unforced	60
unforeseeable	50
unforeseen	35
unforgettable	35
unforgettably	50
unforgivable	35
unforgivably	60
unforgiving	50
unforgotten	60
unformed	50
unformulated	60
unfortified	60
unfortunate	35
unfortunately	35
unfortunates	35
unfounded	35
unframed	60
unfreeze	60
unfreezes	60
unfreezing	60
unfrequented	50
unfriend	50
unfriended	50
unfriending	50
unfriendlier	35
unfriendliest	35
unfriendliness	50
unfriendly	35
unfriends	50
unfrock	50
unfrocked	50
unfrocking	50
unfrocks	50
unfroze	60
unfrozen	60
unfruitful	60
unfulfilled	50
unfulfilling	60
unfunded	60
unfunny	35
unfurl	35
unfurled	35
unfurling	35
unfurls	35
unfurnished	50
unfussy	60
ungainlier	35
ungainliest	35
ungainliness	50
ungainly	35
ungenerous	60
ungentle	60
ungentlemanly	60
unglamorous	60
unglued	60
ungodlier	35
ungodliest	35
ungodliness	60
ungodly	35
ungovernable	50
ungoverned	60
ungraceful	60
ungracefully	60
ungracious	50
ungraciously	60
ungraded	60
ungrammatical	35
ungrammatically	60
ungrateful	35
ungratefully	40
ungratefulness	50
ungrudging	60
unguarded	50
unguent	50
unguents	50
unguided	60
ungulate	50
ungulates	50
unhallowed	60
unhampered	60
unhand	50
unhanded	50
unhandier	60
unhandiest	60
unhanding	50
unhands	50
unhandy	60
unhappier	35
unhappiest	35
unhappily	35
unhappiness	35
unhappy	35
unhardened	60
unharmed	50
unharness	60
unharnessed	60
unharnesses	60
unharnessing	60
unharvested	60
unhatched	60
unhealed	60
unhealthful	50
unhealthier	35
unhealthiest	35
unhealthily	60
unhealthiness	60
unhealthy	35
unheard	35
unheated	60
unheeded	50
unhelpful	35
unhelpfully	60
unheralded	60
unhesitating	60
unhesitatingly	60
unhindered	50
unhinge	50
unhinged	50
unhinges	50
unhinging	50
unhistorical	60
unhitch	50
unhitched	50
unhitches	50
unhitching	50
unholier	40
unholiest	40
unholiness	60
unholy	40
unhook	35
unhooked	35
unhooking	35
unhooks	35
unhorse	50
unhorsed	50
unhorses	50
unhorsing	50
unhurried	50
unhurriedly	60
unhurt	50
unhygienic	60
uni	60
unicameral	50
unicellular	60
unicorn	35
unicorns	35
unicycle	35
unicycles	50
unidentifiable	50
unidentified	35
unidiomatic	60
unidirectional	50
unification	35
unified	35
unifies	35
uniform	35
uniformed	35
uniforming	35
uniformity	35
uniformly	35
uniforms	35
unify	35
unifying	35
unilateral	35
unilateralism	60
unilaterally	35
unimaginable	50
unimaginably	60
unimaginative	35
unimaginatively	60
unimpaired	50
unimpeachable	50
unimpeded	60
unimplementable	50
unimplemented	50
unimportant	35
unimposing	60
unimpressed	35
unimpressive	60
unimproved	60
unincorporated	60
uninfected	60
uninfluenced	60
uninformative	35
uninformed	35
uninhabitable	40
uninhabited	50
uninhibited	35
uninhibitedly	60
uninitialized	50
uninitiated	35
uninjured	50
uninspired	35
uninspiring	35
uninstall	50
uninstallable	50
uninstalled	50
uninstaller	50
uninstallers	50
uninstalling	50
uninstalls	50
uninstructed	60
uninsured	40
unintelligent	35
unintelligible	35
unintelligibly	50
unintended	35
unintentional	35
unintentionally	35
uninterested	35
uninteresting	35
uninterpreted	50
uninterrupted	50
uninterruptedly	60
uninterruptible	60
unintuitive	60
uninvited	50
uninviting	50
uninvolved	60
union	35
unionism	60
unionist	60
unionists	60
unionization	50
unionize	35
unionized	35
unionizes	35
unionizing	35
unions	35
unique	35
uniquely	35
uniqueness	35
uniquer	35
uniquest	35
unis	60
unisex	40
unison	35
unit	35
unitary	50
unite	35
united	35
unitedly	60
unites	35
unities	35
uniting	35
unitize	60
unitized	60
unitizes	60
unitizing	60
units	35
unity	35
univalent	60
univalve	60
univalves	60
univariate	60
universal	35
universalism	60
universalist	60
universality	50
universalize	60
universalized	60
universalizes	60
universalizing	60
universally	35
universals	35
universe	35
universes	35
universities	35
university	35
univocal	60
unjust	35
unjustifiable	35
unjustifiably	60
unjustified	35
unjustly	35
unkempt	35
unkind	35
unkinder	35
unkindest	35
unkindlier	35
unkindliest	35
unkindly	35
unkindness	40
unknowable	50
unknowing	50
unknowingly	40
unknown	35
unknowns	35
unlabeled	35
unlace	50
unlaced	50
unlaces	50
unlacing	50
unladen	60
unladylike	60
unlatch	50
unlatched	50
unlatches	50
unlatching	50
unlawful	35
unlawfully	50
unlawfulness	60
unleaded	40
unlearn	50
unlearned	50
unlearning	50
unlearns	50
unleash	35
unleashed	35
unleashes	35
unleashing	35
unleavened	50
unless	35
unlettered	50
unlicensed	50
unlighted	60
unlikable	60
unlike	35
unlikelier	35
unlikeliest	35
unlikelihood	50
unlikeliness	60
unlikely	35
unlikeness	60
unlimber	60
unlimbered	60
unlimbering	60
unlimbers	60
unlimited	35
unlined	60
unlisted	40
unlit	60
unlivable	60
unload	35
unloaded	35
unloading	35
unloads	35
unlock	35
unlocked	35
unlocking	35
unlocks	35
unloose	50
unloosed	50
unloosen	60
unloosened	60
unloosening	60
unloosens	60
unlooses	50
unloosing	50
unlovable	60
unloved	50
unlovelier	60
unloveliest	60
unlovely	60
unloving	60
unluckier	35
unluckiest	35
unluckily	50
unluckiness	60
unlucky	35
unmade	50
unmaintainable	60
unmaintained	60
unmake	60
unmakes	60
unmaking	60
unman	50
unmanageable	50
unmanaged	60
unmanlier	50
unmanliest	50
unmanly	50
unmanned	35
unmannerly	50
unmanning	50
unmans	50
unmarked	35
unmarketable	60
unmarred	60
unmarried	35
unmask	35
unmasked	35
unmasking	35
unmasks	35
unmatched	50
unmeaning	60
unmeant	60
unmeasured	60
unmediated	60
unmemorable	50
unmentionable	50
unmentionables	50
unmentioned	60
unmerciful	50
unmercifully	50
unmerited	60
unmet	60
unmindful	50
unmissable	60
unmissed	50
unmistakable	35
unmistakably	35
unmitigated	35
unmixed	60
unmodified	35
unmolested	60
unmoored	60
unmoral	50
unmorality	60
unmotivated	60
unmounted	60
unmourned	60
unmovable	60
unmoved	35
unmoving	60
unmusical	60
unnameable	60
unnamed	35
unnatural	35
unnaturally	40
unnaturalness	60
unnecessarily	35
unnecessary	35
unneeded	50
unnerve	35
unnerved	35
unnerves	35
unnerving	35
unnervingly	60
unnoticeable	50
unnoticed	35
unnumbered	50
unobjectionable	60
unobservant	60
unobserved	50
unobstructed	50
unobtainable	35
unobtrusive	40
unobtrusively	50
unobtrusiveness	60
unoccupied	35
unoffensive	50
unofficial	35
unofficially	40
unopened	50
unopposed	50
unordered	60
unorganized	50
unoriginal	35
unorthodox	35
unpack	35
unpacked	35
unpacking	35
unpacks	35
unpaid	35
unpainted	50
unpaired	60
unpalatable	50
unparalleled	35
unpardonable	50
unpardonably	60
unpasteurized	60
unpatriotic	60
unpaved	50
unpeeled	60
unperceived	60
unperceptive	60
unperformed	60
unperson	60
unpersons	60
unpersuaded	60
unpersuasive	60
unperturbed	50
unpick	35
unpicked	60
unpicking	60
unpicks	60
unpin	50
unpinned	50
unpinning	50
unpins	50
unplaced	60
unplanned	50
unplayable	60
unpleasant	35
unpleasantly	35
unpleasantness	35
unpleasing	60
unplug	40
unplugged	40
unplugging	40
unplugs	40
unplumbed	50
unpolished	60
unpolitical	60
unpolluted	50
unpopular	35
unpopularity	35
unpopulated	60
unpractical	60
unpracticed	60
unprecedented	35
unprecedentedly	60
unpredictability	50
unpredictable	35
unpredictably	60
unprejudiced	50
unpremeditated	60
unprepared	35
unpreparedness	60
unprepossessing	60
unpressed	60
unpretentious	50
unpretentiously	60
unpreventable	50
unprincipled	35
unprintable	35
unprivileged	35
unproblematic	60
unprocessed	60
unproductive	40
unproductively	60
unprofessional	40
unprofessionally	60
unprofitable	40
unprofitably	60
unpromising	50
unprompted	50
unpronounceable	50
unpropitious	60
unprotected	35
unproved	50
unproven	35
unprovided	60
unprovoked	35
unpublished	35
unpunished	50
unqualified	35
unquenchable	50
unquestionable	35
unquestionably	35
unquestioned	40
unquestioning	50
unquestioningly	60
unquiet	60
unquieter	60
unquietest	60
unquote	50
unquoted	50
unquotes	50
unquoting	50
unranked	60
unrated	60
unravel	35
unraveled	35
unraveling	35
unravels	35
unreachable	50
unread	35
unreadable	35
unready	60
unreal	35
unrealistic	35
unrealistically	60
unreality	60
unrealized	50
unreasonable	35
unreasonableness	50
unreasonably	35
unreasoning	50
unrecognizable	50
unrecognizably	60
unrecognized	35
unreconstructed	50
unrecorded	50
unrecoverable	60
unreel	60
unreeled	60
unreeling	60
unreels	60
unrefined	50
unreformed	60
unrefrigerated	60
unregenerate	50
unregistered	60
unregulated	50
unrehearsed	60
unrelated	35
unreleased	50
unrelenting	35
unrelentingly	50
unreliability	35
unreliable	35
unreliably	60
unrelieved	50
unrelievedly	60
unremarkable	35
unremarked	60
unremembered	60
unremitting	50
unremittingly	60
unrepeatable	35
unrepentant	50
unreported	60
unrepresentative	35
unrepresented	60
unrequited	50
unreserved	40
unreservedly	35
unresistant	60
unresolved	35
unresponsive	40
unresponsively	60
unresponsiveness	60
unrest	35
unrestrained	40
unrestricted	35
unrevealed	60
unrevealing	60
unrewarded	60
unrewarding	60
unrighteous	60
unrighteousness	60
unripe	50
unripened	60
unriper	50
unripest	50
unrivaled	35
unroll	40
unrolled	40
unrolling	40
unrolls	40
unromantic	60
unruffled	35
unrulier	35
unruliest	35
unruliness	40
unruly	35
unsaddle	50
unsaddled	50
unsaddles	50
unsaddling	50
unsafe	35
unsafely	60
unsaid	35
unsalable	60
unsaleable	60
unsalted	60
unsalvageable	60
unsanctioned	60
unsanitary	35
unsatisfactorily	60
unsatisfactory	35
unsatisfied	35
unsatisfying	50
unsaturated	50
unsaved	60
unsavory	35
unsay	60
unsaying	60
unsays	60
unscathed	35
unscented	60
unscheduled	35
unschooled	50
unscientific	35
unscientifically	60
unscramble	50
unscrambled	50
unscrambles	50
unscrambling	50
unscratched	60
unscrew	35
unscrewed	35
unscrewing	35
unscrews	35
unscripted	60
unscrupulous	35
unscrupulously	50
unscrupulousness	50
unseal	50
unsealed	50
unsealing	50
unseals	50
unsearchable	60
unseasonable	35
unseasonably	50
unseasoned	50
unseat	35
unseated	35
unseating	35
unseats	35
unsecured	60
unseeded	60
unseeing	50
unseeingly	60
unseemlier	35
unseemliest	35
unseemliness	50
unseemly	35
unseen	35
unsegmented	60
unsegregated	60
unselfconscious	60
unselfish	50
unselfishly	50
unselfishness	50
unsent	50
unsentimental	60
unset	35
unsettle	50
unsettled	35
unsettles	50
unsettling	50
unsexy	60
unshackle	60
unshackled	60
unshackles	60
unshackling	60
unshakable	50
unshakably	60
unshaken	60
unshaped	60
unshapely	60
unshaved	60
unshaven	50
unsheathe	50
unsheathed	50
unsheathes	50
unsheathing	50
unshockable	60
unshod	60
unshorn	60
unsifted	60
unsightlier	35
unsightliest	35
unsightliness	50
unsightly	35
unsigned	35
unsinkable	60
unskilled	35
unskillful	50
unskillfully	60
unsmiling	50
unsnap	50
unsnapped	50
unsnapping	50
unsnaps	50
unsnarl	50
unsnarled	50
unsnarling	50
unsnarls	50
unsociable	50
unsocial	60
unsoiled	60
unsold	50
unsolicited	35
unsolvable	60
unsolved	35
unsophisticated	35
unsorted	60
unsought	60
unsound	35
unsounder	35
unsoundest	35
unsoundly	60
unsoundness	60
unsparing	50
unsparingly	60
unspeakable	35
unspeakably	50
unspecific	50
unspecified	35
unspectacular	60
unspent	60
unspoiled	50
unspoken	40
unsporting	60
unsportsmanlike	40
unstable	35
unstably	60
unstained	60
unstated	50
unsteadier	40
unsteadiest	40
unsteadily	50
unsteadiness	50
unsteady	40
unstinting	60
unstintingly	60
unstop	50
unstoppable	40
unstopped	50
unstopping	50
unstops	50
unstrap	60
unstrapped	60
unstrapping	60
unstraps	60
unstressed	50
unstructured	35
unstrung	50
unstuck	35
unstudied	50
unsubscribe	50
unsubscribed	50
unsubscribes	50
unsubscribing	50
unsubsidized	60
unsubstantial	50
unsubstantiated	35
unsubtle	50
unsuccessful	35
unsuccessfully	35
unsuitability	60
unsuitable	35
unsuitably	50
unsuited	35
unsullied	60
unsung	35
unsupervised	50
unsupportable	35
unsupported	35
unsupportive	60
unsure	35
unsurpassed	50
unsurprised	60
unsurprising	50
unsurprisingly	60
unsuspected	50
unsuspecting	35
unsuspectingly	60
unsustainable	60
unswayed	60
unsweetened	50
unswerving	50
unsymmetrical	60
unsympathetic	50
unsympathetically	60
unsynchronized	60
unsystematic	60
untactful	60
untainted	50
untalented	60
untamed	50
untangle	35
untangled	35
untangles	35
untangling	35
untanned	60
untapped	50
untarnished	60
untasted	60
untaught	50
untaxed	60
unteachable	60
untenable	35
untenanted	60
untended	60
untested	50
untethered	60
unthinkable	35
unthinkably	60
unthinking	40
unthinkingly	40
unthreatening	60
untidier	35
untidiest	35
untidily	60
untidiness	50
untidy	35
untie	35
untied	35
unties	35
until	35
untimelier	40
untimeliest	40
untimeliness	50
untimely	40
untiring	35
untiringly	50
untitled	50
unto	35
untold	35
untouchable	40
untouchables	40
untouched	35
untoward	40
untraceable	60
untrained	35
untrammeled	60
untranslatable	60
untranslated	60
untraveled	60
untreatable	60
untreated	50
untried	40
untrimmed	60
untrod	60
untroubled	50
untrue	35
untruer	35
untruest	35
untruly	60
untrustworthy	35
untruth	50
untruthful	40
untruthfully	50
untruthfulness	60
untruths	50
untucked	60
untutored	50
untwist	50
untwisted	50
untwisting	50
untwists	50
untying	35
untypical	60
untypically	60
unusable	35
unused	35
unusual	35
unusually	35
unutterable	50
unutterably	50
unvaccinated	60
unvaried	60
unvarnished	50
unvarying	60
unveil	35
unveiled	35
unveiling	35
unveils	35
unverifiable	60
unverified	60
unversed	60
unvoiced	50
unwaged	60
unwanted	35
unwarier	50
unwariest	50
unwarily	60
unwariness	50
unwarrantable	60
unwarranted	35
unwary	35
unwashed	35
unwatchable	60
unwavering	50
unwearable	60
unwearied	60
unwed	50
unweighted	60
unwelcome	35
unwelcoming	60
unwell	35
unwholesome	50
unwholesomeness	60
unwieldier	35
unwieldiest	35
unwieldiness	50
unwieldy	35
unwilling	35
unwillingly	50
unwillingness	35
unwind	35
unwinding	35
unwinds	35
unwinnable	60
unwise	35
unwisely	50
unwiser	35
unwisest	35
unwitting	40
unwittingly	35
unwonted	50
unworkable	35
unworldliness	60
unworldly	50
unworn	60
unworried	60
unworthier	50
unworthiest	50
unworthily	60
unworthiness	50
unworthy	35
unwound	35
unwoven	60
unwrap	35
unwrapped	35
unwrapping	35
unwraps	35
unwrinkled	60
unwritten	35
unyielding	40
unyoke	60
unyoked	60
unyokes	60
unyoking	60
unzip	40
unzipped	40
unzipping	40
unzips	40
up	35
upbeat	35
upbeats	35
upbraid	50
upbraided	50
upbraiding	50
upbraids	50
upbringing	35
upbringings	35
upchuck	40
upchucked	40
upchucking	40
upchucks	40
upcoming	40
upcountry	50
update	35
updated	35
updater	50
updates	35
updating	35
updo	60
updos	60
updraft	50
updrafts	50
upend	35
upended	35
upending	35
upends	35
upfront	40
upgradable	60
upgrade	35
upgraded	35
upgrades	35
upgrading	35
upheaval	35
upheavals	35
upheld	35
uphill	35
uphills	35
uphold	35
upholder	60
upholders	60
upholding	35
upholds	35
upholster	35
upholstered	35
upholsterer	35
upholsterers	35
upholstering	35
upholsters	35
upholstery	35
upkeep	35
upland	50
uplands	50
uplift	35
uplifted	35
uplifting	35
upliftings	40
uplifts	35
uplink	60
uplinks	60
upload	35
uploaded	60
uploading	60
uploads	60
upmarket	50
upmost	60
upon	35
upped	35
upper	35
uppercase	40
upperclassman	40
upperclassmen	40
upperclasswoman	60
upperclasswomen	60
uppercut	50
uppercuts	50
uppercutting	50
uppermost	35
uppers	35
upping	35
uppish	60
uppity	40
upraise	50
upraised	50
upraises	50
upraising	50
uprear	60
upreared	60
uprearing	60
uprears	60
upright	35
uprightly	60
uprightness	60
uprights	35
uprising	35
uprisings	35
upriver	60
uproar	35
uproarious	50
uproariously	50
uproars	35
uproot	35
uprooted	35
uprooting	35
uproots	35
ups	35
upscale	40
upset	35
upsets	35
upsetting	35
upshot	35
upshots	35
upside	35
upsides	50
upsilon	60
upsilons	60
upstage	40
upstaged	40
upstages	40
upstaging	40
upstairs	35
upstanding	35
upstart	35
upstarted	35
upstarting	35
upstarts	35
upstate	40
upstream	35
upstroke	60
upstrokes	60
upsurge	40
upsurged	40
upsurges	40
upsurging	40
upswing	40
upswings	40
uptake	35
uptakes	40
uptempo	60
upthrust	60
upthrusting	60
upthrusts	60
uptick	60
upticks	60
uptight	35
uptime	60
uptown	35
uptrend	60
upturn	35
upturned	35
upturning	35
upturns	35
upward	35
upwardly	35
upwards	35
upwind	60
uracil	60
uranium	35
urban	35
urbane	35
urbanely	60
urbaner	35
urbanest	35
urbanite	60
urbanites	60
urbanity	50
urbanization	50
urbanize	50
urbanized	50
urbanizes	50
urbanizing	50
urbanologist	60
urbanologists	60
urbanology	60
urchin	35
urchins	35
urea	50
uremia	60
uremic	60
ureter	60
ureters	60
urethane	60
urethra	50
urethrae	50
urethral	60
urge	35
urged	35
urgency	35
urgent	35
urgently	35
urges	35
urging	35
uric	50
urinal	50
urinals	50
urinalyses	50
urinalysis	50
urinary	50
urinate	35
urinated	35
urinates	35
urinating	35
urination	50
urine	35
urn	35
urns	35
urogenital	60
urological	60
urologist	50
urologists	50
urology	50
ursine	60
urticaria	60
us	35
usability	50
usable	35
usage	35
usages	35
use	35
used	35
useful	35
usefully	35
usefulness	35
useless	35
uselessly	35
uselessness	35
user	35
username	50
usernames	50
users	35
uses	35
usher	35
ushered	35
usherette	50
usherettes	50
ushering	35
ushers	35
using	35
usual	35
usually	35
usurer	50
usurers	50
usurious	50
usurp	35
usurpation	50
usurped	35
usurper	50
usurpers	50
usurping	35
usurps	35
usury	50
utensil	35
utensils	35
uteri	35
uterine	50
uterus	35
utilitarian	35
utilitarianism	35
utilitarians	50
utilities	35
utility	35
utilizable	60
utilization	35
utilize	35
utilized	35
utilizes	35
utilizing	35
utmost	35
utopia	40
utopias	40
utter	35
utterance	35
utterances	35
uttered	35
uttering	35
utterly	35
uttermost	50
utters	35
uveitis	60
uvula	50
uvular	50
uvulars	50
uvulas	50
uxorious	60
vac	60
vacancies	35
vacancy	35
vacant	35
vacantly	40
vacate	35
vacated	35
vacates	35
vacating	35
vacation	35
vacationed	35
vacationer	40
vacationers	40
vacationing	35
vacationist	60
vacationists	60
vacations	35
vaccinate	35
vaccinated	35
vaccinates	35
vaccinating	35
vaccination	35
vaccinations	35
vaccine	35
vaccines	35
vacillate	35
vacillated	35
vacillates	35
vacillating	35
vacillation	50
vacillations	50
vacs	60
vacuity	50
vacuole	60
vacuoles	60
vacuous	35
vacuously	50
vacuousness	60
vacuum	35
vacuumed	35
vacuuming	35
vacuums	35
vagabond	35
vagabondage	60
vagabonds	35
vagaries	35
vagarious	60
vagary	50
vagina	35
vaginae	35
vaginal	35
vaginally	60
vaginas	35
vaginitis	60
vagrancy	50
vagrant	35
vagrants	35
vague	35
vaguely	35
vagueness	35
vaguer	35
vaguest	35
vagus	60
vain	35
vainer	35
vainest	35
vainglorious	50
vaingloriously	60
vainglory	50
vainly	40
valance	50
valances	50
vale	50
valediction	60
valedictions	60
valedictorian	40
valedictorians	40
valedictories	50
valedictory	50
valence	50
valences	50
valencies	60
valency	60
valentine	35
valentines	35
vales	50
valet	35
valeted	35
valeting	35
valets	35
valetudinarian	60
valetudinarianism	60
valetudinarians	60
valiance	60
valiant	35
valiantly	40
valid	35
validate	35
validated	35
validates	35
validating	35
validation	35
validations	50
validity	35
validly	35
validness	50
valise	35
valises	35
valley	35
valleys	35
valor	35
valorous	50
valorously	60
valuable	35
valuables	35
valuate	60
valuated	60
valuates	60
valuating	60
valuation	50
valuations	50
value	35
valued	35
valueless	35
valuer	60
valuers	60
values	35
valuing	35
valve	35
valved	35
valveless	60
valves	35
valving	35
valvular	60
vamoose	50
vamoosed	50
vamooses	50
vamoosing	50
vamp	50
vamped	50
vamping	50
vampire	35
vampires	35
vampirism	60
vamps	50
van	35
vanadium	50
vandal	35
vandalism	35
vandalize	40
vandalized	35
vandalizes	40
vandalizing	40
vandals	35
vane	35
vanes	35
vanguard	35
vanguards	35
vanilla	35
vanillas	35
vanish	35
vanished	35
vanishes	35
vanishing	35
vanishings	40
vanities	35
vanity	35
vanned	35
vanning	35
vanquish	35
vanquished	35
vanquisher	60
vanquishers	60
vanquishes	35
vanquishing	35
vans	35
vantage	50
vantages	50
vape	50
vaped	50
vapes	50
vapid	50
vapidity	50
vapidly	60
vapidness	50
vaping	50
vapor	35
vaporization	50
vaporize	35
vaporized	35
vaporizer	50
vaporizers	50
vaporizes	35
vaporizing	35
vaporous	50
vapors	35
vapory	60
vaquero	60
vaqueros	60
variability	40
variable	35
variables	35
variably	50
variance	35
variances	40
variant	35
variants	35
variate	50
variation	35
variations	35
varicolored	50
varicose	50
varied	35
variegate	60
variegated	50
variegates	60
variegating	60
variegation	60
varies	35
varietal	60
varietals	60
varieties	35
variety	35
various	35
variously	35
varlet	50
varlets	50
varmint	50
varmints	50
varnish	35
varnished	35
varnishes	35
varnishing	35
varsities	35
varsity	35
vary	35
varying	35
vascular	50
vase	35
vasectomies	40
vasectomy	40
vases	35
vasoconstriction	60
vasomotor	60
vassal	50
vassalage	50
vassals	50
vast	35
vaster	35
vastest	35
vastly	35
vastness	35
vasts	35
vat	35
vats	35
vatted	35
vatting	35
vaudeville	50
vaudevillian	60
vaudevillians	60
vault	35
vaulted	35
vaulter	50
vaulters	50
vaulting	35
vaults	35
vaunt	50
vaunted	50
vaunting	50
vaunts	50
veal	35
vector	35
vectored	50
vectoring	50
vectors	35
veejay	60
veejays	60
veep	50
veeps	50
veer	35
veered	35
veering	35
veers	35
veg	60
vegan	40
veganism	60
vegans	40
vegeburger	60
vegeburgers	60
vegetable	35
vegetables	35
vegetarian	35
vegetarianism	35
vegetarians	35
vegetate	50
vegetated	50
vegetates	50
vegetating	50
vegetation	35
vegetative	50
vegged	60
vegges	60
veggie	40
veggieburger	60
veggieburgers	60
veggies	40
vegging	60
vehemence	50
vehemency	60
vehement	35
vehemently	35
vehicle	35
vehicles	35
vehicular	40
veil	35
veiled	35
veiling	35
veils	35
vein	35
veined	35
veining	35
veins	35
vela	60
velar	60
velars	60
veld	50
velds	50
vellum	50
velocipede	60
velocipedes	60
velociraptor	60
velociraptors	60
velocities	35
velocity	35
velodrome	60
velodromes	60
velour	35
velours	50
velum	60
velvet	35
velveteen	50
velvety	35
venal	50
venality	50
venally	50
venation	60
vend	50
vended	50
vendetta	40
vendettas	40
vendible	60
vending	50
vendor	35
vendors	35
vends	50
veneer	35
veneered	35
veneering	35
veneers	35
venerability	60
venerable	35
venerate	35
venerated	35
venerates	35
venerating	35
veneration	35
venereal	50
vengeance	35
vengeful	35
vengefully	50
venial	50
venireman	60
veniremen	60
venison	35
venom	35
venomous	35
venomously	50
venous	50
vent	35
vented	35
ventilate	35
ventilated	35
ventilates	35
ventilating	35
ventilation	35
ventilator	35
ventilators	35
ventilatory	60
venting	35
ventral	50
ventricle	35
ventricles	35
ventricular	50
ventriloquism	40
ventriloquist	35
ventriloquists	35
ventriloquy	60
vents	35
venture	35
ventured	35
ventures	35
venturesome	50
venturesomely	60
venturesomeness	60
venturing	35
venturous	50
venturously	60
venturousness	60
venue	35
venues	35
veracious	50
veraciously	60
veracity	35
veranda	35
verandas	35
verapamil	60
verb	35
verbal	35
verbalization	60
verbalize	50
verbalized	50
verbalizes	50
verbalizing	50
verbally	35
verbals	35
verbatim	35
verbena	50
verbenas	50
verbiage	35
verbose	35
verbosely	60
verbosity	35
verboten	60
verbs	35
verdant	50
verdantly	60
verdict	35
verdicts	35
verdigris	50
verdigrises	50
verdure	50
verge	35
verged	35
verger	60
vergers	60
verges	35
verging	35
verier	35
veriest	35
verifiable	50
verifiably	60
verification	35
verifications	35
verified	35
verifies	35
verify	35
verifying	35
verily	50
verisimilitude	50
veritable	35
veritably	50
verities	50
verity	50
vermicelli	50
vermiculite	60
vermiform	60
vermilion	50
vermin	35
verminous	50
vermouth	50
vernacular	35
vernaculars	35
vernal	50
vernier	60
verniers	60
veronica	60
verruca	60
verrucae	60
versa	60
versatile	35
versatility	35
verse	35
versed	35
verses	35
versification	50
versified	50
versifier	60
versifiers	60
versifies	50
versify	50
versifying	50
versing	35
version	35
versioned	60
versioning	60
versions	35
verso	60
versos	60
versus	35
vert	60
vertebra	35
vertebrae	35
vertebral	50
vertebrate	35
vertebrates	35
vertex	50
vertexes	35
vertical	35
vertically	35
verticals	35
vertices	35
vertiginous	50
vertigo	35
verve	35
very	35
vesicle	50
vesicles	50
vesicular	60
vesiculate	60
vesper	60
vespers	50
vessel	35
vessels	35
vest	35
vestal	60
vestals	60
vested	35
vestibule	35
vestibules	35
vestige	35
vestiges	35
vestigial	50
vestigially	60
vesting	35
vestment	35
vestments	35
vestries	50
vestry	50
vestryman	60
vestrymen	60
vests	35
vet	35
vetch	50
vetches	50
veteran	35
veterans	35
veterinarian	35
veterinarians	35
veterinaries	35
veterinary	35
veto	35
vetoed	35
vetoes	35
vetoing	35
vets	35
vetted	35
vetting	35
vex	35
vexation	35
vexations	35
vexatious	50
vexatiously	60
vexed	35
vexes	35
vexing	35
via	35
viability	35
viable	35
viably	60
viaduct	35
viaducts	35
vial	35
vials	35
viand	50
viands	50
vibe	60
vibes	40
vibraharp	60
vibraharps	60
vibrancy	50
vibrant	35
vibrantly	50
vibraphone	50
vibraphones	50
vibraphonist	60
vibraphonists	60
vibrate	35
vibrated	35
vibrates	35
vibrating	35
vibration	35
vibrations	35
vibrato	50
vibrator	50
vibrators	50
vibratory	60
vibratos	50
viburnum	50
viburnums	50
vicar	35
vicarage	50
vicarages	50
vicarious	35
vicariously	35
vicariousness	60
vicars	35
vice	35
viced	35
vicegerent	60
vicegerents	60
vicennial	60
viceregal	60
viceroy	50
viceroys	50
vices	35
vichyssoise	50
vicing	35
vicinities	35
vicinity	35
vicious	35
viciously	35
viciousness	50
vicissitude	60
vicissitudes	50
victim	35
victimhood	60
victimization	40
victimize	35
victimized	35
victimizes	35
victimizing	35
victimless	60
victims	35
victor	35
victories	35
victorious	35
victoriously	50
victors	35
victory	35
victual	50
victualed	50
victualing	50
victuals	50
vicuna	50
vicunas	50
videlicet	60
video	35
videocassette	40
videocassettes	40
videoconference	60
videoconferences	60
videoconferencing	60
videodisc	50
videodiscs	50
videoed	35
videographer	60
videographers	60
videography	60
videoing	35
videophone	60
videophones	60
videos	35
videotape	35
videotaped	35
videotapes	35
videotaping	35
vie	35
vied	35
vies	35
view	35
viewable	60
viewed	35
viewer	35
viewers	35
viewership	60
viewfinder	50
viewfinders	50
viewing	35
viewings	40
viewpoint	35
viewpoints	35
views	35
vigesimal	60
vigil	35
vigilance	35
vigilant	35
vigilante	35
vigilantes	35
vigilantism	50
vigilantist	60
vigilantly	50
vigils	35
vignette	50
vignetted	50
vignettes	50
vignetting	50
vignettist	60
vignettists	60
vigor	35
vigorous	35
vigorously	35
viking	60
vikings	60
vile	35
vilely	50
vileness	50
viler	35
vilest	35
vilification	50
vilified	35
vilifies	35
vilify	35
vilifying	35
villa	35
village	35
villager	35
villagers	35
villages	35
villain	35
villainess	60
villainies	35
villainous	35
villains	35
villainy	35
villas	35
villein	50
villeinage	60
villeins	50
villi	60
villus	60
vim	50
vinaigrette	50
vincible	60
vindaloo	60
vindicate	35
vindicated	35
vindicates	35
vindicating	35
vindication	40
vindications	40
vindicator	50
vindicators	50
vindictive	35
vindictively	50
vindictiveness	50
vine	35
vinegar	35
vinegary	50
vines	35
vineyard	35
vineyards	35
vino	60
vinous	60
vintage	35
vintages	35
vintner	50
vintners	50
vinyl	35
vinyls	35
viol	50
viola	35
violable	50
violas	35
violate	35
violated	35
violates	35
violating	35
violation	35
violations	35
violator	50
violators	50
violence	35
violent	35
violently	35
violet	35
violets	35
violin	35
violincello	60
violincellos	60
violinist	40
violinists	40
violins	35
violist	50
violists	50
violoncellist	60
violoncellists	60
violoncello	50
violoncellos	50
viols	50
viper	35
viperous	60
vipers	35
virago	50
viragoes	50
viral	35
vireo	50
vireos	50
virgin	35
virginal	50
virginals	50
virginity	35
virgins	35
virgule	50
virgules	50
virile	35
virility	35
virologist	60
virologists	60
virology	50
virtual	35
virtualization	60
virtually	35
virtue	35
virtues	35
virtuosity	50
virtuoso	35
virtuosos	35
virtuous	35
virtuously	35
virtuousness	50
virulence	50
virulent	35
virulently	50
virus	35
viruses	35
visa	35
visaed	35
visage	40
visages	40
visaing	35
visas	35
viscera	50
visceral	50
viscerally	60
viscid	50
viscose	60
viscosity	40
viscount	50
viscountcies	60
viscountcy	60
viscountess	50
viscountesses	50
viscounts	50
viscous	40
viscus	60
vise	35
vised	35
vises	35
visibility	35
visible	35
visibly	35
vising	35
vision	35
visionaries	35
visionary	35
visioned	35
visioning	35
visions	35
visit	35
visitant	60
visitants	60
visitation	35
visitations	35
visited	35
visiting	35
visitor	35
visitors	35
visits	35
visor	35
visors	35
vista	35
vistas	35
visual	35
visualization	50
visualizations	50
visualize	35
visualized	35
visualizer	60
visualizers	60
visualizes	35
visualizing	35
visually	35
visuals	35
vita	60
vitae	60
vital	35
vitality	35
vitalization	60
vitalize	50
vitalized	50
vitalizes	50
vitalizing	50
vitally	35
vitals	50
vitamin	35
vitamins	35
vitiate	50
vitiated	50
vitiates	50
vitiating	50
vitiation	50
viticulture	50
viticulturist	60
viticulturists	60
vitreous	50
vitrifaction	60
vitrification	60
vitrified	60
vitrifies	60
vitrify	60
vitrifying	60
vitrine	60
vitrines	60
vitriol	50
vitriolic	35
vitriolically	60
vittles	60
vituperate	50
vituperated	50
vituperates	50
vituperating	50
vituperation	50
vituperative	50
viva	50
vivace	50
vivacious	35
vivaciously	35
vivaciousness	50
vivacity	35
vivarium	60
vivariums	60
vivas	50
vivid	35
vivider	35
vividest	35
vividly	35
vividness	50
vivified	50
vivifies	50
vivify	50
vivifying	50
viviparous	50
vivisect	60
vivisected	60
vivisecting	60
vivisection	35
vivisectional	60
vivisectionist	60
vivisectionists	60
vivisects	60
vixen	50
vixenish	50
vixenishly	60
vixens	50
viz	60
vizier	50
viziers	50
vlog	60
vlogged	60
vlogger	60
vloggers	60
vlogging	60
vlogs	60
vocab	60
vocable	60
vocables	60
vocabularies	35
vocabulary	35
vocal	35
vocalic	50
vocalist	35
vocalists	35
vocalization	50
vocalizations	50
vocalize	50
vocalized	50
vocalizes	50
vocalizing	50
vocally	50
vocals	35
vocation	35
vocational	35
vocationally	60
vocations	35
vocative	50
vocatives	50
vociferate	50
vociferated	50
vociferates	50
vociferating	50
vociferation	50
vociferous	35
vociferously	35
vociferousness	60
vodka	35
vodkas	35
vogue	35
vogues	35
voguish	50
voice	35
voiced	35
voiceless	50
voicelessly	60
voicelessness	60
voicemail	40
voicemails	50
voices	35
voicing	35
void	35
voidable	60
voided	35
voiding	35
voids	35
voila	60
voile	50
volatile	35
volatility	40
volatilize	60
volatilized	60
volatilizes	60
volatilizing	60
volcanic	35
volcanism	60
volcano	35
volcanoes	35
vole	50
voles	50
volition	35
volitional	60
volley	35
volleyball	35
volleyballs	35
volleyed	35
volleying	35
volleys	35
volt	35
voltage	35
voltages	35
voltaic	50
voltmeter	50
voltmeters	50
volts	35
volubility	50
voluble	50
volubly	50
volume	35
volumes	35
volumetric	60
voluminous	35
voluminously	50
voluminousness	60
voluntaries	35
voluntarily	35
voluntarism	60
voluntary	35
volunteer	35
volunteered	35
volunteering	35
volunteerism	60
volunteers	35
voluptuaries	50
voluptuary	50
voluptuous	35
voluptuously	50
voluptuousness	50
volute	60
volutes	60
vomit	35
vomited	35
vomiting	35
vomits	35
voodoo	35
voodooed	35
voodooing	35
voodooism	50
voodoos	35
voracious	35
voraciously	50
voraciousness	60
voracity	40
vortex	35
vortexes	35
votaries	50
votary	50
vote	35
voted	35
voter	35
voters	35
votes	35
voting	35
votive	50
vouch	35
vouched	35
voucher	35
vouchers	35
vouches	35
vouching	35
vouchsafe	50
vouchsafed	50
vouchsafes	50
vouchsafing	50
vow	35
vowed	35
vowel	35
vowels	35
vowing	35
vows	35
voxel	60
voxels	60
voyage	35
voyaged	35
voyager	35
voyagers	35
voyages	35
voyageur	60
voyageurs	60
voyaging	35
voyeur	40
voyeurism	40
voyeuristic	50
voyeurs	40
vroom	60
vulcanization	50
vulcanize	50
vulcanized	50
vulcanizes	50
vulcanizing	50
vulgar	35
vulgarer	35
vulgarest	35
vulgarian	60
vulgarians	60
vulgarism	50
vulgarisms	50
vulgarities	35
vulgarity	35
vulgarization	50
vulgarize	50
vulgarized	50
vulgarizer	60
vulgarizers	60
vulgarizes	50
vulgarizing	50
vulgarly	50
vulnerabilities	35
vulnerability	35
vulnerable	35
vulnerably	50
vulpine	60
vulture	35
vultures	35
vulturous	60
vulva	50
vulvae	50
vuvuzela	50
vuvuzelas	50
vying	35
wack	50
wacker	50
wackest	50
wackier	40
wackiest	40
wackiness	50
wacko	60
wackos	60
wacks	50
wacky	40
wad	35
wadded	35
wadding	35
waddle	35
waddled	35
waddles	35
waddling	35
wade	35
waded	35
wader	50
waders	50
wades	35
wadge	60
wadges	60
wadi	50
wading	35
wadis	50
wads	35
wafer	35
wafers	35
waffle	35
waffled	35
waffler	60
wafflers	60
waffles	35
waffling	35
waft	35
wafted	35
wafting	35
wafts	35
wag	35
wage	35
waged	35
wager	35
wagered	35
wagerer	60
wagerers	60
wagering	35
wagers	35
wages	35
wagged	35
waggeries	60
waggery	60
wagging	35
waggish	50
waggishly	60
waggishness	60
waggle	50
waggled	50
waggles	50
waggling	50
waging	35
wagon	35
wagoner	50
wagoners	50
wagons	35
wags	35
wagtail	60
wagtails	60
waif	35
waifs	35
wail	35
wailed	35
wailer	60
wailers	60
wailing	35
wails	35
wain	60
wains	60
wainscot	50
wainscoted	50
wainscoting	50
wainscotings	50
wainscots	50
wainwright	60
wainwrights	60
waist	35
waistband	40
waistbands	40
waistcoat	50
waistcoats	50
waistline	35
waistlines	35
waists	35
wait	35
waited	35
waiter	35
waiters	35
waiting	35
waitperson	60
waitpersons	60
waitress	35
waitresses	35
waits	35
waitstaff	60
waive	35
waived	35
waiver	35
waivers	35
waives	35
waiving	35
wake	35
wakeboard	60
wakeboarding	60
wakeboards	60
waked	35
wakeful	50
wakefully	60
wakefulness	50
waken	35
wakened	35
wakening	35
wakens	35
wakes	35
waking	35
wale	50
waled	50
wales	50
waling	50
walk	35
walkable	60
walkabout	60
walkabouts	60
walkaway	60
walkaways	60
walked	35
walker	35
walkers	35
walkies	60
walking	35
walkout	35
walkouts	35
walkover	60
walkovers	60
walks	35
walkway	50
walkways	50
wall	35
wallabies	50
wallaby	50
wallah	60
wallahs	60
wallboard	50
walled	35
wallet	35
wallets	35
walleye	50
walleyed	50
walleyes	50
wallflower	50
wallflowers	50
wallies	60
walling	35
wallop	35
walloped	35
walloping	35
wallopings	50
wallops	35
wallow	35
wallowed	35
wallowing	35
wallows	35
wallpaper	35
wallpapered	35
wallpapering	35
wallpapers	35
walls	35
wally	60
walnut	35
walnuts	35
walrus	35
walruses	35
waltz	35
waltzed	35
waltzer	60
waltzers	60
waltzes	35
waltzing	35
wampum	50
wan	35
wand	35
wander	35
wandered	35
wanderer	35
wanderers	35
wandering	35
wanderings	60
wanderlust	50
wanderlusts	50
wanders	35
wands	35
wane	35
waned	35
wanes	35
wangle	50
wangled	50
wangler	60
wanglers	60
wangles	50
wangling	50
waning	35
wank	60
wanked	60
wanker	60
wankers	60
wanking	60
wanks	60
wanly	50
wanna	35
wannabe	40
wannabee	60
wannabees	60
wannabes	40
wanner	35
wanness	60
wannest	35
want	35
wanted	35
wanting	35
wanton	35
wantoned	35
wantoning	35
wantonly	50
wantonness	50
wantons	35
wants	35
wapiti	50
wapitis	50
war	35
warble	35
warbled	35
warbler	50
warblers	50
warbles	35
warbling	35
warbonnet	60
warbonnets	60
ward	35
warded	35
warden	35
wardens	35
warder	50
warders	50
warding	35
wardress	60
wardresses	60
wardrobe	35
wardrobes	35
wardroom	50
wardrooms	50
wards	35
ware	40
warehouse	35
warehoused	35
warehouses	35
warehousing	35
wares	40
warfare	35
warfarin	60
warhead	35
warheads	35
warhorse	50
warhorses	50
warier	35
wariest	35
warily	40
wariness	50
warlike	35
warlock	40
warlocks	40
warlord	40
warlords	40
warm	35
warmblooded	60
warmed	35
warmer	35
warmers	50
warmest	35
warmhearted	40
warmheartedly	60
warmheartedness	60
warming	35
warmish	60
warmly	35
warmness	60
warmonger	40
warmongering	40
warmongers	40
warms	35
warmth	35
warn	35
warned	35
warning	35
warnings	35
warns	35
warp	35
warpaint	60
warpath	35
warpaths	35
warped	35
warping	35
warplane	60
warplanes	60
warps	35
warrant	35
warranted	35
warrantied	35
warranties	35
warranting	35
warrantless	60
warrants	35
warranty	35
warrantying	35
warred	35
warren	35
warrens	35
warring	35
warrior	35
warriors	35
wars	35
warship	40
warships	40
wart	35
warthog	50
warthogs	50
wartier	50
wartiest	50
wartime	35
warts	35
warty	50
wary	35
was	35
wasabi	60
wash	35
washable	35
washables	35
washbasin	40
washbasins	40
washboard	50
washboards	50
washbowl	50
washbowls	50
washcloth	35
washcloths	35
washed	35
washer	35
washers	35
washerwoman	50
washerwomen	50
washes	35
washier	60
washiest	60
washing	35
washings	35
washout	35
washouts	35
washrag	60
washrags	60
washroom	35
washrooms	35
washstand	50
washstands	50
washtub	50
washtubs	50
washy	60
wasp	35
waspish	50
waspishly	60
waspishness	60
wasps	35
wassail	50
wassailed	50
wassailing	50
wassails	50
wastage	35
waste	35
wastebasket	35
wastebaskets	35
wasted	35
wasteful	35
wastefully	35
wastefulness	50
wasteland	35
wastelands	35
wastepaper	50
waster	50
wasters	50
wastes	35
wastewater	50
wasting	35
wastrel	50
wastrels	50
watch	35
watchable	60
watchband	50
watchbands	50
watchdog	35
watchdogs	35
watched	35
watcher	50
watchers	50
watches	35
watchful	35
watchfully	50
watchfulness	50
watching	35
watchmaker	40
watchmakers	40
watchmaking	60
watchman	35
watchmen	35
watchstrap	60
watchstraps	60
watchtower	50
watchtowers	50
watchword	35
watchwords	35
water	35
waterbed	40
waterbeds	40
waterbird	60
waterbirds	60
waterboard	50
waterboarded	50
waterboarding	50
waterboardings	50
waterboards	50
waterborne	60
watercolor	35
watercolors	35
watercourse	50
watercourses	50
watercraft	50
watercress	50
watered	35
waterfall	35
waterfalls	35
waterfowl	50
waterfowls	50
waterfront	35
waterfronts	35
waterhole	40
waterholes	40
waterier	35
wateriest	35
wateriness	60
watering	35
waterless	60
waterline	50
waterlines	50
waterlogged	35
watermark	35
watermarked	35
watermarking	35
watermarks	35
watermelon	35
watermelons	35
watermill	60
watermills	60
waterproof	35
waterproofed	35
waterproofing	35
waterproofs	35
waters	35
watershed	35
watersheds	35
waterside	50
watersides	50
waterskiing	40
waterspout	50
waterspouts	50
watertight	35
waterway	35
waterways	35
waterworks	35
watery	35
watt	35
wattage	50
wattle	50
wattled	50
wattles	50
wattling	50
watts	35
wave	35
waveband	60
wavebands	60
waved	35
waveform	35
waveforms	60
wavefront	60
wavefronts	60
wavelength	35
wavelengths	35
wavelet	50
wavelets	50
wavelike	60
waver	35
wavered	35
waverer	60
waverers	60
wavering	35
waveringly	60
wavers	35
waves	35
wavier	35
waviest	35
waviness	50
waving	35
wavy	35
wax	35
waxed	35
waxen	50
waxes	35
waxier	35
waxiest	35
waxiness	40
waxing	35
waxwing	50
waxwings	50
waxwork	50
waxworks	50
waxy	35
way	35
waybill	60
waybills	60
wayfarer	50
wayfarers	50
wayfaring	50
wayfarings	50
waylaid	35
waylay	35
waylayer	60
waylayers	60
waylaying	35
waylays	35
waypoint	60
waypoints	60
ways	35
wayside	35
waysides	35
wayward	35
waywardly	50
waywardness	50
wazoo	60
wazoos	60
we	35
weak	35
weaken	35
weakened	35
weakener	60
weakeners	60
weakening	35
weakens	35
weaker	35
weakest	35
weakfish	50
weakfishes	50
weakish	60
weakling	35
weaklings	35
weakly	35
weakness	35
weaknesses	35
weal	50
weals	50
wealth	35
wealthier	35
wealthiest	35
wealthiness	50
wealthy	35
wean	35
weaned	35
weaning	35
weans	35
weapon	35
weaponization	60
weaponize	60
weaponized	60
weaponizes	60
weaponizing	60
weaponless	50
weaponry	35
weapons	35
wear	35
wearable	50
wearer	50
wearers	50
wearied	35
wearier	35
wearies	35
weariest	35
wearily	35
weariness	35
wearing	35
wearisome	35
wearisomely	60
wears	35
weary	35
wearying	35
weasel	35
weaseled	35
weaseling	35
weaselly	60
weasels	35
weather	35
weatherboard	60
weatherboarding	60
weatherboards	60
weathercock	50
weathercocks	50
weathered	35
weathering	35
weatherization	60
weatherize	50
weatherized	50
weatherizes	50
weatherizing	50
weatherman	50
weathermen	50
weatherperson	60
weatherpersons	60
weatherproof	50
weatherproofed	50
weatherproofing	50
weatherproofs	50
weathers	35
weatherstrip	60
weatherstripped	60
weatherstripping	60
weatherstrips	60
weave	35
weaved	35
weaver	35
weavers	35
weaves	35
weaving	35
web	35
webbed	35
webbing	35
webcam	50
webcams	50
webcast	50
webcasting	50
webcasts	50
webfeet	60
webfoot	60
webinar	50
webinars	50
webisode	50
webisodes	50
weblog	60
weblogs	60
webmaster	50
webmasters	50
webmistress	50
webmistresses	50
webs	35
website	40
websites	40
wed	35
wedded	35
wedding	35
weddings	35
wedge	35
wedged	35
wedges	35
wedgie	60
wedgies	60
wedging	35
wedlock	35
weds	35
wee	35
weed	35
weeded	35
weeder	50
weeders	50
weedier	35
weediest	35
weeding	35
weedkiller	60
weedkillers	60
weedless	60
weeds	35
weedy	35
weeing	35
week	35
weekday	35
weekdays	35
weekend	35
weekended	35
weekender	60
weekenders	60
weekending	35
weekends	35
weeklies	35
weeklong	60
weekly	35
weeknight	40
weeknights	40
weeks	35
ween	60
weened	60
weenie	60
weenier	60
weenies	60
weeniest	60
weening	60
weens	60
weensier	60
weensiest	60
weensy	60
weeny	60
weep	35
weeper	50
weepers	50
weepie	60
weepier	50
weepies	50
weepiest	50
weeping	35
weeps	35
weepy	50
weer	35
wees	35
weest	35
weevil	50
weevils	50
weft	50
wefts	50
weigh	35
weighbridge	60
weighbridges	60
weighed	35
weighing	35
weighs	35
weight	35
weighted	35
weightier	35
weightiest	35
weightily	60
weightiness	50
weighting	35
weightings	60
weightless	40
weightlessly	60
weightlessness	40
weightlifter	40
weightlifters	40
weightlifting	40
weights	35
weighty	35
weir	50
weird	35
weirded	35
weirder	35
weirdest	35
weirdie	60
weirdies	60
weirding	35
weirdly	50
weirdness	35
weirdo	35
weirdos	35
weirds	35
weirs	50
welcome	35
welcomed	35
welcomes	35
welcoming	35
weld	35
weldable	60
welded	35
welder	35
welders	35
welding	35
welds	35
welfare	35
welkin	50
well	35
welled	35
wellhead	60
wellheads	60
wellie	60
wellies	60
welling	35
wellington	60
wellingtons	60
wellness	60
wells	35
wellspring	50
wellsprings	50
welly	60
welsh	40
welshed	40
welsher	60
welshers	60
welshes	40
welshing	40
welt	35
welted	35
welter	35
weltered	35
weltering	35
welters	35
welterweight	50
welterweights	50
welting	35
welts	35
wen	50
wench	50
wenches	50
wend	50
wended	50
wending	50
wends	50
wens	50
went	35
wept	35
were	35
werewolf	35
werewolves	35
west	35
westbound	40
westerlies	35
westerly	35
western	35
westerner	40
westerners	40
westernization	60
westernize	40
westernized	40
westernizes	40
westernizing	40
westernmost	50
westerns	35
westward	35
westwards	40
wet	35
wetback	40
wetbacks	40
wetland	50
wetlands	50
wetly	50
wetness	50
wets	35
wetsuit	40
wetsuits	40
wetter	35
wetters	60
wettest	35
wetting	35
whack	35
whacked	35
whacker	60
whackers	60
whacking	35
whackings	60
whacks	35
whale	35
whaleboat	60
whaleboats	60
whalebone	50
whaled	35
whaler	35
whalers	35
whales	35
whaling	35
wham	40
whammed	40
whammies	50
whamming	40
whammy	50
whams	40
wharf	35
wharves	35
what	35
whatchamacallit	40
whatchamacallits	40
whatever	35
whatnot	50
whatshername	60
whatshisname	60
whatsit	60
whatsits	60
whatsoever	35
wheal	50
wheals	50
wheat	35
wheaten	50
wheatgrass	60
wheatmeal	60
whee	60
wheedle	35
wheedled	35
wheedler	60
wheedlers	60
wheedles	35
wheedling	35
wheel	35
wheelbarrow	35
wheelbarrows	35
wheelbase	50
wheelbases	50
wheelchair	35
wheelchairs	35
wheeled	35
wheeler	50
wheelhouse	60
wheelhouses	60
wheelie	60
wheelies	60
wheeling	35
wheels	35
wheelwright	50
wheelwrights	50
wheeze	35
wheezed	35
wheezes	35
wheezier	50
wheeziest	50
wheezily	60
wheeziness	60
wheezing	35
wheezy	50
whelk	50
whelks	50
whelm	60
whelmed	60
whelming	60
whelms	60
whelp	50
whelped	50
whelping	50
whelps	50
when	35
whence	35
whenever	35
whens	35
whensoever	60
where	35
whereabouts	35
whereas	35
whereat	50
whereby	35
wherefore	50
wherefores	50
wherein	35
whereof	50
whereon	50
wheres	35
wheresoever	50
whereto	60
whereupon	35
wherever	35
wherewith	60
wherewithal	35
wherries	60
wherry	60
whet	35
whether	35
whets	35
whetstone	50
whetstones	50
whetted	35
whetting	35
whew	35
whey	50
which	35
whichever	35
whiff	35
whiffed	35
whiffing	35
whiffletree	60
whiffletrees	60
whiffs	35
while	35
whiled	35
whiles	35
whiling	35
whilom	60
whilst	35
whim	35
whimper	35
whimpered	35
whimpering	35
whimpers	35
whims	35
whimsical	35
whimsicality	50
whimsically	50
whimsies	50
whimsy	50
whine	35
whined	35
whiner	40
whiners	40
whines	35
whinge	60
whinged	60
whingeing	60
whinger	60
whingers	60
whinges	60
whinging	60
whinier	50
whiniest	50
whining	35
whinnied	35
whinnies	35
whinny	35
whinnying	35
whiny	50
whip	35
whipcord	50
whiplash	40
whiplashes	40
whipped	35
whipper	60
whippers	60
whippersnapper	50
whippersnappers	50
whippet	50
whippets	50
whipping	35
whippings	40
whippletree	60
whippletrees	60
whippoorwill	50
whippoorwills	50
whips	35
whipsaw	60
whipsawed	60
whipsawing	60
whipsaws	60
whir	35
whirl	35
whirled	35
whirligig	50
whirligigs	50
whirling	35
whirlpool	35
whirlpools	35
whirls	35
whirlwind	35
whirlwinds	35
whirlybird	60
whirlybirds	60
whirred	35
whirring	35
whirs	35
whisk	35
whisked	35
whisker	35
whiskered	50
whiskers	35
whiskery	60
whiskey	35
whiskeys	35
whisking	35
whisks	35
whisper	35
whispered	35
whisperer	60
whisperers	60
whispering	35
whispers	35
whist	50
whistle	35
whistled	35
whistler	50
whistlers	50
whistles	35
whistling	35
whit	50
white	35
whitebait	60
whiteboard	60
whiteboards	60
whitecap	50
whitecaps	50
whited	60
whitefish	50
whitefishes	50
whitehead	60
whiteheads	60
whitelist	60
whitelisted	60
whitelisting	60
whitelists	60
whiten	35
whitened	35
whitener	50
whiteners	50
whiteness	35
whitening	35
whitenings	60
whitens	35
whiteout	60
whiteouts	60
whiter	35
whites	35
whitest	35
whitetail	60
whitetails	60
whitewall	50
whitewalls	50
whitewash	35
whitewashed	35
whitewashes	35
whitewashing	35
whitewater	40
whitey	60
whiteys	60
whither	50
whiting	50
whitings	50
whitish	50
whits	50
whittle	35
whittled	35
whittler	50
whittlers	50
whittles	35
whittling	35
whiz	35
whizzbang	60
whizzbangs	60
whizzed	35
whizzes	35
whizzing	35
who	35
whoa	35
whodunit	40
whodunits	40
whoever	35
whole	35
wholefood	60
wholefoods	60
wholegrain	60
wholehearted	35
wholeheartedly	35
wholeheartedness	60
wholemeal	60
wholeness	50
wholes	35
wholesale	35
wholesaled	35
wholesaler	35
wholesalers	35
wholesales	35
wholesaling	35
wholesome	35
wholesomely	60
wholesomeness	50
wholewheat	40
wholly	35
whom	35
whomever	50
whomsoever	50
whoop	35
whooped	35
whoopee	60
whooper	60
whoopers	60
whoopie	60
whooping	35
whoops	35
whoosh	40
whooshed	40
whooshes	40
whooshing	40
whop	60
whopped	60
whopper	35
whoppers	35
whopping	50
whops	60
whore	35
whorehouse	50
whorehouses	50
whoreish	60
whores	35
whoring	60
whorish	60
whorl	50
whorled	50
whorls	50
whose	35
whosoever	50
whup	60
whupped	60
whupping	60
whups	60
why	35
whys	35
wick	35
wicked	35
wickeder	35
wickedest	35
wickedly	35
wickedness	35
wicker	35
wickers	35
wickerwork	50
wicket	35
wickets	35
wicks	35
wide	35
widely	35
widemouthed	60
widen	35
widened	35
widener	60
wideners	60
wideness	50
widening	35
widens	35
wider	35
widescreen	50
widescreens	50
widespread	35
widest	35
widget	60
widgets	60
widow	35
widowed	35
widower	35
widowers	35
widowhood	50
widowing	35
widows	35
width	35
widths	35
wield	35
wielded	35
wielder	60
wielders	60
wielding	35
wields	35
wiener	40
wieners	40
wienie	60
wienies	60
wife	35
wifeless	60
wifely	50
wig	35
wigeon	50
wigged	35
wigging	35
wiggle	35
wiggled	35
wiggler	50
wigglers	50
wiggles	35
wigglier	50
wiggliest	50
wiggling	35
wiggly	50
wight	50
wights	50
wiglet	60
wiglets	60
wigs	35
wigwag	50
wigwagged	50
wigwagging	50
wigwags	50
wigwam	35
wigwams	35
wiki	50
wikis	50
wild	35
wildcard	60
wildcards	60
wildcat	35
wildcats	35
wildcatted	35
wildcatter	60
wildcatters	60
wildcatting	35
wildebeest	50
wildebeests	50
wilder	35
wilderness	35
wildernesses	35
wildest	35
wildfire	35
wildfires	35
wildflower	50
wildflowers	50
wildfowl	50
wildland	60
wildlands	60
wildlife	35
wildly	35
wildness	35
wilds	35
wile	50
wiled	50
wiles	40
wilier	35
wiliest	35
wiliness	50
wiling	50
will	35
willed	35
willful	35
willfully	35
willfulness	50
willies	50
willing	35
willingly	35
willingness	35
williwaw	60
williwaws	60
willow	35
willows	35
willowy	40
willpower	35
wills	35
willy	60
wilt	35
wilted	35
wilting	35
wilts	35
wily	35
wimp	40
wimped	60
wimpier	40
wimpiest	40
wimping	60
wimpish	60
wimple	50
wimpled	50
wimples	50
wimpling	50
wimps	40
wimpy	40
win	35
wince	35
winced	35
winces	35
winch	35
winched	35
winches	35
winching	35
wincing	35
wind	35
windbag	50
windbags	50
windblown	60
windbreak	50
windbreaker	40
windbreakers	40
windbreaks	50
windburn	50
windburned	60
windcheater	60
windcheaters	60
windchill	60
winded	35
winder	60
winders	60
windfall	35
windfalls	35
windflower	60
windflowers	60
windier	35
windiest	35
windily	60
windiness	50
winding	35
windings	60
windjammer	50
windjammers	50
windlass	50
windlasses	50
windless	60
windmill	35
windmilled	35
windmilling	35
windmills	35
window	35
windowed	50
windowing	35
windowless	60
windowpane	35
windowpanes	35
windows	35
windowsill	40
windowsills	40
windpipe	35
windpipes	35
windproof	60
windrow	60
windrows	60
winds	35
windscreen	35
windscreens	60
windshield	35
windshields	35
windsock	50
windsocks	50
windstorm	50
windstorms	50
windsurf	40
windsurfed	40
windsurfer	60
windsurfers	60
windsurfing	40
windsurfs	40
windswept	40
windup	50
windups	50
windward	50
windy	35
wine	35
wined	35
wineglass	40
wineglasses	40
winegrower	60
winegrowers	60
winemaker	60
winemakers	60
winemaking	60
wineries	50
winery	50
wines	35
wing	35
wingding	60
wingdings	60
winged	35
winger	50
wingers	35
winging	35
wingless	50
winglike	60
wingman	60
wingmen	60
wingnut	50
wingnuts	50
wings	35
wingspan	40
wingspans	40
wingspread	50
wingspreads	50
wingtip	40
wingtips	40
winier	60
winiest	60
wining	35
wink	35
winked	35
winker	60
winkers	60
winking	35
winkle	60
winkled	60
winkles	60
winkling	60
winks	35
winless	60
winnable	60
winner	35
winners	35
winning	35
winningly	60
winnings	35
winnow	50
winnowed	50
winnower	60
winnowers	60
winnowing	50
winnows	50
wino	40
winos	40
wins	35
winsome	35
winsomely	50
winsomeness	60
winsomer	35
winsomest	35
winter	35
wintered	35
wintergreen	50
wintering	35
winterize	50
winterized	50
winterizes	50
winterizing	50
winters	35
wintertime	35
wintrier	35
wintriest	35
wintry	35
winy	60
wipe	35
wiped	35
wiper	35
wipers	35
wipes	35
wiping	35
wire	35
wired	35
wirehair	60
wirehairs	60
wireless	50
wirelesses	50
wirelessly	60
wires	35
wiretap	40
wiretapped	40
wiretapper	60
wiretappers	60
wiretapping	40
wiretaps	40
wirier	35
wiriest	35
wiriness	50
wiring	35
wiry	35
wisdom	35
wise	35
wiseacre	50
wiseacres	50
wiseass	60
wisecrack	35
wisecracked	35
wisecracking	35
wisecracks	35
wised	60
wiseguy	40
wiseguys	40
wisely	35
wiser	35
wises	35
wisest	35
wish	35
wishbone	35
wishbones	35
wished	35
wisher	50
wishers	50
wishes	35
wishful	35
wishfully	50
wishing	35
wising	60
wisp	35
wispier	35
wispiest	35
wisps	35
wispy	35
wisteria	50
wisterias	50
wistful	35
wistfully	35
wistfulness	50
wit	35
witch	35
witchcraft	35
witched	35
witchery	50
witches	35
witching	35
witchy	60
with	35
withal	50
withdraw	35
withdrawal	35
withdrawals	35
withdrawing	35
withdrawn	35
withdraws	35
withdrew	35
withe	60
withed	60
wither	35
withered	35
withering	35
witheringly	60
withers	35
withes	60
withheld	35
withhold	35
withholding	35
withholds	35
within	35
withing	60
without	35
withstand	35
withstanding	35
withstands	35
withstood	35
witless	35
witlessly	50
witlessness	60
witness	35
witnessed	35
witnesses	35
witnessing	35
wits	35
witted	60
witter	60
wittered	60
wittering	60
witters	60
witticism	35
witticisms	35
wittier	35
wittiest	35
wittily	50
wittiness	50
witting	60
wittingly	50
witty	35
wive	60
wived	60
wives	35
wiving	60
wiz	60
wizard	35
wizardry	50
wizards	35
wizened	35
woad	60
wobble	35
wobbled	35
wobbles	35
wobblier	35
wobbliest	35
wobbliness	60
wobbling	35
wobbly	35
wodge	60
wodges	60
woe	35
woebegone	40
woeful	50
woefuller	50
woefullest	50
woefully	50
woefulness	60
woes	35
wog	60
wogs	60
wok	35
woke	35
woken	35
woker	50
wokest	50
woks	35
wold	60
wolds	60
wolf	35
wolfed	35
wolfhound	50
wolfhounds	50
wolfing	35
wolfish	50
wolfram	50
wolfs	35
wolverine	50
wolverines	50
wolves	35
woman	35
womanhood	35
womanish	50
womanize	50
womanized	50
womanizer	50
womanizers	50
womanizes	50
womanizing	50
womankind	35
womanlier	50
womanliest	50
womanlike	50
womanliness	50
womanly	50
womb	35
wombat	35
wombats	35
wombs	35
women	35
womenfolk	50
womenfolks	50
won	35
wonder	35
wondered	35
wonderful	35
wonderfully	35
wonderfulness	60
wondering	35
wonderingly	60
wonderland	35
wonderlands	35
wonderment	50
wonders	35
wondrous	35
wondrously	50
wonk	60
wonkier	60
wonkiest	60
wonks	60
wonky	60
wont	35
wonted	50
wonton	60
wontons	60
woo	35
wood	35
woodbine	50
woodblock	60
woodblocks	60
woodcarver	60
woodcarvers	60
woodcarving	50
woodcarvings	50
woodchuck	35
woodchucks	35
woodcock	50
woodcocks	50
woodcraft	50
woodcut	50
woodcuts	50
woodcutter	50
woodcutters	50
woodcutting	50
wooded	35
wooden	35
woodener	35
woodenest	35
woodenly	50
woodenness	50
woodier	35
woodies	35
woodiest	35
woodiness	50
wooding	35
woodland	35
woodlands	35
woodlice	60
woodlot	60
woodlots	60
woodlouse	60
woodman	50
woodmen	50
woodpecker	35
woodpeckers	35
woodpile	50
woodpiles	50
woods	35
woodshed	50
woodsheds	50
woodshop	60
woodsier	50
woodsiest	50
woodsiness	60
woodsman	35
woodsmen	35
woodsy	50
woodwind	35
woodwinds	35
woodwork	35
woodworker	60
woodworkers	60
woodworking	50
woodworm	50
woodworms	60
woody	35
wooed	35
wooer	50
wooers	50
woof	35
woofed	35
woofer	50
woofers	50
woofing	35
woofs	35
wooing	35
wool	35
woolen	35
woolens	35
woolgathering	50
wooliness	60
woollier	35
woollies	35
woolliest	35
woolliness	50
woolly	35
wools	35
woos	35
woozier	40
wooziest	40
woozily	60
wooziness	50
woozy	40
wop	60
wops	60
word	35
wordage	60
wordbook	60
wordbooks	60
worded	35
wordier	35
wordiest	35
wordily	60
wordiness	50
wording	35
wordings	35
wordless	60
wordlessly	60
wordlist	60
wordlists	60
wordplay	50
words	35
wordsmith	60
wordsmiths	60
wordy	35
wore	35
work	35
workable	35
workaday	50
workaholic	40
workaholics	40
workaholism	60
workaround	60
workarounds	60
workbasket	60
workbaskets	60
workbench	35
workbenches	35
workbook	35
workbooks	35
workday	50
workdays	50
worked	35
worker	35
workers	35
workfare	40
workflow	50
workflows	50
workforce	35
workforces	40
workgroup	60
workgroups	60
workhorse	50
workhorses	50
workhouse	50
workhouses	50
working	35
workingman	50
workingmen	50
workings	35
workingwoman	60
workingwomen	60
workload	35
workloads	40
workman	35
workmanlike	40
workmanship	35
workmate	60
workmates	60
workmen	35
workout	35
workouts	35
workplace	35
workplaces	50
workroom	60
workrooms	60
works	35
worksheet	40
worksheets	40
workshop	35
workshops	35
workshy	60
worksite	60
worksites	60
workspace	60
workspaces	60
workstation	40
workstations	35
worktable	60
worktables	60
worktop	60
worktops	60
workup	60
workups	60
workweek	50
workweeks	50
world	35
worldlier	35
worldliest	35
worldliness	50
worldly	35
worlds	35
worldview	60
worldviews	60
worldwide	35
worm	35
wormed	35
wormhole	60
wormholes	35
wormier	50
wormiest	50
worming	35
wormlike	60
worms	35
wormwood	50
wormy	50
worn	35
worried	35
worriedly	60
worrier	50
worriers	50
worries	35
worriment	60
worrisome	35
worry	35
worrying	35
worryingly	60
worryings	40
worrywart	50
worrywarts	50
worse	35
worsen	35
worsened	35
worsening	35
worsens	35
worship	35
worshiped	35
worshiper	35
worshipers	35
worshipful	50
worshiping	35
worships	35
worst	35
worsted	35
worsting	35
worsts	35
wort	60
worth	35
worthier	35
worthies	35
worthiest	35
worthily	50
worthiness	50
worthless	35
worthlessly	60
worthlessness	50
worthwhile	35
worthy	35
wot	60
wotcha	60
would	35
wound	35
wounded	35
wounding	35
wounds	35
wove	35
woven	35
wow	35
wowed	35
wowing	35
wows	35
wrack	50
wracked	60
wracking	60
wracks	50
wraith	50
wraiths	50
wrangle	35
wrangled	35
wrangler	35
wranglers	35
wrangles	35
wrangling	35
wranglings	60
wrap	35
wraparound	50
wraparounds	50
wrapped	35
wrapper	35
wrappers	35
wrapping	35
wrappings	35
wraps	35
wrasse	60
wrasses	60
wrath	35
wrathful	50
wrathfully	50
wreak	35
wreaked	35
wreaking	35
wreaks	35
wreath	35
wreathe	35
wreathed	35
wreathes	35
wreathing	35
wreaths	35
wreck	35
wreckage	35
wrecked	35
wrecker	35
wreckers	50
wrecking	35
wrecks	35
wren	35
wrench	35
wrenched	35
wrenches	35
wrenching	35
wrens	35
wrest	35
wrested	35
wresting	35
wrestle	35
wrestled	35
wrestler	35
wrestlers	35
wrestles	35
wrestling	35
wrests	35
wretch	35
wretched	35
wretcheder	35
wretchedest	35
wretchedly	50
wretchedness	50
wretches	35
wriggle	35
wriggled	35
wriggler	50
wrigglers	50
wriggles	35
wriggling	35
wriggly	50
wright	35
wrights	60
wring	35
wringer	35
wringers	35
wringing	35
wrings	35
wrinkle	35
wrinkled	35
wrinkles	35
wrinklier	50
wrinklies	50
wrinkliest	50
wrinkling	35
wrinkly	50
wrist	35
wristband	50
wristbands	50
wrists	35
wristwatch	35
wristwatches	35
writ	35
writable	35
write	35
writer	35
writers	35
writes	35
writhe	35
writhed	35
writhes	35
writhing	35
writing	35
writings	35
writs	35
written	35
wrong	35
wrongdoer	35
wrongdoers	35
wrongdoing	35
wrongdoings	35
wronged	35
wronger	35
wrongest	35
wrongful	40
wrongfully	40
wrongfulness	50
wrongheaded	50
wrongheadedly	50
wrongheadedness	50
wronging	35
wrongly	35
wrongness	50
wrongs	35
wrote	35
wroth	50
wrought	35
wrung	35
wry	35
wryer	35
wryest	35
wryly	40
wryness	50
wunderkind	60
wunderkinds	60
wurst	60
wursts	60
wuss	50
wusses	50
wussier	60
wussies	60
wussiest	60
wussy	60
xenon	50
xenophobe	60
xenophobes	60
xenophobia	35
xenophobic	40
xerographic	50
xerography	50
xerox	60
xeroxed	60
xeroxes	60
xeroxing	60
xi	60
xis	60
xylem	50
xylene	60
xylophone	35
xylophones	35
xylophonist	50
xylophonists	50
ya	60
yacht	35
yachted	35
yachting	35
yachts	35
yachtsman	50
yachtsmen	50
yachtswoman	60
yachtswomen	60
yada	60
yahoo	50
yahoos	50
yak	35
yakked	35
yakking	35
yaks	35
yakuza	60
yam	35
yammer	50
yammered	50
yammerer	60
yammerers	60
yammering	50
yammers	50
yams	35
yang	60
yank	35
yanked	35
yanking	35
yanks	35
yap	35
yapped	35
yapping	35
yaps	35
yard	35
yardage	50
yardages	50
yardarm	50
yardarms	50
yardman	60
yardmaster	60
yardmasters	60
yardmen	60
yards	35
yardstick	35
yardsticks	35
yarmulke	40
yarmulkes	40
yarn	35
yarns	35
yarrow	60
yashmak	60
yashmaks	60
yaw	50
yawed	50
yawing	50
yawl	50
yawls	50
yawn	35
yawned	35
yawner	60
yawners	60
yawning	35
yawns	35
yaws	50
ye	50
yea	50
yeah	40
yeahs	40
year	35
yearbook	40
yearbooks	40
yearlies	35
yearling	35
yearlings	35
yearlong	60
yearly	35
yearn	35
yearned	35
yearning	35
yearnings	35
yearns	35
years	35
yeas	50
yeast	35
yeastier	50
yeastiest	50
yeasts	35
yeasty	50
yegg	60
yeggs	60
yell	35
yelled	35
yelling	35
yellow	35
yellowed	35
yellower	35
yellowest	35
yellowfin	60
yellowhammer	60
yellowhammers	60
yellowing	35
yellowish	40
yellowness	60
yellows	35
yellowy	60
yells	35
yelp	35
yelped	35
yelping	35
yelps	35
yen	35
yens	35
yeoman	50
yeomanry	60
yeomen	50
yep	40
yeps	40
yer	60
yes	35
yeses	35
yeshiva	50
yeshivas	50
yessed	35
yessing	35
yesterday	35
yesterdays	35
yesteryear	50
yet	35
yeti	35
yetis	60
yew	35
yews	35
yid	60
yids	60
yield	35
yielded	35
yielding	35
yields	35
yikes	60
yin	60
yip	50
yipe	60
yipped	50
yippee	40
yipping	50
yips	50
yo	40
yob	60
yobbo	60
yobbos	60
yobs	60
yodel	35
yodeled	35
yodeler	50
yodelers	50
yodeling	35
yodels	35
yoga	35
yogi	50
yogic	60
yogis	50
yogurt	35
yogurts	35
yoke	35
yoked	35
yokel	35
yokels	35
yokes	35
yoking	35
yolk	35
yolked	60
yolks	35
yon	50
yonder	35
yonks	60
yore	50
you	35
young	35
younger	35
youngest	35
youngish	50
youngster	35
youngsters	35
your	35
yours	35
yourself	35
yourselves	35
youth	35
youthful	35
youthfully	50
youthfulness	50
youths	35
yow	60
yowl	35
yowled	35
yowling	35
yowls	35
ytterbium	60
yttrium	50
yuan	60
yucca	50
yuccas	50
yuck	40
yuckier	40
yuckiest	40
yucky	40
yuk	35
yukked	40
yukking	40
yukky	60
yuks	40
yule	50
yuletide	50
yum	40
yummier	40
yummiest	40
yummy	40
yup	50
yuppie	40
yuppies	40
yuppified	60
yuppifies	60
yuppify	60
yuppifying	60
yups	50
yurt	60
yurts	60
zanier	35
zanies	35
zaniest	35
zaniness	50
zany	35
zap	40
zapped	40
zapper	50
zappers	50
zapping	40
zappy	60
zaps	40
zeal	35
zealot	50
zealotry	60
zealots	50
zealous	35
zealously	40
zealousness	50
zebra	35
zebras	35
zebu	50
zebus	50
zed	50
zeds	50
zeitgeist	60
zeitgeists	60
zenith	35
zeniths	35
zeolite	60
zeolites	60
zephyr	50
zephyrs	50
zeppelin	50
zeppelins	50
zero	35
zeroed	35
zeroing	35
zeros	35
zest	35
zestful	50
zestfully	50
zestfulness	60
zestier	60
zestiest	60
zests	35
zesty	60
zeta	35
zetas	60
ziggurat	60
ziggurats	60
zigzag	35
zigzagged	35
zigzagging	35
zigzags	35
zilch	50
zillion	35
zillions	35
zinc	35
zincked	35
zincking	35
zincs	35
zine	60
zines	60
zinfandel	60
zing	50
zinged	50
zinger	50
zingers	50
zingier	60
zingiest	60
zinging	50
zings	50
zingy	60
zinnia	50
zinnias	50
zip	35
ziplock	60
zipped	35
zipper	35
zippered	35
zippering	35
zippers	35
zippier	50
zippiest	50
zipping	35
zippy	50
zips	35
zircon	50
zirconium	50
zircons	50
zit	40
zither	50
zithers	50
ziti	60
zits	40
zloty	60
zlotys	60
zodiac	35
zodiacal	50
zodiacs	35
zombie	35
zombielike	60
zombies	35
zonal	50
zonally	60
zone	35
zoned	35
zones	35
zoning	35
zonked	50
zoo	35
zookeeper	60
zookeepers	60
zoological	35
zoologically	60
zoologist	35
zoologists	35
zoology	35
zoom	35
zoomed	35
zooming	35
zooms	35
zoophyte	60
zoophytes	60
zoophytic	60
zooplankton	60
zoos	35
zoster	60
zounds	60
zucchini	35
zucchinis	35
zwieback	50
zydeco	60
zygote	50
zygotes	50
zygotic	60
zymurgy	60
